
> corbu-ai@0.1.0 start
> BROWSER=none PORT=3000 react-scripts start

(node:49203) [DEP_WEBPACK_DEV_SERVER_ON_AFTER_SETUP_MIDDLEWARE] DeprecationWarning: 'onAfterSetupMiddleware' option is deprecated. Please use the 'setupMiddlewares' option.
(Use `node --trace-deprecation ...` to show where the warning was created)
(node:49203) [DEP_WEBPACK_DEV_SERVER_ON_BEFORE_SETUP_MIDDLEWARE] DeprecationWarning: 'onBeforeSetupMiddleware' option is deprecated. Please use the 'setupMiddlewares' option.
Starting the development server...

Compiled successfully!

You can now view corbu-ai in the browser.

  Local:            http://localhost:3000
  On Your Network:  http://192.168.0.30:3000

Note that the development build is not optimized.
To create a production build, use npm run build.

webpack compiled successfully
Files successfully emitted, waiting for typecheck results...
Issues checking in progress...
ERROR in src/components/AnalyticsDashboard.tsx:42:16
TS7009: 'new' expression, whose target lacks a construct signature, implicitly has an 'any' type.
    40 |     } catch {
    41 |         // 최후의 수단
  > 42 |         return new Error(String(err));
       |                ^^^^^^^^^^^^^^^^^^^^^^
    43 |     }
    44 | };
    45 |

ERROR in src/components/AnalyticsDashboard.tsx:42:26
TS2769: No overload matches this call.
  Overload 1 of 2, '(props: { component: ElementType<any, keyof IntrinsicElements>; } & SvgIconOwnProps & CommonProps & Omit<any, "className" | ... 10 more ... | "viewBox">): Element | null', gave the following error.
    Argument of type 'string' is not assignable to parameter of type '{ component: ElementType<any, keyof IntrinsicElements>; } & SvgIconOwnProps & CommonProps & Omit<any, "className" | ... 10 more ... | "viewBox">'.
      Type 'string' is not assignable to type '{ component: ElementType<any, keyof IntrinsicElements>; }'.
  Overload 2 of 2, '(props: DefaultComponentProps<SvgIconTypeMap<{}, "svg">>): Element | null', gave the following error.
    Type 'string' has no properties in common with type 'DefaultComponentProps<SvgIconTypeMap<{}, "svg">>'.
    40 |     } catch {
    41 |         // 최후의 수단
  > 42 |         return new Error(String(err));
       |                          ^^^^^^^^^^^
    43 |     }
    44 | };
    45 |

ERROR in src/components/PWAInstallPrompt.tsx:299:24
TS2322: Type '{ children: Element[]; component: string; sx: { border: "none"; p: number; }; "aria-label": string; }' is not assignable to type 'IntrinsicAttributes & DialogActionsProps'.
  Property 'component' does not exist on type 'IntrinsicAttributes & DialogActionsProps'.
    297 |           </Alert>
    298 |         </DialogContent>
  > 299 |         <DialogActions component="fieldset" sx={{ border: 'none', p: 0 }} aria-label="업데이트 액션">
        |                        ^^^^^^^^^
    300 |           <Button 
    301 |             onClick={() => setShowUpdateDialog(false)}
    302 |             aria-label="업데이트 다이얼로그 닫기"

ERROR in src/components/RealEstate/ApartmentCommunityAnalysisDashboard.tsx:224:21
TS2769: No overload matches this call.
  Overload 1 of 2, '(props: { component: ElementType<any, keyof IntrinsicElements>; } & GridBaseProps & { sx?: SxProps<Theme> | undefined; } & SystemProps<...> & Omit<...>): Element | null', gave the following error.
    Property 'component' is missing in type '{ children: Element; item: true; xs: number; sm: number; md: number; }' but required in type '{ component: ElementType<any, keyof IntrinsicElements>; }'.
  Overload 2 of 2, '(props: DefaultComponentProps<GridTypeMap<{}, "div">>): Element | null', gave the following error.
    Type '{ children: Element; item: true; xs: number; sm: number; md: number; }' is not assignable to type 'IntrinsicAttributes & GridBaseProps & { sx?: SxProps<Theme> | undefined; } & SystemProps<Theme> & Omit<...>'.
      Property 'item' does not exist on type 'IntrinsicAttributes & GridBaseProps & { sx?: SxProps<Theme> | undefined; } & SystemProps<Theme> & Omit<...>'.
    222 |             {analytics && (
    223 |                 <Grid container spacing={3} sx={{ mb: 3 }}>
  > 224 |                     <Grid item xs={12} sm={6} md={3}>
        |                     ^^^^^^^^^^^^^^^^^^^^^^^^^^^^^^^^^
    225 |                         <Card>
    226 |                             <CardContent>
    227 |                                 <Typography color="textSecondary" gutterBottom>

ERROR in src/components/RealEstate/ApartmentCommunityAnalysisDashboard.tsx:237:21
TS2769: No overload matches this call.
  Overload 1 of 2, '(props: { component: ElementType<any, keyof IntrinsicElements>; } & GridBaseProps & { sx?: SxProps<Theme> | undefined; } & SystemProps<...> & Omit<...>): Element | null', gave the following error.
    Property 'component' is missing in type '{ children: Element; item: true; xs: number; sm: number; md: number; }' but required in type '{ component: ElementType<any, keyof IntrinsicElements>; }'.
  Overload 2 of 2, '(props: DefaultComponentProps<GridTypeMap<{}, "div">>): Element | null', gave the following error.
    Type '{ children: Element; item: true; xs: number; sm: number; md: number; }' is not assignable to type 'IntrinsicAttributes & GridBaseProps & { sx?: SxProps<Theme> | undefined; } & SystemProps<Theme> & Omit<...>'.
      Property 'item' does not exist on type 'IntrinsicAttributes & GridBaseProps & { sx?: SxProps<Theme> | undefined; } & SystemProps<Theme> & Omit<...>'.
    235 |                         </Card>
    236 |                     </Grid>
  > 237 |                     <Grid item xs={12} sm={6} md={3}>
        |                     ^^^^^^^^^^^^^^^^^^^^^^^^^^^^^^^^^
    238 |                         <Card>
    239 |                             <CardContent>
    240 |                                 <Typography color="textSecondary" gutterBottom>

ERROR in src/components/RealEstate/ApartmentCommunityAnalysisDashboard.tsx:247:21
TS2769: No overload matches this call.
  Overload 1 of 2, '(props: { component: ElementType<any, keyof IntrinsicElements>; } & GridBaseProps & { sx?: SxProps<Theme> | undefined; } & SystemProps<...> & Omit<...>): Element | null', gave the following error.
    Property 'component' is missing in type '{ children: Element; item: true; xs: number; sm: number; md: number; }' but required in type '{ component: ElementType<any, keyof IntrinsicElements>; }'.
  Overload 2 of 2, '(props: DefaultComponentProps<GridTypeMap<{}, "div">>): Element | null', gave the following error.
    Type '{ children: Element; item: true; xs: number; sm: number; md: number; }' is not assignable to type 'IntrinsicAttributes & GridBaseProps & { sx?: SxProps<Theme> | undefined; } & SystemProps<Theme> & Omit<...>'.
      Property 'item' does not exist on type 'IntrinsicAttributes & GridBaseProps & { sx?: SxProps<Theme> | undefined; } & SystemProps<Theme> & Omit<...>'.
    245 |                         </Card>
    246 |                     </Grid>
  > 247 |                     <Grid item xs={12} sm={6} md={3}>
        |                     ^^^^^^^^^^^^^^^^^^^^^^^^^^^^^^^^^
    248 |                         <Card>
    249 |                             <CardContent>
    250 |                                 <Typography color="textSecondary" gutterBottom>

ERROR in src/components/RealEstate/ApartmentCommunityAnalysisDashboard.tsx:259:21
TS2769: No overload matches this call.
  Overload 1 of 2, '(props: { component: ElementType<any, keyof IntrinsicElements>; } & GridBaseProps & { sx?: SxProps<Theme> | undefined; } & SystemProps<...> & Omit<...>): Element | null', gave the following error.
    Property 'component' is missing in type '{ children: Element; item: true; xs: number; sm: number; md: number; }' but required in type '{ component: ElementType<any, keyof IntrinsicElements>; }'.
  Overload 2 of 2, '(props: DefaultComponentProps<GridTypeMap<{}, "div">>): Element | null', gave the following error.
    Type '{ children: Element; item: true; xs: number; sm: number; md: number; }' is not assignable to type 'IntrinsicAttributes & GridBaseProps & { sx?: SxProps<Theme> | undefined; } & SystemProps<Theme> & Omit<...>'.
      Property 'item' does not exist on type 'IntrinsicAttributes & GridBaseProps & { sx?: SxProps<Theme> | undefined; } & SystemProps<Theme> & Omit<...>'.
    257 |                         </Card>
    258 |                     </Grid>
  > 259 |                     <Grid item xs={12} sm={6} md={3}>
        |                     ^^^^^^^^^^^^^^^^^^^^^^^^^^^^^^^^^
    260 |                         <Card>
    261 |                             <CardContent>
    262 |                                 <Typography color="textSecondary" gutterBottom>

ERROR in src/components/RealEstate/ApartmentCommunityAnalysisDashboard.tsx:473:25
TS2769: No overload matches this call.
  Overload 1 of 2, '(props: { component: ElementType<any, keyof IntrinsicElements>; } & GridBaseProps & { sx?: SxProps<Theme> | undefined; } & SystemProps<...> & Omit<...>): Element | null', gave the following error.
    Property 'component' is missing in type '{ children: Element; item: true; xs: number; md: number; }' but required in type '{ component: ElementType<any, keyof IntrinsicElements>; }'.
  Overload 2 of 2, '(props: DefaultComponentProps<GridTypeMap<{}, "div">>): Element | null', gave the following error.
    Type '{ children: Element; item: true; xs: number; md: number; }' is not assignable to type 'IntrinsicAttributes & GridBaseProps & { sx?: SxProps<Theme> | undefined; } & SystemProps<Theme> & Omit<...>'.
      Property 'item' does not exist on type 'IntrinsicAttributes & GridBaseProps & { sx?: SxProps<Theme> | undefined; } & SystemProps<Theme> & Omit<...>'.
    471 |                 {analytics ? (
    472 |                     <Grid container spacing={3}>
  > 473 |                         <Grid item xs={12} md={6}>
        |                         ^^^^^^^^^^^^^^^^^^^^^^^^^^
    474 |                             <Card>
    475 |                                 <CardContent>
    476 |                                     <Typography variant="h6" gutterBottom>

ERROR in src/components/RealEstate/ApartmentCommunityAnalysisDashboard.tsx:505:25
TS2769: No overload matches this call.
  Overload 1 of 2, '(props: { component: ElementType<any, keyof IntrinsicElements>; } & GridBaseProps & { sx?: SxProps<Theme> | undefined; } & SystemProps<...> & Omit<...>): Element | null', gave the following error.
    Property 'component' is missing in type '{ children: Element; item: true; xs: number; md: number; }' but required in type '{ component: ElementType<any, keyof IntrinsicElements>; }'.
  Overload 2 of 2, '(props: DefaultComponentProps<GridTypeMap<{}, "div">>): Element | null', gave the following error.
    Type '{ children: Element; item: true; xs: number; md: number; }' is not assignable to type 'IntrinsicAttributes & GridBaseProps & { sx?: SxProps<Theme> | undefined; } & SystemProps<Theme> & Omit<...>'.
      Property 'item' does not exist on type 'IntrinsicAttributes & GridBaseProps & { sx?: SxProps<Theme> | undefined; } & SystemProps<Theme> & Omit<...>'.
    503 |                             </Card>
    504 |                         </Grid>
  > 505 |                         <Grid item xs={12} md={6}>
        |                         ^^^^^^^^^^^^^^^^^^^^^^^^^^
    506 |                             <Card>
    507 |                                 <CardContent>
    508 |                                     <Typography variant="h6" gutterBottom>

ERROR in src/components/RealEstate/ApartmentCommunityAnalysisDashboard.tsx:524:25
TS2769: No overload matches this call.
  Overload 1 of 2, '(props: { component: ElementType<any, keyof IntrinsicElements>; } & GridBaseProps & { sx?: SxProps<Theme> | undefined; } & SystemProps<...> & Omit<...>): Element | null', gave the following error.
    Property 'component' is missing in type '{ children: Element; item: true; xs: number; }' but required in type '{ component: ElementType<any, keyof IntrinsicElements>; }'.
  Overload 2 of 2, '(props: DefaultComponentProps<GridTypeMap<{}, "div">>): Element | null', gave the following error.
    Type '{ children: Element; item: true; xs: number; }' is not assignable to type 'IntrinsicAttributes & GridBaseProps & { sx?: SxProps<Theme> | undefined; } & SystemProps<Theme> & Omit<...>'.
      Property 'item' does not exist on type 'IntrinsicAttributes & GridBaseProps & { sx?: SxProps<Theme> | undefined; } & SystemProps<Theme> & Omit<...>'.
    522 |                             </Card>
    523 |                         </Grid>
  > 524 |                         <Grid item xs={12}>
        |                         ^^^^^^^^^^^^^^^^^^^
    525 |                             <Card>
    526 |                                 <CardContent>
    527 |                                     <Typography variant="h6" gutterBottom>

ERROR in src/components/RealEstate/ConstructionCompanyDashboard.tsx:327:25
TS2769: No overload matches this call.
  Overload 1 of 2, '(props: { component: ElementType<any, keyof IntrinsicElements>; } & GridBaseProps & { sx?: SxProps<Theme> | undefined; } & SystemProps<...> & Omit<...>): Element | null', gave the following error.
    Property 'component' is missing in type '{ children: Element; item: true; xs: number; md: number; key: string; }' but required in type '{ component: ElementType<any, keyof IntrinsicElements>; }'.
  Overload 2 of 2, '(props: DefaultComponentProps<GridTypeMap<{}, "div">>): Element | null', gave the following error.
    Type '{ children: Element; item: true; xs: number; md: number; key: string; }' is not assignable to type 'IntrinsicAttributes & GridBaseProps & { sx?: SxProps<Theme> | undefined; } & SystemProps<Theme> & Omit<...>'.
      Property 'item' does not exist on type 'IntrinsicAttributes & GridBaseProps & { sx?: SxProps<Theme> | undefined; } & SystemProps<Theme> & Omit<...>'.
    325 |                 <Grid container spacing={3}>
    326 |                     {companies.map((company) => (
  > 327 |                         <Grid item xs={12} md={6} key={company.id}>
        |                         ^^^^^^^^^^^^^^^^^^^^^^^^^^^^^^^^^^^^^^^^^^^
    328 |                             <Card>
    329 |                                 <CardContent>
    330 |                                     <Box sx={{ display: 'flex', justifyContent: 'space-between', mb: 2 }}>

ERROR in src/components/RealEstate/ConstructionCompanyDashboard.tsx:348:41
TS2769: No overload matches this call.
  Overload 1 of 2, '(props: { component: ElementType<any, keyof IntrinsicElements>; } & GridBaseProps & { sx?: SxProps<Theme> | undefined; } & SystemProps<...> & Omit<...>): Element | null', gave the following error.
    Property 'component' is missing in type '{ children: Element[]; item: true; xs: number; }' but required in type '{ component: ElementType<any, keyof IntrinsicElements>; }'.
  Overload 2 of 2, '(props: DefaultComponentProps<GridTypeMap<{}, "div">>): Element | null', gave the following error.
    Type '{ children: Element[]; item: true; xs: number; }' is not assignable to type 'IntrinsicAttributes & GridBaseProps & { sx?: SxProps<Theme> | undefined; } & SystemProps<Theme> & Omit<...>'.
      Property 'item' does not exist on type 'IntrinsicAttributes & GridBaseProps & { sx?: SxProps<Theme> | undefined; } & SystemProps<Theme> & Omit<...>'.
    346 |                                     </Box>
    347 |                                     <Grid container spacing={2}>
  > 348 |                                         <Grid item xs={6}>
        |                                         ^^^^^^^^^^^^^^^^^^
    349 |                                             <Typography variant="body2" color="text.secondary">
    350 |                                                 총 프로젝트
    351 |                                             </Typography>

ERROR in src/components/RealEstate/ConstructionCompanyDashboard.tsx:354:41
TS2769: No overload matches this call.
  Overload 1 of 2, '(props: { component: ElementType<any, keyof IntrinsicElements>; } & GridBaseProps & { sx?: SxProps<Theme> | undefined; } & SystemProps<...> & Omit<...>): Element | null', gave the following error.
    Property 'component' is missing in type '{ children: Element[]; item: true; xs: number; }' but required in type '{ component: ElementType<any, keyof IntrinsicElements>; }'.
  Overload 2 of 2, '(props: DefaultComponentProps<GridTypeMap<{}, "div">>): Element | null', gave the following error.
    Type '{ children: Element[]; item: true; xs: number; }' is not assignable to type 'IntrinsicAttributes & GridBaseProps & { sx?: SxProps<Theme> | undefined; } & SystemProps<Theme> & Omit<...>'.
      Property 'item' does not exist on type 'IntrinsicAttributes & GridBaseProps & { sx?: SxProps<Theme> | undefined; } & SystemProps<Theme> & Omit<...>'.
    352 |                                             <Typography variant="h6">{company.total_projects}</Typography>
    353 |                                         </Grid>
  > 354 |                                         <Grid item xs={6}>
        |                                         ^^^^^^^^^^^^^^^^^^
    355 |                                             <Typography variant="body2" color="text.secondary">
    356 |                                                 완료 프로젝트
    357 |                                             </Typography>

ERROR in src/components/RealEstate/ConstructionCompanyDashboard.tsx:362:41
TS2769: No overload matches this call.
  Overload 1 of 2, '(props: { component: ElementType<any, keyof IntrinsicElements>; } & GridBaseProps & { sx?: SxProps<Theme> | undefined; } & SystemProps<...> & Omit<...>): Element | null', gave the following error.
    Property 'component' is missing in type '{ children: Element[]; item: true; xs: number; }' but required in type '{ component: ElementType<any, keyof IntrinsicElements>; }'.
  Overload 2 of 2, '(props: DefaultComponentProps<GridTypeMap<{}, "div">>): Element | null', gave the following error.
    Type '{ children: Element[]; item: true; xs: number; }' is not assignable to type 'IntrinsicAttributes & GridBaseProps & { sx?: SxProps<Theme> | undefined; } & SystemProps<Theme> & Omit<...>'.
      Property 'item' does not exist on type 'IntrinsicAttributes & GridBaseProps & { sx?: SxProps<Theme> | undefined; } & SystemProps<Theme> & Omit<...>'.
    360 |                                             </Typography>
    361 |                                         </Grid>
  > 362 |                                         <Grid item xs={6}>
        |                                         ^^^^^^^^^^^^^^^^^^
    363 |                                             <Typography variant="body2" color="text.secondary">
    364 |                                                 평판 점수
    365 |                                             </Typography>

ERROR in src/components/RealEstate/ConstructionCompanyDashboard.tsx:368:41
TS2769: No overload matches this call.
  Overload 1 of 2, '(props: { component: ElementType<any, keyof IntrinsicElements>; } & GridBaseProps & { sx?: SxProps<Theme> | undefined; } & SystemProps<...> & Omit<...>): Element | null', gave the following error.
    Property 'component' is missing in type '{ children: Element[]; item: true; xs: number; }' but required in type '{ component: ElementType<any, keyof IntrinsicElements>; }'.
  Overload 2 of 2, '(props: DefaultComponentProps<GridTypeMap<{}, "div">>): Element | null', gave the following error.
    Type '{ children: Element[]; item: true; xs: number; }' is not assignable to type 'IntrinsicAttributes & GridBaseProps & { sx?: SxProps<Theme> | undefined; } & SystemProps<Theme> & Omit<...>'.
      Property 'item' does not exist on type 'IntrinsicAttributes & GridBaseProps & { sx?: SxProps<Theme> | undefined; } & SystemProps<Theme> & Omit<...>'.
    366 |                                             <Typography variant="h6">{company.reputation_score.toFixed(1)}</Typography>
    367 |                                         </Grid>
  > 368 |                                         <Grid item xs={6}>
        |                                         ^^^^^^^^^^^^^^^^^^
    369 |                                             <Typography variant="body2" color="text.secondary">
    370 |                                                 품질 점수
    371 |                                             </Typography>

ERROR in src/components/RealEstate/ConstructionCompanyDashboard.tsx:603:29
TS2769: No overload matches this call.
  Overload 1 of 2, '(props: { component: ElementType<any, keyof IntrinsicElements>; } & GridBaseProps & { sx?: SxProps<Theme> | undefined; } & SystemProps<...> & Omit<...>): Element | null', gave the following error.
    Property 'component' is missing in type '{ children: Element; item: true; xs: number; md: number; key: string; }' but required in type '{ component: ElementType<any, keyof IntrinsicElements>; }'.
  Overload 2 of 2, '(props: DefaultComponentProps<GridTypeMap<{}, "div">>): Element | null', gave the following error.
    Type '{ children: Element; item: true; xs: number; md: number; key: string; }' is not assignable to type 'IntrinsicAttributes & GridBaseProps & { sx?: SxProps<Theme> | undefined; } & SystemProps<Theme> & Omit<...>'.
      Property 'item' does not exist on type 'IntrinsicAttributes & GridBaseProps & { sx?: SxProps<Theme> | undefined; } & SystemProps<Theme> & Omit<...>'.
    601 |                     <Grid container spacing={3}>
    602 |                         {selectionAnalyses.map((analysis) => (
  > 603 |                             <Grid item xs={12} md={6} key={analysis.company_id}>
        |                             ^^^^^^^^^^^^^^^^^^^^^^^^^^^^^^^^^^^^^^^^^^^^^^^^^^^^
    604 |                                 <Card>
    605 |                                     <CardContent>
    606 |                                         <Typography variant="h6" gutterBottom>

ERROR in src/components/Security/AdvancedSecurityPanel.tsx:397:21
TS2769: No overload matches this call.
  Overload 1 of 2, '(props: { component: ElementType<any, keyof IntrinsicElements>; } & GridBaseProps & { sx?: SxProps<Theme> | undefined; } & SystemProps<...> & Omit<...>): Element | null', gave the following error.
    Property 'component' is missing in type '{ children: Element; item: true; xs: number; md: number; }' but required in type '{ component: ElementType<any, keyof IntrinsicElements>; }'.
  Overload 2 of 2, '(props: DefaultComponentProps<GridTypeMap<{}, "div">>): Element | null', gave the following error.
    Type '{ children: Element; item: true; xs: number; md: number; }' is not assignable to type 'IntrinsicAttributes & GridBaseProps & { sx?: SxProps<Theme> | undefined; } & SystemProps<Theme> & Omit<...>'.
      Property 'item' does not exist on type 'IntrinsicAttributes & GridBaseProps & { sx?: SxProps<Theme> | undefined; } & SystemProps<Theme> & Omit<...>'.
    395 |             {securityStatus && (
    396 |                 <Grid container spacing={3} sx={{ mb: 3 }}>
  > 397 |                     <Grid item xs={12} md={3}>
        |                     ^^^^^^^^^^^^^^^^^^^^^^^^^^
    398 |                         <Card role="region" aria-label="보안 점수">
    399 |                             <CardContent>
    400 |                                 <Typography color="textSecondary" gutterBottom>

ERROR in src/components/Security/AdvancedSecurityPanel.tsx:415:21
TS2769: No overload matches this call.
  Overload 1 of 2, '(props: { component: ElementType<any, keyof IntrinsicElements>; } & GridBaseProps & { sx?: SxProps<Theme> | undefined; } & SystemProps<...> & Omit<...>): Element | null', gave the following error.
    Property 'component' is missing in type '{ children: Element; item: true; xs: number; md: number; }' but required in type '{ component: ElementType<any, keyof IntrinsicElements>; }'.
  Overload 2 of 2, '(props: DefaultComponentProps<GridTypeMap<{}, "div">>): Element | null', gave the following error.
    Type '{ children: Element; item: true; xs: number; md: number; }' is not assignable to type 'IntrinsicAttributes & GridBaseProps & { sx?: SxProps<Theme> | undefined; } & SystemProps<Theme> & Omit<...>'.
      Property 'item' does not exist on type 'IntrinsicAttributes & GridBaseProps & { sx?: SxProps<Theme> | undefined; } & SystemProps<Theme> & Omit<...>'.
    413 |                         </Card>
    414 |                     </Grid>
  > 415 |                     <Grid item xs={12} md={3}>
        |                     ^^^^^^^^^^^^^^^^^^^^^^^^^^
    416 |                         <Card role="region" aria-label="활성 위협">
    417 |                             <CardContent>
    418 |                                 <Typography color="textSecondary" gutterBottom>

ERROR in src/components/Security/AdvancedSecurityPanel.tsx:438:21
TS2769: No overload matches this call.
  Overload 1 of 2, '(props: { component: ElementType<any, keyof IntrinsicElements>; } & GridBaseProps & { sx?: SxProps<Theme> | undefined; } & SystemProps<...> & Omit<...>): Element | null', gave the following error.
    Property 'component' is missing in type '{ children: Element; item: true; xs: number; md: number; }' but required in type '{ component: ElementType<any, keyof IntrinsicElements>; }'.
  Overload 2 of 2, '(props: DefaultComponentProps<GridTypeMap<{}, "div">>): Element | null', gave the following error.
    Type '{ children: Element; item: true; xs: number; md: number; }' is not assignable to type 'IntrinsicAttributes & GridBaseProps & { sx?: SxProps<Theme> | undefined; } & SystemProps<Theme> & Omit<...>'.
      Property 'item' does not exist on type 'IntrinsicAttributes & GridBaseProps & { sx?: SxProps<Theme> | undefined; } & SystemProps<Theme> & Omit<...>'.
    436 |                         </Card>
    437 |                     </Grid>
  > 438 |                     <Grid item xs={12} md={3}>
        |                     ^^^^^^^^^^^^^^^^^^^^^^^^^^
    439 |                         <Card role="region" aria-label="고위험 이벤트">
    440 |                             <CardContent>
    441 |                                 <Typography color="textSecondary" gutterBottom>

ERROR in src/components/Security/AdvancedSecurityPanel.tsx:453:21
TS2769: No overload matches this call.
  Overload 1 of 2, '(props: { component: ElementType<any, keyof IntrinsicElements>; } & GridBaseProps & { sx?: SxProps<Theme> | undefined; } & SystemProps<...> & Omit<...>): Element | null', gave the following error.
    Property 'component' is missing in type '{ children: Element; item: true; xs: number; md: number; }' but required in type '{ component: ElementType<any, keyof IntrinsicElements>; }'.
  Overload 2 of 2, '(props: DefaultComponentProps<GridTypeMap<{}, "div">>): Element | null', gave the following error.
    Type '{ children: Element; item: true; xs: number; md: number; }' is not assignable to type 'IntrinsicAttributes & GridBaseProps & { sx?: SxProps<Theme> | undefined; } & SystemProps<Theme> & Omit<...>'.
      Property 'item' does not exist on type 'IntrinsicAttributes & GridBaseProps & { sx?: SxProps<Theme> | undefined; } & SystemProps<Theme> & Omit<...>'.
    451 |                         </Card>
    452 |                     </Grid>
  > 453 |                     <Grid item xs={12} md={3}>
        |                     ^^^^^^^^^^^^^^^^^^^^^^^^^^
    454 |                         <Card role="region" aria-label="암호화 키">
    455 |                             <CardContent>
    456 |                                 <Typography color="textSecondary" gutterBottom>

ERROR in src/components/Security/AdvancedSecurityPanel.tsx:789:53
TS2367: This comparison appears to be unintentional because the types '"disabled" | "enabled"' and '""' have no overlap.
    787 |                                 value={policyFilter.enabled === undefined ? '' : policyFilter.enabled ? 'enabled' : 'disabled'}
    788 |                                 onChange={(e) => {
  > 789 |                                     const enabled = e.target.value === '' ? undefined : e.target.value === 'enabled';
        |                                                     ^^^^^^^^^^^^^^^^^^^^^
    790 |                                     handlePolicyFilterChange(policyFilter.type, enabled, policyFilter.search);
    791 |                                 }}
    792 |                                 label="상태"

ERROR in src/components/Security/AdvancedSecurityPanel.tsx:824:29
TS2769: No overload matches this call.
  Overload 1 of 2, '(props: { component: ElementType<any, keyof IntrinsicElements>; } & GridBaseProps & { sx?: SxProps<Theme> | undefined; } & SystemProps<...> & Omit<...>): Element | null', gave the following error.
    Property 'component' is missing in type '{ children: Element; item: true; xs: number; md: number; key: string; }' but required in type '{ component: ElementType<any, keyof IntrinsicElements>; }'.
  Overload 2 of 2, '(props: DefaultComponentProps<GridTypeMap<{}, "div">>): Element | null', gave the following error.
    Type '{ children: Element; item: true; xs: number; md: number; key: string; }' is not assignable to type 'IntrinsicAttributes & GridBaseProps & { sx?: SxProps<Theme> | undefined; } & SystemProps<Theme> & Omit<...>'.
      Property 'item' does not exist on type 'IntrinsicAttributes & GridBaseProps & { sx?: SxProps<Theme> | undefined; } & SystemProps<Theme> & Omit<...>'.
    822 |                     <Grid container spacing={2}>
    823 |                         {filteredPolicies.map((policy) => (
  > 824 |                             <Grid item xs={12} md={6} key={policy.id}>
        |                             ^^^^^^^^^^^^^^^^^^^^^^^^^^^^^^^^^^^^^^^^^^
    825 |                                 <Card>
    826 |                                     <CardContent>
    827 |                                         <Box sx={{ display: 'flex', justifyContent: 'space-between', mb: 1 }}>

ERROR in src/components/Security/SecurityAnalyticsPanel.tsx:105:25
TS2769: No overload matches this call.
  Overload 1 of 2, '(props: { component: ElementType<any, keyof IntrinsicElements>; } & GridBaseProps & { sx?: SxProps<Theme> | undefined; } & SystemProps<...> & Omit<...>): Element | null', gave the following error.
    Property 'component' is missing in type '{ children: Element; item: true; xs: number; sm: number; }' but required in type '{ component: ElementType<any, keyof IntrinsicElements>; }'.
  Overload 2 of 2, '(props: DefaultComponentProps<GridTypeMap<{}, "div">>): Element | null', gave the following error.
    Type '{ children: Element; item: true; xs: number; sm: number; }' is not assignable to type 'IntrinsicAttributes & GridBaseProps & { sx?: SxProps<Theme> | undefined; } & SystemProps<Theme> & Omit<...>'.
      Property 'item' does not exist on type 'IntrinsicAttributes & GridBaseProps & { sx?: SxProps<Theme> | undefined; } & SystemProps<Theme> & Omit<...>'.
    103 |                 <CardContent>
    104 |                     <Grid container spacing={2} alignItems="center">
  > 105 |                         <Grid item xs={12} sm={4}>
        |                         ^^^^^^^^^^^^^^^^^^^^^^^^^^
    106 |                             <Box>
    107 |                                 <Typography variant="body2" sx={{ mb: 1 }}>
    108 |                                     시작 날짜

ERROR in src/components/Security/SecurityAnalyticsPanel.tsx:125:25
TS2769: No overload matches this call.
  Overload 1 of 2, '(props: { component: ElementType<any, keyof IntrinsicElements>; } & GridBaseProps & { sx?: SxProps<Theme> | undefined; } & SystemProps<...> & Omit<...>): Element | null', gave the following error.
    Property 'component' is missing in type '{ children: Element; item: true; xs: number; sm: number; }' but required in type '{ component: ElementType<any, keyof IntrinsicElements>; }'.
  Overload 2 of 2, '(props: DefaultComponentProps<GridTypeMap<{}, "div">>): Element | null', gave the following error.
    Type '{ children: Element; item: true; xs: number; sm: number; }' is not assignable to type 'IntrinsicAttributes & GridBaseProps & { sx?: SxProps<Theme> | undefined; } & SystemProps<Theme> & Omit<...>'.
      Property 'item' does not exist on type 'IntrinsicAttributes & GridBaseProps & { sx?: SxProps<Theme> | undefined; } & SystemProps<Theme> & Omit<...>'.
    123 |                             </Box>
    124 |                         </Grid>
  > 125 |                         <Grid item xs={12} sm={4}>
        |                         ^^^^^^^^^^^^^^^^^^^^^^^^^^
    126 |                             <Box>
    127 |                                 <Typography variant="body2" sx={{ mb: 1 }}>
    128 |                                     종료 날짜

ERROR in src/components/Security/SecurityAnalyticsPanel.tsx:145:25
TS2769: No overload matches this call.
  Overload 1 of 2, '(props: { component: ElementType<any, keyof IntrinsicElements>; } & GridBaseProps & { sx?: SxProps<Theme> | undefined; } & SystemProps<...> & Omit<...>): Element | null', gave the following error.
    Property 'component' is missing in type '{ children: Element; item: true; xs: number; sm: number; }' but required in type '{ component: ElementType<any, keyof IntrinsicElements>; }'.
  Overload 2 of 2, '(props: DefaultComponentProps<GridTypeMap<{}, "div">>): Element | null', gave the following error.
    Type '{ children: Element; item: true; xs: number; sm: number; }' is not assignable to type 'IntrinsicAttributes & GridBaseProps & { sx?: SxProps<Theme> | undefined; } & SystemProps<Theme> & Omit<...>'.
      Property 'item' does not exist on type 'IntrinsicAttributes & GridBaseProps & { sx?: SxProps<Theme> | undefined; } & SystemProps<Theme> & Omit<...>'.
    143 |                             </Box>
    144 |                         </Grid>
  > 145 |                         <Grid item xs={12} sm={4}>
        |                         ^^^^^^^^^^^^^^^^^^^^^^^^^^
    146 |                             <Button
    147 |                                 variant="contained"
    148 |                                 fullWidth

ERROR in src/components/Security/SecurityAnalyticsPanel.tsx:180:17
TS2769: No overload matches this call.
  Overload 1 of 2, '(props: { component: ElementType<any, keyof IntrinsicElements>; } & GridBaseProps & { sx?: SxProps<Theme> | undefined; } & SystemProps<...> & Omit<...>): Element | null', gave the following error.
    Property 'component' is missing in type '{ children: Element; item: true; xs: number; md: number; }' but required in type '{ component: ElementType<any, keyof IntrinsicElements>; }'.
  Overload 2 of 2, '(props: DefaultComponentProps<GridTypeMap<{}, "div">>): Element | null', gave the following error.
    Type '{ children: Element; item: true; xs: number; md: number; }' is not assignable to type 'IntrinsicAttributes & GridBaseProps & { sx?: SxProps<Theme> | undefined; } & SystemProps<Theme> & Omit<...>'.
      Property 'item' does not exist on type 'IntrinsicAttributes & GridBaseProps & { sx?: SxProps<Theme> | undefined; } & SystemProps<Theme> & Omit<...>'.
    178 |             {/* 위협 통계 */}
    179 |             <Grid container spacing={3} sx={{ mb: 3 }}>
  > 180 |                 <Grid item xs={12} md={6}>
        |                 ^^^^^^^^^^^^^^^^^^^^^^^^^^
    181 |                     <Card>
    182 |                         <CardContent>
    183 |                             <Typography variant="h6" gutterBottom>

ERROR in src/components/Security/SecurityAnalyticsPanel.tsx:204:17
TS2769: No overload matches this call.
  Overload 1 of 2, '(props: { component: ElementType<any, keyof IntrinsicElements>; } & GridBaseProps & { sx?: SxProps<Theme> | undefined; } & SystemProps<...> & Omit<...>): Element | null', gave the following error.
    Property 'component' is missing in type '{ children: Element; item: true; xs: number; md: number; }' but required in type '{ component: ElementType<any, keyof IntrinsicElements>; }'.
  Overload 2 of 2, '(props: DefaultComponentProps<GridTypeMap<{}, "div">>): Element | null', gave the following error.
    Type '{ children: Element; item: true; xs: number; md: number; }' is not assignable to type 'IntrinsicAttributes & GridBaseProps & { sx?: SxProps<Theme> | undefined; } & SystemProps<Theme> & Omit<...>'.
      Property 'item' does not exist on type 'IntrinsicAttributes & GridBaseProps & { sx?: SxProps<Theme> | undefined; } & SystemProps<Theme> & Omit<...>'.
    202 |                 </Grid>
    203 |
  > 204 |                 <Grid item xs={12} md={6}>
        |                 ^^^^^^^^^^^^^^^^^^^^^^^^^^
    205 |                     <Card>
    206 |                         <CardContent>
    207 |                             <Typography variant="h6" gutterBottom>

ERROR in src/components/Security/SecurityAnalyticsPanel.tsx:262:17
TS2769: No overload matches this call.
  Overload 1 of 2, '(props: { component: ElementType<any, keyof IntrinsicElements>; } & GridBaseProps & { sx?: SxProps<Theme> | undefined; } & SystemProps<...> & Omit<...>): Element | null', gave the following error.
    Property 'component' is missing in type '{ children: Element; item: true; xs: number; md: number; }' but required in type '{ component: ElementType<any, keyof IntrinsicElements>; }'.
  Overload 2 of 2, '(props: DefaultComponentProps<GridTypeMap<{}, "div">>): Element | null', gave the following error.
    Type '{ children: Element; item: true; xs: number; md: number; }' is not assignable to type 'IntrinsicAttributes & GridBaseProps & { sx?: SxProps<Theme> | undefined; } & SystemProps<Theme> & Omit<...>'.
      Property 'item' does not exist on type 'IntrinsicAttributes & GridBaseProps & { sx?: SxProps<Theme> | undefined; } & SystemProps<Theme> & Omit<...>'.
    260 |             {/* 이벤트 통계 */}
    261 |             <Grid container spacing={3} sx={{ mb: 3 }}>
  > 262 |                 <Grid item xs={12} md={6}>
        |                 ^^^^^^^^^^^^^^^^^^^^^^^^^^
    263 |                     <Card>
    264 |                         <CardContent>
    265 |                             <Typography variant="h6" gutterBottom>

ERROR in src/components/Security/SecurityAnalyticsPanel.tsx:286:17
TS2769: No overload matches this call.
  Overload 1 of 2, '(props: { component: ElementType<any, keyof IntrinsicElements>; } & GridBaseProps & { sx?: SxProps<Theme> | undefined; } & SystemProps<...> & Omit<...>): Element | null', gave the following error.
    Property 'component' is missing in type '{ children: Element; item: true; xs: number; md: number; }' but required in type '{ component: ElementType<any, keyof IntrinsicElements>; }'.
  Overload 2 of 2, '(props: DefaultComponentProps<GridTypeMap<{}, "div">>): Element | null', gave the following error.
    Type '{ children: Element; item: true; xs: number; md: number; }' is not assignable to type 'IntrinsicAttributes & GridBaseProps & { sx?: SxProps<Theme> | undefined; } & SystemProps<Theme> & Omit<...>'.
      Property 'item' does not exist on type 'IntrinsicAttributes & GridBaseProps & { sx?: SxProps<Theme> | undefined; } & SystemProps<Theme> & Omit<...>'.
    284 |                 </Grid>
    285 |
  > 286 |                 <Grid item xs={12} md={6}>
        |                 ^^^^^^^^^^^^^^^^^^^^^^^^^^
    287 |                     <Card>
    288 |                         <CardContent>
    289 |                             <Typography variant="h6" gutterBottom>

ERROR in src/components/Security/SecurityAnalyticsPanel.tsx:320:25
TS2769: No overload matches this call.
  Overload 1 of 2, '(props: { component: ElementType<any, keyof IntrinsicElements>; } & GridBaseProps & { sx?: SxProps<Theme> | undefined; } & SystemProps<...> & Omit<...>): Element | null', gave the following error.
    Property 'component' is missing in type '{ children: Element[]; item: true; xs: number; sm: number; }' but required in type '{ component: ElementType<any, keyof IntrinsicElements>; }'.
  Overload 2 of 2, '(props: DefaultComponentProps<GridTypeMap<{}, "div">>): Element | null', gave the following error.
    Type '{ children: Element[]; item: true; xs: number; sm: number; }' is not assignable to type 'IntrinsicAttributes & GridBaseProps & { sx?: SxProps<Theme> | undefined; } & SystemProps<Theme> & Omit<...>'.
      Property 'item' does not exist on type 'IntrinsicAttributes & GridBaseProps & { sx?: SxProps<Theme> | undefined; } & SystemProps<Theme> & Omit<...>'.
    318 |                     </Typography>
    319 |                     <Grid container spacing={2}>
  > 320 |                         <Grid item xs={12} sm={4}>
        |                         ^^^^^^^^^^^^^^^^^^^^^^^^^^
    321 |                             <Typography variant="body2" color="text.secondary">
    322 |                                 총 알림 수
    323 |                             </Typography>

ERROR in src/components/Security/SecurityAnalyticsPanel.tsx:326:25
TS2769: No overload matches this call.
  Overload 1 of 2, '(props: { component: ElementType<any, keyof IntrinsicElements>; } & GridBaseProps & { sx?: SxProps<Theme> | undefined; } & SystemProps<...> & Omit<...>): Element | null', gave the following error.
    Property 'component' is missing in type '{ children: Element[]; item: true; xs: number; sm: number; }' but required in type '{ component: ElementType<any, keyof IntrinsicElements>; }'.
  Overload 2 of 2, '(props: DefaultComponentProps<GridTypeMap<{}, "div">>): Element | null', gave the following error.
    Type '{ children: Element[]; item: true; xs: number; sm: number; }' is not assignable to type 'IntrinsicAttributes & GridBaseProps & { sx?: SxProps<Theme> | undefined; } & SystemProps<Theme> & Omit<...>'.
      Property 'item' does not exist on type 'IntrinsicAttributes & GridBaseProps & { sx?: SxProps<Theme> | undefined; } & SystemProps<Theme> & Omit<...>'.
    324 |                             <Typography variant="h4">{statistics.alerts.total}</Typography>
    325 |                         </Grid>
  > 326 |                         <Grid item xs={12} sm={4}>
        |                         ^^^^^^^^^^^^^^^^^^^^^^^^^^
    327 |                             <Typography variant="body2" color="text.secondary">
    328 |                                 미확인 알림
    329 |                             </Typography>

ERROR in src/components/Security/SecurityAnalyticsPanel.tsx:334:25
TS2769: No overload matches this call.
  Overload 1 of 2, '(props: { component: ElementType<any, keyof IntrinsicElements>; } & GridBaseProps & { sx?: SxProps<Theme> | undefined; } & SystemProps<...> & Omit<...>): Element | null', gave the following error.
    Property 'component' is missing in type '{ children: Element[]; item: true; xs: number; sm: number; }' but required in type '{ component: ElementType<any, keyof IntrinsicElements>; }'.
  Overload 2 of 2, '(props: DefaultComponentProps<GridTypeMap<{}, "div">>): Element | null', gave the following error.
    Type '{ children: Element[]; item: true; xs: number; sm: number; }' is not assignable to type 'IntrinsicAttributes & GridBaseProps & { sx?: SxProps<Theme> | undefined; } & SystemProps<Theme> & Omit<...>'.
      Property 'item' does not exist on type 'IntrinsicAttributes & GridBaseProps & { sx?: SxProps<Theme> | undefined; } & SystemProps<Theme> & Omit<...>'.
    332 |                             </Typography>
    333 |                         </Grid>
  > 334 |                         <Grid item xs={12} sm={4}>
        |                         ^^^^^^^^^^^^^^^^^^^^^^^^^^
    335 |                             <Typography variant="body2" color="text.secondary">
    336 |                                 심각도별 분포
    337 |                             </Typography>

ERROR in src/components/Security/SecurityAnalyticsPanel.tsx:365:21
TS2769: No overload matches this call.
  Overload 1 of 2, '(props: { component: ElementType<any, keyof IntrinsicElements>; } & GridBaseProps & { sx?: SxProps<Theme> | undefined; } & SystemProps<...> & Omit<...>): Element | null', gave the following error.
    Property 'component' is missing in type '{ children: Element; item: true; xs: number; md: number; }' but required in type '{ component: ElementType<any, keyof IntrinsicElements>; }'.
  Overload 2 of 2, '(props: DefaultComponentProps<GridTypeMap<{}, "div">>): Element | null', gave the following error.
    Type '{ children: Element; item: true; xs: number; md: number; }' is not assignable to type 'IntrinsicAttributes & GridBaseProps & { sx?: SxProps<Theme> | undefined; } & SystemProps<Theme> & Omit<...>'.
      Property 'item' does not exist on type 'IntrinsicAttributes & GridBaseProps & { sx?: SxProps<Theme> | undefined; } & SystemProps<Theme> & Omit<...>'.
    363 |             {statistics.audit.topUsers.length > 0 && (
    364 |                 <Grid container spacing={3} sx={{ mb: 3 }}>
  > 365 |                     <Grid item xs={12} md={6}>
        |                     ^^^^^^^^^^^^^^^^^^^^^^^^^^
    366 |                         <Card>
    367 |                             <CardContent>
    368 |                                 <Typography variant="h6" gutterBottom>

ERROR in src/components/Security/SecurityAnalyticsPanel.tsx:393:21
TS2769: No overload matches this call.
  Overload 1 of 2, '(props: { component: ElementType<any, keyof IntrinsicElements>; } & GridBaseProps & { sx?: SxProps<Theme> | undefined; } & SystemProps<...> & Omit<...>): Element | null', gave the following error.
    Property 'component' is missing in type '{ children: Element; item: true; xs: number; md: number; }' but required in type '{ component: ElementType<any, keyof IntrinsicElements>; }'.
  Overload 2 of 2, '(props: DefaultComponentProps<GridTypeMap<{}, "div">>): Element | null', gave the following error.
    Type '{ children: Element; item: true; xs: number; md: number; }' is not assignable to type 'IntrinsicAttributes & GridBaseProps & { sx?: SxProps<Theme> | undefined; } & SystemProps<Theme> & Omit<...>'.
      Property 'item' does not exist on type 'IntrinsicAttributes & GridBaseProps & { sx?: SxProps<Theme> | undefined; } & SystemProps<Theme> & Omit<...>'.
    391 |                     </Grid>
    392 |
  > 393 |                     <Grid item xs={12} md={6}>
        |                     ^^^^^^^^^^^^^^^^^^^^^^^^^^
    394 |                         <Card>
    395 |                             <CardContent>
    396 |                                 <Typography variant="h6" gutterBottom>

ERROR in src/components/Security/SecurityAutomationPanel.tsx:103:17
TS2322: Type '{ type: "threat" | "alert" | "event" | "metric"; condition: string; severity?: "low" | "medium" | "high" | "critical" | undefined; }' is not assignable to type '{ type: "threat" | "alert" | "event" | "metric"; condition: string; severity: "low" | "medium" | "high" | "critical"; }'.
  Types of property 'severity' are incompatible.
    Type '"low" | "medium" | "high" | "critical" | undefined' is not assignable to type '"low" | "medium" | "high" | "critical"'.
      Type 'undefined' is not assignable to type '"low" | "medium" | "high" | "critical"'.
    101 |                 name: rule.name,
    102 |                 description: rule.description,
  > 103 |                 trigger: rule.trigger,
        |                 ^^^^^^^
    104 |                 actions: rule.actions,
    105 |                 enabled: rule.enabled,
    106 |             });

ERROR in src/components/Security/SecurityAutomationPanel.tsx:209:17
TS2769: No overload matches this call.
  Overload 1 of 2, '(props: { component: ElementType<any, keyof IntrinsicElements>; } & GridBaseProps & { sx?: SxProps<Theme> | undefined; } & SystemProps<...> & Omit<...>): Element | null', gave the following error.
    Property 'component' is missing in type '{ children: Element; item: true; xs: number; }' but required in type '{ component: ElementType<any, keyof IntrinsicElements>; }'.
  Overload 2 of 2, '(props: DefaultComponentProps<GridTypeMap<{}, "div">>): Element | null', gave the following error.
    Type '{ children: Element; item: true; xs: number; }' is not assignable to type 'IntrinsicAttributes & GridBaseProps & { sx?: SxProps<Theme> | undefined; } & SystemProps<Theme> & Omit<...>'.
      Property 'item' does not exist on type 'IntrinsicAttributes & GridBaseProps & { sx?: SxProps<Theme> | undefined; } & SystemProps<Theme> & Omit<...>'.
    207 |
    208 |             <Grid container spacing={3}>
  > 209 |                 <Grid item xs={12}>
        |                 ^^^^^^^^^^^^^^^^^^^
    210 |                     <Card>
    211 |                         <CardContent>
    212 |                             <Typography variant="h6" gutterBottom>

ERROR in src/components/Security/SecurityCharts.tsx:147:13
TS2769: No overload matches this call.
  Overload 1 of 2, '(props: { component: ElementType<any, keyof IntrinsicElements>; } & GridBaseProps & { sx?: SxProps<Theme> | undefined; } & SystemProps<...> & Omit<...>): Element | null', gave the following error.
    Property 'component' is missing in type '{ children: Element; item: true; xs: number; md: number; }' but required in type '{ component: ElementType<any, keyof IntrinsicElements>; }'.
  Overload 2 of 2, '(props: DefaultComponentProps<GridTypeMap<{}, "div">>): Element | null', gave the following error.
    Type '{ children: Element; item: true; xs: number; md: number; }' is not assignable to type 'IntrinsicAttributes & GridBaseProps & { sx?: SxProps<Theme> | undefined; } & SystemProps<Theme> & Omit<...>'.
      Property 'item' does not exist on type 'IntrinsicAttributes & GridBaseProps & { sx?: SxProps<Theme> | undefined; } & SystemProps<Theme> & Omit<...>'.
    145 |         <Grid container spacing={3}>
    146 |             {/* 위협 심각도 분포 */}
  > 147 |             <Grid item xs={12} md={6}>
        |             ^^^^^^^^^^^^^^^^^^^^^^^^^^
    148 |                 <Card>
    149 |                     <CardContent>
    150 |                         <Typography variant="h6" gutterBottom>

ERROR in src/components/Security/SecurityCharts.tsx:160:53
TS2339: Property 'percent' does not exist on type 'Props'.
    158 |                                     cy="50%"
    159 |                                     labelLine={false}
  > 160 |                                     label={({ name, percent }) =>
        |                                                     ^^^^^^^
    161 |                                         `${name}: ${(percent * 100).toFixed(0)}%`
    162 |                                     }
    163 |                                     outerRadius={80}

ERROR in src/components/Security/SecurityCharts.tsx:180:13
TS2769: No overload matches this call.
  Overload 1 of 2, '(props: { component: ElementType<any, keyof IntrinsicElements>; } & GridBaseProps & { sx?: SxProps<Theme> | undefined; } & SystemProps<...> & Omit<...>): Element | null', gave the following error.
    Property 'component' is missing in type '{ children: Element; item: true; xs: number; md: number; }' but required in type '{ component: ElementType<any, keyof IntrinsicElements>; }'.
  Overload 2 of 2, '(props: DefaultComponentProps<GridTypeMap<{}, "div">>): Element | null', gave the following error.
    Type '{ children: Element; item: true; xs: number; md: number; }' is not assignable to type 'IntrinsicAttributes & GridBaseProps & { sx?: SxProps<Theme> | undefined; } & SystemProps<Theme> & Omit<...>'.
      Property 'item' does not exist on type 'IntrinsicAttributes & GridBaseProps & { sx?: SxProps<Theme> | undefined; } & SystemProps<Theme> & Omit<...>'.
    178 |
    179 |             {/* 알림 타입별 분포 */}
  > 180 |             <Grid item xs={12} md={6}>
        |             ^^^^^^^^^^^^^^^^^^^^^^^^^^
    181 |                 <Card>
    182 |                     <CardContent>
    183 |                         <Typography variant="h6" gutterBottom>

ERROR in src/components/Security/SecurityCharts.tsx:201:13
TS2769: No overload matches this call.
  Overload 1 of 2, '(props: { component: ElementType<any, keyof IntrinsicElements>; } & GridBaseProps & { sx?: SxProps<Theme> | undefined; } & SystemProps<...> & Omit<...>): Element | null', gave the following error.
    Property 'component' is missing in type '{ children: Element; item: true; xs: number; }' but required in type '{ component: ElementType<any, keyof IntrinsicElements>; }'.
  Overload 2 of 2, '(props: DefaultComponentProps<GridTypeMap<{}, "div">>): Element | null', gave the following error.
    Type '{ children: Element; item: true; xs: number; }' is not assignable to type 'IntrinsicAttributes & GridBaseProps & { sx?: SxProps<Theme> | undefined; } & SystemProps<Theme> & Omit<...>'.
      Property 'item' does not exist on type 'IntrinsicAttributes & GridBaseProps & { sx?: SxProps<Theme> | undefined; } & SystemProps<Theme> & Omit<...>'.
    199 |
    200 |             {/* 위협 발생 추이 */}
  > 201 |             <Grid item xs={12}>
        |             ^^^^^^^^^^^^^^^^^^^
    202 |                 <Card>
    203 |                     <CardContent>
    204 |                         <Typography variant="h6" gutterBottom>

ERROR in src/components/Security/SecurityCharts.tsx:249:13
TS2769: No overload matches this call.
  Overload 1 of 2, '(props: { component: ElementType<any, keyof IntrinsicElements>; } & GridBaseProps & { sx?: SxProps<Theme> | undefined; } & SystemProps<...> & Omit<...>): Element | null', gave the following error.
    Property 'component' is missing in type '{ children: Element; item: true; xs: number; md: number; }' but required in type '{ component: ElementType<any, keyof IntrinsicElements>; }'.
  Overload 2 of 2, '(props: DefaultComponentProps<GridTypeMap<{}, "div">>): Element | null', gave the following error.
    Type '{ children: Element; item: true; xs: number; md: number; }' is not assignable to type 'IntrinsicAttributes & GridBaseProps & { sx?: SxProps<Theme> | undefined; } & SystemProps<Theme> & Omit<...>'.
      Property 'item' does not exist on type 'IntrinsicAttributes & GridBaseProps & { sx?: SxProps<Theme> | undefined; } & SystemProps<Theme> & Omit<...>'.
    247 |
    248 |             {/* 이벤트 위험 수준 분포 */}
  > 249 |             <Grid item xs={12} md={6}>
        |             ^^^^^^^^^^^^^^^^^^^^^^^^^^
    250 |                 <Card>
    251 |                     <CardContent>
    252 |                         <Typography variant="h6" gutterBottom>

ERROR in src/components/Security/SecurityCharts.tsx:274:17
TS2769: No overload matches this call.
  Overload 1 of 2, '(props: { component: ElementType<any, keyof IntrinsicElements>; } & GridBaseProps & { sx?: SxProps<Theme> | undefined; } & SystemProps<...> & Omit<...>): Element | null', gave the following error.
    Property 'component' is missing in type '{ children: Element; item: true; xs: number; md: number; }' but required in type '{ component: ElementType<any, keyof IntrinsicElements>; }'.
  Overload 2 of 2, '(props: DefaultComponentProps<GridTypeMap<{}, "div">>): Element | null', gave the following error.
    Type '{ children: Element; item: true; xs: number; md: number; }' is not assignable to type 'IntrinsicAttributes & GridBaseProps & { sx?: SxProps<Theme> | undefined; } & SystemProps<Theme> & Omit<...>'.
      Property 'item' does not exist on type 'IntrinsicAttributes & GridBaseProps & { sx?: SxProps<Theme> | undefined; } & SystemProps<Theme> & Omit<...>'.
    272 |             {/* 보안 점수 추이 */}
    273 |             {securityScoreData.length > 0 && (
  > 274 |                 <Grid item xs={12} md={6}>
        |                 ^^^^^^^^^^^^^^^^^^^^^^^^^^
    275 |                     <Card>
    276 |                         <CardContent>
    277 |                             <Typography variant="h6" gutterBottom>

ERROR in src/components/Security/SecurityReportGenerator.tsx:228:29
TS2769: No overload matches this call.
  Overload 1 of 2, '(props: { component: ElementType<any, keyof IntrinsicElements>; } & GridBaseProps & { sx?: SxProps<Theme> | undefined; } & SystemProps<...> & Omit<...>): Element | null', gave the following error.
    Property 'component' is missing in type '{ children: Element; item: true; xs: number; md: number; }' but required in type '{ component: ElementType<any, keyof IntrinsicElements>; }'.
  Overload 2 of 2, '(props: DefaultComponentProps<GridTypeMap<{}, "div">>): Element | null', gave the following error.
    Type '{ children: Element; item: true; xs: number; md: number; }' is not assignable to type 'IntrinsicAttributes & GridBaseProps & { sx?: SxProps<Theme> | undefined; } & SystemProps<Theme> & Omit<...>'.
      Property 'item' does not exist on type 'IntrinsicAttributes & GridBaseProps & { sx?: SxProps<Theme> | undefined; } & SystemProps<Theme> & Omit<...>'.
    226 |
    227 |                         <Grid container spacing={2}>
  > 228 |                             <Grid item xs={12} md={6}>
        |                             ^^^^^^^^^^^^^^^^^^^^^^^^^^
    229 |                                 <Card variant="outlined">
    230 |                                     <CardContent>
    231 |                                         <Typography variant="subtitle2" color="text.secondary" gutterBottom>

ERROR in src/components/Security/SecurityReportGenerator.tsx:244:29
TS2769: No overload matches this call.
  Overload 1 of 2, '(props: { component: ElementType<any, keyof IntrinsicElements>; } & GridBaseProps & { sx?: SxProps<Theme> | undefined; } & SystemProps<...> & Omit<...>): Element | null', gave the following error.
    Property 'component' is missing in type '{ children: Element; item: true; xs: number; md: number; }' but required in type '{ component: ElementType<any, keyof IntrinsicElements>; }'.
  Overload 2 of 2, '(props: DefaultComponentProps<GridTypeMap<{}, "div">>): Element | null', gave the following error.
    Type '{ children: Element; item: true; xs: number; md: number; }' is not assignable to type 'IntrinsicAttributes & GridBaseProps & { sx?: SxProps<Theme> | undefined; } & SystemProps<Theme> & Omit<...>'.
      Property 'item' does not exist on type 'IntrinsicAttributes & GridBaseProps & { sx?: SxProps<Theme> | undefined; } & SystemProps<Theme> & Omit<...>'.
    242 |                                 </Card>
    243 |                             </Grid>
  > 244 |                             <Grid item xs={12} md={6}>
        |                             ^^^^^^^^^^^^^^^^^^^^^^^^^^
    245 |                                 <Card variant="outlined">
    246 |                                     <CardContent>
    247 |                                         <Typography variant="subtitle2" color="text.secondary" gutterBottom>

ERROR in src/components/Security/SecurityReportGenerator.tsx:272:29
TS2769: No overload matches this call.
  Overload 1 of 2, '(props: { component: ElementType<any, keyof IntrinsicElements>; } & GridBaseProps & { sx?: SxProps<Theme> | undefined; } & SystemProps<...> & Omit<...>): Element | null', gave the following error.
    Property 'component' is missing in type '{ children: Element; item: true; xs: number; md: number; }' but required in type '{ component: ElementType<any, keyof IntrinsicElements>; }'.
  Overload 2 of 2, '(props: DefaultComponentProps<GridTypeMap<{}, "div">>): Element | null', gave the following error.
    Type '{ children: Element; item: true; xs: number; md: number; }' is not assignable to type 'IntrinsicAttributes & GridBaseProps & { sx?: SxProps<Theme> | undefined; } & SystemProps<Theme> & Omit<...>'.
      Property 'item' does not exist on type 'IntrinsicAttributes & GridBaseProps & { sx?: SxProps<Theme> | undefined; } & SystemProps<Theme> & Omit<...>'.
    270 |                                 </Card>
    271 |                             </Grid>
  > 272 |                             <Grid item xs={12} md={6}>
        |                             ^^^^^^^^^^^^^^^^^^^^^^^^^^
    273 |                                 <Card variant="outlined">
    274 |                                     <CardContent>
    275 |                                         <Typography variant="subtitle2" color="text.secondary" gutterBottom>

ERROR in src/components/Security/SecurityReportGenerator.tsx:282:29
TS2769: No overload matches this call.
  Overload 1 of 2, '(props: { component: ElementType<any, keyof IntrinsicElements>; } & GridBaseProps & { sx?: SxProps<Theme> | undefined; } & SystemProps<...> & Omit<...>): Element | null', gave the following error.
    Property 'component' is missing in type '{ children: Element; item: true; xs: number; md: number; }' but required in type '{ component: ElementType<any, keyof IntrinsicElements>; }'.
  Overload 2 of 2, '(props: DefaultComponentProps<GridTypeMap<{}, "div">>): Element | null', gave the following error.
    Type '{ children: Element; item: true; xs: number; md: number; }' is not assignable to type 'IntrinsicAttributes & GridBaseProps & { sx?: SxProps<Theme> | undefined; } & SystemProps<Theme> & Omit<...>'.
      Property 'item' does not exist on type 'IntrinsicAttributes & GridBaseProps & { sx?: SxProps<Theme> | undefined; } & SystemProps<Theme> & Omit<...>'.
    280 |                                 </Card>
    281 |                             </Grid>
  > 282 |                             <Grid item xs={12} md={6}>
        |                             ^^^^^^^^^^^^^^^^^^^^^^^^^^
    283 |                                 <Card variant="outlined">
    284 |                                     <CardContent>
    285 |                                         <Typography variant="subtitle2" color="text.secondary" gutterBottom>

ERROR in src/services/aiHealthMonitor.ts:53:14
TS2300: Duplicate identifier 'AIHealthMonitor'.
    51 |
    52 | // AI 시스템 헬스 모니터 클래스
  > 53 | export class AIHealthMonitor extends EventEmitter {
       |              ^^^^^^^^^^^^^^^
    54 |     private services: Map<string, ServiceHealth> = new Map();
    55 |     private thresholds: Map<string, HealthThreshold> = new Map();
    56 |     private healthHistory: Map<string, HealthCheckResult[]> = new Map();

Compiling...
Compiled successfully!
webpack compiled successfully
Files successfully emitted, waiting for typecheck results...
Issues checking in progress...
ERROR in src/components/AnalyticsDashboard.tsx:42:16
TS7009: 'new' expression, whose target lacks a construct signature, implicitly has an 'any' type.
    40 |     } catch {
    41 |         // 최후의 수단
  > 42 |         return new Error(String(err));
       |                ^^^^^^^^^^^^^^^^^^^^^^
    43 |     }
    44 | };
    45 |

ERROR in src/components/AnalyticsDashboard.tsx:42:26
TS2769: No overload matches this call.
  Overload 1 of 2, '(props: { component: ElementType<any, keyof IntrinsicElements>; } & SvgIconOwnProps & CommonProps & Omit<any, "className" | ... 10 more ... | "viewBox">): Element | null', gave the following error.
    Argument of type 'string' is not assignable to parameter of type '{ component: ElementType<any, keyof IntrinsicElements>; } & SvgIconOwnProps & CommonProps & Omit<any, "className" | ... 10 more ... | "viewBox">'.
      Type 'string' is not assignable to type '{ component: ElementType<any, keyof IntrinsicElements>; }'.
  Overload 2 of 2, '(props: DefaultComponentProps<SvgIconTypeMap<{}, "svg">>): Element | null', gave the following error.
    Type 'string' has no properties in common with type 'DefaultComponentProps<SvgIconTypeMap<{}, "svg">>'.
    40 |     } catch {
    41 |         // 최후의 수단
  > 42 |         return new Error(String(err));
       |                          ^^^^^^^^^^^
    43 |     }
    44 | };
    45 |

ERROR in src/components/PWAInstallPrompt.tsx:299:24
TS2322: Type '{ children: Element[]; component: string; sx: { border: "none"; p: number; }; "aria-label": string; }' is not assignable to type 'IntrinsicAttributes & DialogActionsProps'.
  Property 'component' does not exist on type 'IntrinsicAttributes & DialogActionsProps'.
    297 |           </Alert>
    298 |         </DialogContent>
  > 299 |         <DialogActions component="fieldset" sx={{ border: 'none', p: 0 }} aria-label="업데이트 액션">
        |                        ^^^^^^^^^
    300 |           <Button 
    301 |             onClick={() => setShowUpdateDialog(false)}
    302 |             aria-label="업데이트 다이얼로그 닫기"

ERROR in src/components/RealEstate/ApartmentCommunityAnalysisDashboard.tsx:224:21
TS2769: No overload matches this call.
  Overload 1 of 2, '(props: { component: ElementType<any, keyof IntrinsicElements>; } & GridBaseProps & { sx?: SxProps<Theme> | undefined; } & SystemProps<...> & Omit<...>): Element | null', gave the following error.
    Property 'component' is missing in type '{ children: Element; item: true; xs: number; sm: number; md: number; }' but required in type '{ component: ElementType<any, keyof IntrinsicElements>; }'.
  Overload 2 of 2, '(props: DefaultComponentProps<GridTypeMap<{}, "div">>): Element | null', gave the following error.
    Type '{ children: Element; item: true; xs: number; sm: number; md: number; }' is not assignable to type 'IntrinsicAttributes & GridBaseProps & { sx?: SxProps<Theme> | undefined; } & SystemProps<Theme> & Omit<...>'.
      Property 'item' does not exist on type 'IntrinsicAttributes & GridBaseProps & { sx?: SxProps<Theme> | undefined; } & SystemProps<Theme> & Omit<...>'.
    222 |             {analytics && (
    223 |                 <Grid container spacing={3} sx={{ mb: 3 }}>
  > 224 |                     <Grid item xs={12} sm={6} md={3}>
        |                     ^^^^^^^^^^^^^^^^^^^^^^^^^^^^^^^^^
    225 |                         <Card>
    226 |                             <CardContent>
    227 |                                 <Typography color="textSecondary" gutterBottom>

ERROR in src/components/RealEstate/ApartmentCommunityAnalysisDashboard.tsx:237:21
TS2769: No overload matches this call.
  Overload 1 of 2, '(props: { component: ElementType<any, keyof IntrinsicElements>; } & GridBaseProps & { sx?: SxProps<Theme> | undefined; } & SystemProps<...> & Omit<...>): Element | null', gave the following error.
    Property 'component' is missing in type '{ children: Element; item: true; xs: number; sm: number; md: number; }' but required in type '{ component: ElementType<any, keyof IntrinsicElements>; }'.
  Overload 2 of 2, '(props: DefaultComponentProps<GridTypeMap<{}, "div">>): Element | null', gave the following error.
    Type '{ children: Element; item: true; xs: number; sm: number; md: number; }' is not assignable to type 'IntrinsicAttributes & GridBaseProps & { sx?: SxProps<Theme> | undefined; } & SystemProps<Theme> & Omit<...>'.
      Property 'item' does not exist on type 'IntrinsicAttributes & GridBaseProps & { sx?: SxProps<Theme> | undefined; } & SystemProps<Theme> & Omit<...>'.
    235 |                         </Card>
    236 |                     </Grid>
  > 237 |                     <Grid item xs={12} sm={6} md={3}>
        |                     ^^^^^^^^^^^^^^^^^^^^^^^^^^^^^^^^^
    238 |                         <Card>
    239 |                             <CardContent>
    240 |                                 <Typography color="textSecondary" gutterBottom>

ERROR in src/components/RealEstate/ApartmentCommunityAnalysisDashboard.tsx:247:21
TS2769: No overload matches this call.
  Overload 1 of 2, '(props: { component: ElementType<any, keyof IntrinsicElements>; } & GridBaseProps & { sx?: SxProps<Theme> | undefined; } & SystemProps<...> & Omit<...>): Element | null', gave the following error.
    Property 'component' is missing in type '{ children: Element; item: true; xs: number; sm: number; md: number; }' but required in type '{ component: ElementType<any, keyof IntrinsicElements>; }'.
  Overload 2 of 2, '(props: DefaultComponentProps<GridTypeMap<{}, "div">>): Element | null', gave the following error.
    Type '{ children: Element; item: true; xs: number; sm: number; md: number; }' is not assignable to type 'IntrinsicAttributes & GridBaseProps & { sx?: SxProps<Theme> | undefined; } & SystemProps<Theme> & Omit<...>'.
      Property 'item' does not exist on type 'IntrinsicAttributes & GridBaseProps & { sx?: SxProps<Theme> | undefined; } & SystemProps<Theme> & Omit<...>'.
    245 |                         </Card>
    246 |                     </Grid>
  > 247 |                     <Grid item xs={12} sm={6} md={3}>
        |                     ^^^^^^^^^^^^^^^^^^^^^^^^^^^^^^^^^
    248 |                         <Card>
    249 |                             <CardContent>
    250 |                                 <Typography color="textSecondary" gutterBottom>

ERROR in src/components/RealEstate/ApartmentCommunityAnalysisDashboard.tsx:259:21
TS2769: No overload matches this call.
  Overload 1 of 2, '(props: { component: ElementType<any, keyof IntrinsicElements>; } & GridBaseProps & { sx?: SxProps<Theme> | undefined; } & SystemProps<...> & Omit<...>): Element | null', gave the following error.
    Property 'component' is missing in type '{ children: Element; item: true; xs: number; sm: number; md: number; }' but required in type '{ component: ElementType<any, keyof IntrinsicElements>; }'.
  Overload 2 of 2, '(props: DefaultComponentProps<GridTypeMap<{}, "div">>): Element | null', gave the following error.
    Type '{ children: Element; item: true; xs: number; sm: number; md: number; }' is not assignable to type 'IntrinsicAttributes & GridBaseProps & { sx?: SxProps<Theme> | undefined; } & SystemProps<Theme> & Omit<...>'.
      Property 'item' does not exist on type 'IntrinsicAttributes & GridBaseProps & { sx?: SxProps<Theme> | undefined; } & SystemProps<Theme> & Omit<...>'.
    257 |                         </Card>
    258 |                     </Grid>
  > 259 |                     <Grid item xs={12} sm={6} md={3}>
        |                     ^^^^^^^^^^^^^^^^^^^^^^^^^^^^^^^^^
    260 |                         <Card>
    261 |                             <CardContent>
    262 |                                 <Typography color="textSecondary" gutterBottom>

ERROR in src/components/RealEstate/ApartmentCommunityAnalysisDashboard.tsx:473:25
TS2769: No overload matches this call.
  Overload 1 of 2, '(props: { component: ElementType<any, keyof IntrinsicElements>; } & GridBaseProps & { sx?: SxProps<Theme> | undefined; } & SystemProps<...> & Omit<...>): Element | null', gave the following error.
    Property 'component' is missing in type '{ children: Element; item: true; xs: number; md: number; }' but required in type '{ component: ElementType<any, keyof IntrinsicElements>; }'.
  Overload 2 of 2, '(props: DefaultComponentProps<GridTypeMap<{}, "div">>): Element | null', gave the following error.
    Type '{ children: Element; item: true; xs: number; md: number; }' is not assignable to type 'IntrinsicAttributes & GridBaseProps & { sx?: SxProps<Theme> | undefined; } & SystemProps<Theme> & Omit<...>'.
      Property 'item' does not exist on type 'IntrinsicAttributes & GridBaseProps & { sx?: SxProps<Theme> | undefined; } & SystemProps<Theme> & Omit<...>'.
    471 |                 {analytics ? (
    472 |                     <Grid container spacing={3}>
  > 473 |                         <Grid item xs={12} md={6}>
        |                         ^^^^^^^^^^^^^^^^^^^^^^^^^^
    474 |                             <Card>
    475 |                                 <CardContent>
    476 |                                     <Typography variant="h6" gutterBottom>

ERROR in src/components/RealEstate/ApartmentCommunityAnalysisDashboard.tsx:505:25
TS2769: No overload matches this call.
  Overload 1 of 2, '(props: { component: ElementType<any, keyof IntrinsicElements>; } & GridBaseProps & { sx?: SxProps<Theme> | undefined; } & SystemProps<...> & Omit<...>): Element | null', gave the following error.
    Property 'component' is missing in type '{ children: Element; item: true; xs: number; md: number; }' but required in type '{ component: ElementType<any, keyof IntrinsicElements>; }'.
  Overload 2 of 2, '(props: DefaultComponentProps<GridTypeMap<{}, "div">>): Element | null', gave the following error.
    Type '{ children: Element; item: true; xs: number; md: number; }' is not assignable to type 'IntrinsicAttributes & GridBaseProps & { sx?: SxProps<Theme> | undefined; } & SystemProps<Theme> & Omit<...>'.
      Property 'item' does not exist on type 'IntrinsicAttributes & GridBaseProps & { sx?: SxProps<Theme> | undefined; } & SystemProps<Theme> & Omit<...>'.
    503 |                             </Card>
    504 |                         </Grid>
  > 505 |                         <Grid item xs={12} md={6}>
        |                         ^^^^^^^^^^^^^^^^^^^^^^^^^^
    506 |                             <Card>
    507 |                                 <CardContent>
    508 |                                     <Typography variant="h6" gutterBottom>

ERROR in src/components/RealEstate/ApartmentCommunityAnalysisDashboard.tsx:524:25
TS2769: No overload matches this call.
  Overload 1 of 2, '(props: { component: ElementType<any, keyof IntrinsicElements>; } & GridBaseProps & { sx?: SxProps<Theme> | undefined; } & SystemProps<...> & Omit<...>): Element | null', gave the following error.
    Property 'component' is missing in type '{ children: Element; item: true; xs: number; }' but required in type '{ component: ElementType<any, keyof IntrinsicElements>; }'.
  Overload 2 of 2, '(props: DefaultComponentProps<GridTypeMap<{}, "div">>): Element | null', gave the following error.
    Type '{ children: Element; item: true; xs: number; }' is not assignable to type 'IntrinsicAttributes & GridBaseProps & { sx?: SxProps<Theme> | undefined; } & SystemProps<Theme> & Omit<...>'.
      Property 'item' does not exist on type 'IntrinsicAttributes & GridBaseProps & { sx?: SxProps<Theme> | undefined; } & SystemProps<Theme> & Omit<...>'.
    522 |                             </Card>
    523 |                         </Grid>
  > 524 |                         <Grid item xs={12}>
        |                         ^^^^^^^^^^^^^^^^^^^
    525 |                             <Card>
    526 |                                 <CardContent>
    527 |                                     <Typography variant="h6" gutterBottom>

ERROR in src/components/RealEstate/ConstructionCompanyDashboard.tsx:327:25
TS2769: No overload matches this call.
  Overload 1 of 2, '(props: { component: ElementType<any, keyof IntrinsicElements>; } & GridBaseProps & { sx?: SxProps<Theme> | undefined; } & SystemProps<...> & Omit<...>): Element | null', gave the following error.
    Property 'component' is missing in type '{ children: Element; item: true; xs: number; md: number; key: string; }' but required in type '{ component: ElementType<any, keyof IntrinsicElements>; }'.
  Overload 2 of 2, '(props: DefaultComponentProps<GridTypeMap<{}, "div">>): Element | null', gave the following error.
    Type '{ children: Element; item: true; xs: number; md: number; key: string; }' is not assignable to type 'IntrinsicAttributes & GridBaseProps & { sx?: SxProps<Theme> | undefined; } & SystemProps<Theme> & Omit<...>'.
      Property 'item' does not exist on type 'IntrinsicAttributes & GridBaseProps & { sx?: SxProps<Theme> | undefined; } & SystemProps<Theme> & Omit<...>'.
    325 |                 <Grid container spacing={3}>
    326 |                     {companies.map((company) => (
  > 327 |                         <Grid item xs={12} md={6} key={company.id}>
        |                         ^^^^^^^^^^^^^^^^^^^^^^^^^^^^^^^^^^^^^^^^^^^
    328 |                             <Card>
    329 |                                 <CardContent>
    330 |                                     <Box sx={{ display: 'flex', justifyContent: 'space-between', mb: 2 }}>

ERROR in src/components/RealEstate/ConstructionCompanyDashboard.tsx:348:41
TS2769: No overload matches this call.
  Overload 1 of 2, '(props: { component: ElementType<any, keyof IntrinsicElements>; } & GridBaseProps & { sx?: SxProps<Theme> | undefined; } & SystemProps<...> & Omit<...>): Element | null', gave the following error.
    Property 'component' is missing in type '{ children: Element[]; item: true; xs: number; }' but required in type '{ component: ElementType<any, keyof IntrinsicElements>; }'.
  Overload 2 of 2, '(props: DefaultComponentProps<GridTypeMap<{}, "div">>): Element | null', gave the following error.
    Type '{ children: Element[]; item: true; xs: number; }' is not assignable to type 'IntrinsicAttributes & GridBaseProps & { sx?: SxProps<Theme> | undefined; } & SystemProps<Theme> & Omit<...>'.
      Property 'item' does not exist on type 'IntrinsicAttributes & GridBaseProps & { sx?: SxProps<Theme> | undefined; } & SystemProps<Theme> & Omit<...>'.
    346 |                                     </Box>
    347 |                                     <Grid container spacing={2}>
  > 348 |                                         <Grid item xs={6}>
        |                                         ^^^^^^^^^^^^^^^^^^
    349 |                                             <Typography variant="body2" color="text.secondary">
    350 |                                                 총 프로젝트
    351 |                                             </Typography>

ERROR in src/components/RealEstate/ConstructionCompanyDashboard.tsx:354:41
TS2769: No overload matches this call.
  Overload 1 of 2, '(props: { component: ElementType<any, keyof IntrinsicElements>; } & GridBaseProps & { sx?: SxProps<Theme> | undefined; } & SystemProps<...> & Omit<...>): Element | null', gave the following error.
    Property 'component' is missing in type '{ children: Element[]; item: true; xs: number; }' but required in type '{ component: ElementType<any, keyof IntrinsicElements>; }'.
  Overload 2 of 2, '(props: DefaultComponentProps<GridTypeMap<{}, "div">>): Element | null', gave the following error.
    Type '{ children: Element[]; item: true; xs: number; }' is not assignable to type 'IntrinsicAttributes & GridBaseProps & { sx?: SxProps<Theme> | undefined; } & SystemProps<Theme> & Omit<...>'.
      Property 'item' does not exist on type 'IntrinsicAttributes & GridBaseProps & { sx?: SxProps<Theme> | undefined; } & SystemProps<Theme> & Omit<...>'.
    352 |                                             <Typography variant="h6">{company.total_projects}</Typography>
    353 |                                         </Grid>
  > 354 |                                         <Grid item xs={6}>
        |                                         ^^^^^^^^^^^^^^^^^^
    355 |                                             <Typography variant="body2" color="text.secondary">
    356 |                                                 완료 프로젝트
    357 |                                             </Typography>

ERROR in src/components/RealEstate/ConstructionCompanyDashboard.tsx:362:41
TS2769: No overload matches this call.
  Overload 1 of 2, '(props: { component: ElementType<any, keyof IntrinsicElements>; } & GridBaseProps & { sx?: SxProps<Theme> | undefined; } & SystemProps<...> & Omit<...>): Element | null', gave the following error.
    Property 'component' is missing in type '{ children: Element[]; item: true; xs: number; }' but required in type '{ component: ElementType<any, keyof IntrinsicElements>; }'.
  Overload 2 of 2, '(props: DefaultComponentProps<GridTypeMap<{}, "div">>): Element | null', gave the following error.
    Type '{ children: Element[]; item: true; xs: number; }' is not assignable to type 'IntrinsicAttributes & GridBaseProps & { sx?: SxProps<Theme> | undefined; } & SystemProps<Theme> & Omit<...>'.
      Property 'item' does not exist on type 'IntrinsicAttributes & GridBaseProps & { sx?: SxProps<Theme> | undefined; } & SystemProps<Theme> & Omit<...>'.
    360 |                                             </Typography>
    361 |                                         </Grid>
  > 362 |                                         <Grid item xs={6}>
        |                                         ^^^^^^^^^^^^^^^^^^
    363 |                                             <Typography variant="body2" color="text.secondary">
    364 |                                                 평판 점수
    365 |                                             </Typography>

ERROR in src/components/RealEstate/ConstructionCompanyDashboard.tsx:368:41
TS2769: No overload matches this call.
  Overload 1 of 2, '(props: { component: ElementType<any, keyof IntrinsicElements>; } & GridBaseProps & { sx?: SxProps<Theme> | undefined; } & SystemProps<...> & Omit<...>): Element | null', gave the following error.
    Property 'component' is missing in type '{ children: Element[]; item: true; xs: number; }' but required in type '{ component: ElementType<any, keyof IntrinsicElements>; }'.
  Overload 2 of 2, '(props: DefaultComponentProps<GridTypeMap<{}, "div">>): Element | null', gave the following error.
    Type '{ children: Element[]; item: true; xs: number; }' is not assignable to type 'IntrinsicAttributes & GridBaseProps & { sx?: SxProps<Theme> | undefined; } & SystemProps<Theme> & Omit<...>'.
      Property 'item' does not exist on type 'IntrinsicAttributes & GridBaseProps & { sx?: SxProps<Theme> | undefined; } & SystemProps<Theme> & Omit<...>'.
    366 |                                             <Typography variant="h6">{company.reputation_score.toFixed(1)}</Typography>
    367 |                                         </Grid>
  > 368 |                                         <Grid item xs={6}>
        |                                         ^^^^^^^^^^^^^^^^^^
    369 |                                             <Typography variant="body2" color="text.secondary">
    370 |                                                 품질 점수
    371 |                                             </Typography>

ERROR in src/components/RealEstate/ConstructionCompanyDashboard.tsx:603:29
TS2769: No overload matches this call.
  Overload 1 of 2, '(props: { component: ElementType<any, keyof IntrinsicElements>; } & GridBaseProps & { sx?: SxProps<Theme> | undefined; } & SystemProps<...> & Omit<...>): Element | null', gave the following error.
    Property 'component' is missing in type '{ children: Element; item: true; xs: number; md: number; key: string; }' but required in type '{ component: ElementType<any, keyof IntrinsicElements>; }'.
  Overload 2 of 2, '(props: DefaultComponentProps<GridTypeMap<{}, "div">>): Element | null', gave the following error.
    Type '{ children: Element; item: true; xs: number; md: number; key: string; }' is not assignable to type 'IntrinsicAttributes & GridBaseProps & { sx?: SxProps<Theme> | undefined; } & SystemProps<Theme> & Omit<...>'.
      Property 'item' does not exist on type 'IntrinsicAttributes & GridBaseProps & { sx?: SxProps<Theme> | undefined; } & SystemProps<Theme> & Omit<...>'.
    601 |                     <Grid container spacing={3}>
    602 |                         {selectionAnalyses.map((analysis) => (
  > 603 |                             <Grid item xs={12} md={6} key={analysis.company_id}>
        |                             ^^^^^^^^^^^^^^^^^^^^^^^^^^^^^^^^^^^^^^^^^^^^^^^^^^^^
    604 |                                 <Card>
    605 |                                     <CardContent>
    606 |                                         <Typography variant="h6" gutterBottom>

ERROR in src/components/Security/AdvancedSecurityPanel.tsx:397:21
TS2769: No overload matches this call.
  Overload 1 of 2, '(props: { component: ElementType<any, keyof IntrinsicElements>; } & GridBaseProps & { sx?: SxProps<Theme> | undefined; } & SystemProps<...> & Omit<...>): Element | null', gave the following error.
    Property 'component' is missing in type '{ children: Element; item: true; xs: number; md: number; }' but required in type '{ component: ElementType<any, keyof IntrinsicElements>; }'.
  Overload 2 of 2, '(props: DefaultComponentProps<GridTypeMap<{}, "div">>): Element | null', gave the following error.
    Type '{ children: Element; item: true; xs: number; md: number; }' is not assignable to type 'IntrinsicAttributes & GridBaseProps & { sx?: SxProps<Theme> | undefined; } & SystemProps<Theme> & Omit<...>'.
      Property 'item' does not exist on type 'IntrinsicAttributes & GridBaseProps & { sx?: SxProps<Theme> | undefined; } & SystemProps<Theme> & Omit<...>'.
    395 |             {securityStatus && (
    396 |                 <Grid container spacing={3} sx={{ mb: 3 }}>
  > 397 |                     <Grid item xs={12} md={3}>
        |                     ^^^^^^^^^^^^^^^^^^^^^^^^^^
    398 |                         <Card role="region" aria-label="보안 점수">
    399 |                             <CardContent>
    400 |                                 <Typography color="textSecondary" gutterBottom>

ERROR in src/components/Security/AdvancedSecurityPanel.tsx:415:21
TS2769: No overload matches this call.
  Overload 1 of 2, '(props: { component: ElementType<any, keyof IntrinsicElements>; } & GridBaseProps & { sx?: SxProps<Theme> | undefined; } & SystemProps<...> & Omit<...>): Element | null', gave the following error.
    Property 'component' is missing in type '{ children: Element; item: true; xs: number; md: number; }' but required in type '{ component: ElementType<any, keyof IntrinsicElements>; }'.
  Overload 2 of 2, '(props: DefaultComponentProps<GridTypeMap<{}, "div">>): Element | null', gave the following error.
    Type '{ children: Element; item: true; xs: number; md: number; }' is not assignable to type 'IntrinsicAttributes & GridBaseProps & { sx?: SxProps<Theme> | undefined; } & SystemProps<Theme> & Omit<...>'.
      Property 'item' does not exist on type 'IntrinsicAttributes & GridBaseProps & { sx?: SxProps<Theme> | undefined; } & SystemProps<Theme> & Omit<...>'.
    413 |                         </Card>
    414 |                     </Grid>
  > 415 |                     <Grid item xs={12} md={3}>
        |                     ^^^^^^^^^^^^^^^^^^^^^^^^^^
    416 |                         <Card role="region" aria-label="활성 위협">
    417 |                             <CardContent>
    418 |                                 <Typography color="textSecondary" gutterBottom>

ERROR in src/components/Security/AdvancedSecurityPanel.tsx:438:21
TS2769: No overload matches this call.
  Overload 1 of 2, '(props: { component: ElementType<any, keyof IntrinsicElements>; } & GridBaseProps & { sx?: SxProps<Theme> | undefined; } & SystemProps<...> & Omit<...>): Element | null', gave the following error.
    Property 'component' is missing in type '{ children: Element; item: true; xs: number; md: number; }' but required in type '{ component: ElementType<any, keyof IntrinsicElements>; }'.
  Overload 2 of 2, '(props: DefaultComponentProps<GridTypeMap<{}, "div">>): Element | null', gave the following error.
    Type '{ children: Element; item: true; xs: number; md: number; }' is not assignable to type 'IntrinsicAttributes & GridBaseProps & { sx?: SxProps<Theme> | undefined; } & SystemProps<Theme> & Omit<...>'.
      Property 'item' does not exist on type 'IntrinsicAttributes & GridBaseProps & { sx?: SxProps<Theme> | undefined; } & SystemProps<Theme> & Omit<...>'.
    436 |                         </Card>
    437 |                     </Grid>
  > 438 |                     <Grid item xs={12} md={3}>
        |                     ^^^^^^^^^^^^^^^^^^^^^^^^^^
    439 |                         <Card role="region" aria-label="고위험 이벤트">
    440 |                             <CardContent>
    441 |                                 <Typography color="textSecondary" gutterBottom>

ERROR in src/components/Security/AdvancedSecurityPanel.tsx:453:21
TS2769: No overload matches this call.
  Overload 1 of 2, '(props: { component: ElementType<any, keyof IntrinsicElements>; } & GridBaseProps & { sx?: SxProps<Theme> | undefined; } & SystemProps<...> & Omit<...>): Element | null', gave the following error.
    Property 'component' is missing in type '{ children: Element; item: true; xs: number; md: number; }' but required in type '{ component: ElementType<any, keyof IntrinsicElements>; }'.
  Overload 2 of 2, '(props: DefaultComponentProps<GridTypeMap<{}, "div">>): Element | null', gave the following error.
    Type '{ children: Element; item: true; xs: number; md: number; }' is not assignable to type 'IntrinsicAttributes & GridBaseProps & { sx?: SxProps<Theme> | undefined; } & SystemProps<Theme> & Omit<...>'.
      Property 'item' does not exist on type 'IntrinsicAttributes & GridBaseProps & { sx?: SxProps<Theme> | undefined; } & SystemProps<Theme> & Omit<...>'.
    451 |                         </Card>
    452 |                     </Grid>
  > 453 |                     <Grid item xs={12} md={3}>
        |                     ^^^^^^^^^^^^^^^^^^^^^^^^^^
    454 |                         <Card role="region" aria-label="암호화 키">
    455 |                             <CardContent>
    456 |                                 <Typography color="textSecondary" gutterBottom>

ERROR in src/components/Security/AdvancedSecurityPanel.tsx:789:53
TS2367: This comparison appears to be unintentional because the types '"disabled" | "enabled"' and '""' have no overlap.
    787 |                                 value={policyFilter.enabled === undefined ? '' : policyFilter.enabled ? 'enabled' : 'disabled'}
    788 |                                 onChange={(e) => {
  > 789 |                                     const enabled = e.target.value === '' ? undefined : e.target.value === 'enabled';
        |                                                     ^^^^^^^^^^^^^^^^^^^^^
    790 |                                     handlePolicyFilterChange(policyFilter.type, enabled, policyFilter.search);
    791 |                                 }}
    792 |                                 label="상태"

ERROR in src/components/Security/AdvancedSecurityPanel.tsx:824:29
TS2769: No overload matches this call.
  Overload 1 of 2, '(props: { component: ElementType<any, keyof IntrinsicElements>; } & GridBaseProps & { sx?: SxProps<Theme> | undefined; } & SystemProps<...> & Omit<...>): Element | null', gave the following error.
    Property 'component' is missing in type '{ children: Element; item: true; xs: number; md: number; key: string; }' but required in type '{ component: ElementType<any, keyof IntrinsicElements>; }'.
  Overload 2 of 2, '(props: DefaultComponentProps<GridTypeMap<{}, "div">>): Element | null', gave the following error.
    Type '{ children: Element; item: true; xs: number; md: number; key: string; }' is not assignable to type 'IntrinsicAttributes & GridBaseProps & { sx?: SxProps<Theme> | undefined; } & SystemProps<Theme> & Omit<...>'.
      Property 'item' does not exist on type 'IntrinsicAttributes & GridBaseProps & { sx?: SxProps<Theme> | undefined; } & SystemProps<Theme> & Omit<...>'.
    822 |                     <Grid container spacing={2}>
    823 |                         {filteredPolicies.map((policy) => (
  > 824 |                             <Grid item xs={12} md={6} key={policy.id}>
        |                             ^^^^^^^^^^^^^^^^^^^^^^^^^^^^^^^^^^^^^^^^^^
    825 |                                 <Card>
    826 |                                     <CardContent>
    827 |                                         <Box sx={{ display: 'flex', justifyContent: 'space-between', mb: 1 }}>

ERROR in src/components/Security/SecurityAnalyticsPanel.tsx:105:25
TS2769: No overload matches this call.
  Overload 1 of 2, '(props: { component: ElementType<any, keyof IntrinsicElements>; } & GridBaseProps & { sx?: SxProps<Theme> | undefined; } & SystemProps<...> & Omit<...>): Element | null', gave the following error.
    Property 'component' is missing in type '{ children: Element; item: true; xs: number; sm: number; }' but required in type '{ component: ElementType<any, keyof IntrinsicElements>; }'.
  Overload 2 of 2, '(props: DefaultComponentProps<GridTypeMap<{}, "div">>): Element | null', gave the following error.
    Type '{ children: Element; item: true; xs: number; sm: number; }' is not assignable to type 'IntrinsicAttributes & GridBaseProps & { sx?: SxProps<Theme> | undefined; } & SystemProps<Theme> & Omit<...>'.
      Property 'item' does not exist on type 'IntrinsicAttributes & GridBaseProps & { sx?: SxProps<Theme> | undefined; } & SystemProps<Theme> & Omit<...>'.
    103 |                 <CardContent>
    104 |                     <Grid container spacing={2} alignItems="center">
  > 105 |                         <Grid item xs={12} sm={4}>
        |                         ^^^^^^^^^^^^^^^^^^^^^^^^^^
    106 |                             <Box>
    107 |                                 <Typography variant="body2" sx={{ mb: 1 }}>
    108 |                                     시작 날짜

ERROR in src/components/Security/SecurityAnalyticsPanel.tsx:125:25
TS2769: No overload matches this call.
  Overload 1 of 2, '(props: { component: ElementType<any, keyof IntrinsicElements>; } & GridBaseProps & { sx?: SxProps<Theme> | undefined; } & SystemProps<...> & Omit<...>): Element | null', gave the following error.
    Property 'component' is missing in type '{ children: Element; item: true; xs: number; sm: number; }' but required in type '{ component: ElementType<any, keyof IntrinsicElements>; }'.
  Overload 2 of 2, '(props: DefaultComponentProps<GridTypeMap<{}, "div">>): Element | null', gave the following error.
    Type '{ children: Element; item: true; xs: number; sm: number; }' is not assignable to type 'IntrinsicAttributes & GridBaseProps & { sx?: SxProps<Theme> | undefined; } & SystemProps<Theme> & Omit<...>'.
      Property 'item' does not exist on type 'IntrinsicAttributes & GridBaseProps & { sx?: SxProps<Theme> | undefined; } & SystemProps<Theme> & Omit<...>'.
    123 |                             </Box>
    124 |                         </Grid>
  > 125 |                         <Grid item xs={12} sm={4}>
        |                         ^^^^^^^^^^^^^^^^^^^^^^^^^^
    126 |                             <Box>
    127 |                                 <Typography variant="body2" sx={{ mb: 1 }}>
    128 |                                     종료 날짜

ERROR in src/components/Security/SecurityAnalyticsPanel.tsx:145:25
TS2769: No overload matches this call.
  Overload 1 of 2, '(props: { component: ElementType<any, keyof IntrinsicElements>; } & GridBaseProps & { sx?: SxProps<Theme> | undefined; } & SystemProps<...> & Omit<...>): Element | null', gave the following error.
    Property 'component' is missing in type '{ children: Element; item: true; xs: number; sm: number; }' but required in type '{ component: ElementType<any, keyof IntrinsicElements>; }'.
  Overload 2 of 2, '(props: DefaultComponentProps<GridTypeMap<{}, "div">>): Element | null', gave the following error.
    Type '{ children: Element; item: true; xs: number; sm: number; }' is not assignable to type 'IntrinsicAttributes & GridBaseProps & { sx?: SxProps<Theme> | undefined; } & SystemProps<Theme> & Omit<...>'.
      Property 'item' does not exist on type 'IntrinsicAttributes & GridBaseProps & { sx?: SxProps<Theme> | undefined; } & SystemProps<Theme> & Omit<...>'.
    143 |                             </Box>
    144 |                         </Grid>
  > 145 |                         <Grid item xs={12} sm={4}>
        |                         ^^^^^^^^^^^^^^^^^^^^^^^^^^
    146 |                             <Button
    147 |                                 variant="contained"
    148 |                                 fullWidth

ERROR in src/components/Security/SecurityAnalyticsPanel.tsx:180:17
TS2769: No overload matches this call.
  Overload 1 of 2, '(props: { component: ElementType<any, keyof IntrinsicElements>; } & GridBaseProps & { sx?: SxProps<Theme> | undefined; } & SystemProps<...> & Omit<...>): Element | null', gave the following error.
    Property 'component' is missing in type '{ children: Element; item: true; xs: number; md: number; }' but required in type '{ component: ElementType<any, keyof IntrinsicElements>; }'.
  Overload 2 of 2, '(props: DefaultComponentProps<GridTypeMap<{}, "div">>): Element | null', gave the following error.
    Type '{ children: Element; item: true; xs: number; md: number; }' is not assignable to type 'IntrinsicAttributes & GridBaseProps & { sx?: SxProps<Theme> | undefined; } & SystemProps<Theme> & Omit<...>'.
      Property 'item' does not exist on type 'IntrinsicAttributes & GridBaseProps & { sx?: SxProps<Theme> | undefined; } & SystemProps<Theme> & Omit<...>'.
    178 |             {/* 위협 통계 */}
    179 |             <Grid container spacing={3} sx={{ mb: 3 }}>
  > 180 |                 <Grid item xs={12} md={6}>
        |                 ^^^^^^^^^^^^^^^^^^^^^^^^^^
    181 |                     <Card>
    182 |                         <CardContent>
    183 |                             <Typography variant="h6" gutterBottom>

ERROR in src/components/Security/SecurityAnalyticsPanel.tsx:204:17
TS2769: No overload matches this call.
  Overload 1 of 2, '(props: { component: ElementType<any, keyof IntrinsicElements>; } & GridBaseProps & { sx?: SxProps<Theme> | undefined; } & SystemProps<...> & Omit<...>): Element | null', gave the following error.
    Property 'component' is missing in type '{ children: Element; item: true; xs: number; md: number; }' but required in type '{ component: ElementType<any, keyof IntrinsicElements>; }'.
  Overload 2 of 2, '(props: DefaultComponentProps<GridTypeMap<{}, "div">>): Element | null', gave the following error.
    Type '{ children: Element; item: true; xs: number; md: number; }' is not assignable to type 'IntrinsicAttributes & GridBaseProps & { sx?: SxProps<Theme> | undefined; } & SystemProps<Theme> & Omit<...>'.
      Property 'item' does not exist on type 'IntrinsicAttributes & GridBaseProps & { sx?: SxProps<Theme> | undefined; } & SystemProps<Theme> & Omit<...>'.
    202 |                 </Grid>
    203 |
  > 204 |                 <Grid item xs={12} md={6}>
        |                 ^^^^^^^^^^^^^^^^^^^^^^^^^^
    205 |                     <Card>
    206 |                         <CardContent>
    207 |                             <Typography variant="h6" gutterBottom>

ERROR in src/components/Security/SecurityAnalyticsPanel.tsx:262:17
TS2769: No overload matches this call.
  Overload 1 of 2, '(props: { component: ElementType<any, keyof IntrinsicElements>; } & GridBaseProps & { sx?: SxProps<Theme> | undefined; } & SystemProps<...> & Omit<...>): Element | null', gave the following error.
    Property 'component' is missing in type '{ children: Element; item: true; xs: number; md: number; }' but required in type '{ component: ElementType<any, keyof IntrinsicElements>; }'.
  Overload 2 of 2, '(props: DefaultComponentProps<GridTypeMap<{}, "div">>): Element | null', gave the following error.
    Type '{ children: Element; item: true; xs: number; md: number; }' is not assignable to type 'IntrinsicAttributes & GridBaseProps & { sx?: SxProps<Theme> | undefined; } & SystemProps<Theme> & Omit<...>'.
      Property 'item' does not exist on type 'IntrinsicAttributes & GridBaseProps & { sx?: SxProps<Theme> | undefined; } & SystemProps<Theme> & Omit<...>'.
    260 |             {/* 이벤트 통계 */}
    261 |             <Grid container spacing={3} sx={{ mb: 3 }}>
  > 262 |                 <Grid item xs={12} md={6}>
        |                 ^^^^^^^^^^^^^^^^^^^^^^^^^^
    263 |                     <Card>
    264 |                         <CardContent>
    265 |                             <Typography variant="h6" gutterBottom>

ERROR in src/components/Security/SecurityAnalyticsPanel.tsx:286:17
TS2769: No overload matches this call.
  Overload 1 of 2, '(props: { component: ElementType<any, keyof IntrinsicElements>; } & GridBaseProps & { sx?: SxProps<Theme> | undefined; } & SystemProps<...> & Omit<...>): Element | null', gave the following error.
    Property 'component' is missing in type '{ children: Element; item: true; xs: number; md: number; }' but required in type '{ component: ElementType<any, keyof IntrinsicElements>; }'.
  Overload 2 of 2, '(props: DefaultComponentProps<GridTypeMap<{}, "div">>): Element | null', gave the following error.
    Type '{ children: Element; item: true; xs: number; md: number; }' is not assignable to type 'IntrinsicAttributes & GridBaseProps & { sx?: SxProps<Theme> | undefined; } & SystemProps<Theme> & Omit<...>'.
      Property 'item' does not exist on type 'IntrinsicAttributes & GridBaseProps & { sx?: SxProps<Theme> | undefined; } & SystemProps<Theme> & Omit<...>'.
    284 |                 </Grid>
    285 |
  > 286 |                 <Grid item xs={12} md={6}>
        |                 ^^^^^^^^^^^^^^^^^^^^^^^^^^
    287 |                     <Card>
    288 |                         <CardContent>
    289 |                             <Typography variant="h6" gutterBottom>

ERROR in src/components/Security/SecurityAnalyticsPanel.tsx:320:25
TS2769: No overload matches this call.
  Overload 1 of 2, '(props: { component: ElementType<any, keyof IntrinsicElements>; } & GridBaseProps & { sx?: SxProps<Theme> | undefined; } & SystemProps<...> & Omit<...>): Element | null', gave the following error.
    Property 'component' is missing in type '{ children: Element[]; item: true; xs: number; sm: number; }' but required in type '{ component: ElementType<any, keyof IntrinsicElements>; }'.
  Overload 2 of 2, '(props: DefaultComponentProps<GridTypeMap<{}, "div">>): Element | null', gave the following error.
    Type '{ children: Element[]; item: true; xs: number; sm: number; }' is not assignable to type 'IntrinsicAttributes & GridBaseProps & { sx?: SxProps<Theme> | undefined; } & SystemProps<Theme> & Omit<...>'.
      Property 'item' does not exist on type 'IntrinsicAttributes & GridBaseProps & { sx?: SxProps<Theme> | undefined; } & SystemProps<Theme> & Omit<...>'.
    318 |                     </Typography>
    319 |                     <Grid container spacing={2}>
  > 320 |                         <Grid item xs={12} sm={4}>
        |                         ^^^^^^^^^^^^^^^^^^^^^^^^^^
    321 |                             <Typography variant="body2" color="text.secondary">
    322 |                                 총 알림 수
    323 |                             </Typography>

ERROR in src/components/Security/SecurityAnalyticsPanel.tsx:326:25
TS2769: No overload matches this call.
  Overload 1 of 2, '(props: { component: ElementType<any, keyof IntrinsicElements>; } & GridBaseProps & { sx?: SxProps<Theme> | undefined; } & SystemProps<...> & Omit<...>): Element | null', gave the following error.
    Property 'component' is missing in type '{ children: Element[]; item: true; xs: number; sm: number; }' but required in type '{ component: ElementType<any, keyof IntrinsicElements>; }'.
  Overload 2 of 2, '(props: DefaultComponentProps<GridTypeMap<{}, "div">>): Element | null', gave the following error.
    Type '{ children: Element[]; item: true; xs: number; sm: number; }' is not assignable to type 'IntrinsicAttributes & GridBaseProps & { sx?: SxProps<Theme> | undefined; } & SystemProps<Theme> & Omit<...>'.
      Property 'item' does not exist on type 'IntrinsicAttributes & GridBaseProps & { sx?: SxProps<Theme> | undefined; } & SystemProps<Theme> & Omit<...>'.
    324 |                             <Typography variant="h4">{statistics.alerts.total}</Typography>
    325 |                         </Grid>
  > 326 |                         <Grid item xs={12} sm={4}>
        |                         ^^^^^^^^^^^^^^^^^^^^^^^^^^
    327 |                             <Typography variant="body2" color="text.secondary">
    328 |                                 미확인 알림
    329 |                             </Typography>

ERROR in src/components/Security/SecurityAnalyticsPanel.tsx:334:25
TS2769: No overload matches this call.
  Overload 1 of 2, '(props: { component: ElementType<any, keyof IntrinsicElements>; } & GridBaseProps & { sx?: SxProps<Theme> | undefined; } & SystemProps<...> & Omit<...>): Element | null', gave the following error.
    Property 'component' is missing in type '{ children: Element[]; item: true; xs: number; sm: number; }' but required in type '{ component: ElementType<any, keyof IntrinsicElements>; }'.
  Overload 2 of 2, '(props: DefaultComponentProps<GridTypeMap<{}, "div">>): Element | null', gave the following error.
    Type '{ children: Element[]; item: true; xs: number; sm: number; }' is not assignable to type 'IntrinsicAttributes & GridBaseProps & { sx?: SxProps<Theme> | undefined; } & SystemProps<Theme> & Omit<...>'.
      Property 'item' does not exist on type 'IntrinsicAttributes & GridBaseProps & { sx?: SxProps<Theme> | undefined; } & SystemProps<Theme> & Omit<...>'.
    332 |                             </Typography>
    333 |                         </Grid>
  > 334 |                         <Grid item xs={12} sm={4}>
        |                         ^^^^^^^^^^^^^^^^^^^^^^^^^^
    335 |                             <Typography variant="body2" color="text.secondary">
    336 |                                 심각도별 분포
    337 |                             </Typography>

ERROR in src/components/Security/SecurityAnalyticsPanel.tsx:365:21
TS2769: No overload matches this call.
  Overload 1 of 2, '(props: { component: ElementType<any, keyof IntrinsicElements>; } & GridBaseProps & { sx?: SxProps<Theme> | undefined; } & SystemProps<...> & Omit<...>): Element | null', gave the following error.
    Property 'component' is missing in type '{ children: Element; item: true; xs: number; md: number; }' but required in type '{ component: ElementType<any, keyof IntrinsicElements>; }'.
  Overload 2 of 2, '(props: DefaultComponentProps<GridTypeMap<{}, "div">>): Element | null', gave the following error.
    Type '{ children: Element; item: true; xs: number; md: number; }' is not assignable to type 'IntrinsicAttributes & GridBaseProps & { sx?: SxProps<Theme> | undefined; } & SystemProps<Theme> & Omit<...>'.
      Property 'item' does not exist on type 'IntrinsicAttributes & GridBaseProps & { sx?: SxProps<Theme> | undefined; } & SystemProps<Theme> & Omit<...>'.
    363 |             {statistics.audit.topUsers.length > 0 && (
    364 |                 <Grid container spacing={3} sx={{ mb: 3 }}>
  > 365 |                     <Grid item xs={12} md={6}>
        |                     ^^^^^^^^^^^^^^^^^^^^^^^^^^
    366 |                         <Card>
    367 |                             <CardContent>
    368 |                                 <Typography variant="h6" gutterBottom>

ERROR in src/components/Security/SecurityAnalyticsPanel.tsx:393:21
TS2769: No overload matches this call.
  Overload 1 of 2, '(props: { component: ElementType<any, keyof IntrinsicElements>; } & GridBaseProps & { sx?: SxProps<Theme> | undefined; } & SystemProps<...> & Omit<...>): Element | null', gave the following error.
    Property 'component' is missing in type '{ children: Element; item: true; xs: number; md: number; }' but required in type '{ component: ElementType<any, keyof IntrinsicElements>; }'.
  Overload 2 of 2, '(props: DefaultComponentProps<GridTypeMap<{}, "div">>): Element | null', gave the following error.
    Type '{ children: Element; item: true; xs: number; md: number; }' is not assignable to type 'IntrinsicAttributes & GridBaseProps & { sx?: SxProps<Theme> | undefined; } & SystemProps<Theme> & Omit<...>'.
      Property 'item' does not exist on type 'IntrinsicAttributes & GridBaseProps & { sx?: SxProps<Theme> | undefined; } & SystemProps<Theme> & Omit<...>'.
    391 |                     </Grid>
    392 |
  > 393 |                     <Grid item xs={12} md={6}>
        |                     ^^^^^^^^^^^^^^^^^^^^^^^^^^
    394 |                         <Card>
    395 |                             <CardContent>
    396 |                                 <Typography variant="h6" gutterBottom>

ERROR in src/components/Security/SecurityAutomationPanel.tsx:103:17
TS2322: Type '{ type: "threat" | "alert" | "event" | "metric"; condition: string; severity?: "low" | "medium" | "high" | "critical" | undefined; }' is not assignable to type '{ type: "threat" | "alert" | "event" | "metric"; condition: string; severity: "low" | "medium" | "high" | "critical"; }'.
  Types of property 'severity' are incompatible.
    Type '"low" | "medium" | "high" | "critical" | undefined' is not assignable to type '"low" | "medium" | "high" | "critical"'.
      Type 'undefined' is not assignable to type '"low" | "medium" | "high" | "critical"'.
    101 |                 name: rule.name,
    102 |                 description: rule.description,
  > 103 |                 trigger: rule.trigger,
        |                 ^^^^^^^
    104 |                 actions: rule.actions,
    105 |                 enabled: rule.enabled,
    106 |             });

ERROR in src/components/Security/SecurityAutomationPanel.tsx:209:17
TS2769: No overload matches this call.
  Overload 1 of 2, '(props: { component: ElementType<any, keyof IntrinsicElements>; } & GridBaseProps & { sx?: SxProps<Theme> | undefined; } & SystemProps<...> & Omit<...>): Element | null', gave the following error.
    Property 'component' is missing in type '{ children: Element; item: true; xs: number; }' but required in type '{ component: ElementType<any, keyof IntrinsicElements>; }'.
  Overload 2 of 2, '(props: DefaultComponentProps<GridTypeMap<{}, "div">>): Element | null', gave the following error.
    Type '{ children: Element; item: true; xs: number; }' is not assignable to type 'IntrinsicAttributes & GridBaseProps & { sx?: SxProps<Theme> | undefined; } & SystemProps<Theme> & Omit<...>'.
      Property 'item' does not exist on type 'IntrinsicAttributes & GridBaseProps & { sx?: SxProps<Theme> | undefined; } & SystemProps<Theme> & Omit<...>'.
    207 |
    208 |             <Grid container spacing={3}>
  > 209 |                 <Grid item xs={12}>
        |                 ^^^^^^^^^^^^^^^^^^^
    210 |                     <Card>
    211 |                         <CardContent>
    212 |                             <Typography variant="h6" gutterBottom>

ERROR in src/components/Security/SecurityCharts.tsx:147:13
TS2769: No overload matches this call.
  Overload 1 of 2, '(props: { component: ElementType<any, keyof IntrinsicElements>; } & GridBaseProps & { sx?: SxProps<Theme> | undefined; } & SystemProps<...> & Omit<...>): Element | null', gave the following error.
    Property 'component' is missing in type '{ children: Element; item: true; xs: number; md: number; }' but required in type '{ component: ElementType<any, keyof IntrinsicElements>; }'.
  Overload 2 of 2, '(props: DefaultComponentProps<GridTypeMap<{}, "div">>): Element | null', gave the following error.
    Type '{ children: Element; item: true; xs: number; md: number; }' is not assignable to type 'IntrinsicAttributes & GridBaseProps & { sx?: SxProps<Theme> | undefined; } & SystemProps<Theme> & Omit<...>'.
      Property 'item' does not exist on type 'IntrinsicAttributes & GridBaseProps & { sx?: SxProps<Theme> | undefined; } & SystemProps<Theme> & Omit<...>'.
    145 |         <Grid container spacing={3}>
    146 |             {/* 위협 심각도 분포 */}
  > 147 |             <Grid item xs={12} md={6}>
        |             ^^^^^^^^^^^^^^^^^^^^^^^^^^
    148 |                 <Card>
    149 |                     <CardContent>
    150 |                         <Typography variant="h6" gutterBottom>

ERROR in src/components/Security/SecurityCharts.tsx:160:53
TS2339: Property 'percent' does not exist on type 'Props'.
    158 |                                     cy="50%"
    159 |                                     labelLine={false}
  > 160 |                                     label={({ name, percent }) =>
        |                                                     ^^^^^^^
    161 |                                         `${name}: ${(percent * 100).toFixed(0)}%`
    162 |                                     }
    163 |                                     outerRadius={80}

ERROR in src/components/Security/SecurityCharts.tsx:180:13
TS2769: No overload matches this call.
  Overload 1 of 2, '(props: { component: ElementType<any, keyof IntrinsicElements>; } & GridBaseProps & { sx?: SxProps<Theme> | undefined; } & SystemProps<...> & Omit<...>): Element | null', gave the following error.
    Property 'component' is missing in type '{ children: Element; item: true; xs: number; md: number; }' but required in type '{ component: ElementType<any, keyof IntrinsicElements>; }'.
  Overload 2 of 2, '(props: DefaultComponentProps<GridTypeMap<{}, "div">>): Element | null', gave the following error.
    Type '{ children: Element; item: true; xs: number; md: number; }' is not assignable to type 'IntrinsicAttributes & GridBaseProps & { sx?: SxProps<Theme> | undefined; } & SystemProps<Theme> & Omit<...>'.
      Property 'item' does not exist on type 'IntrinsicAttributes & GridBaseProps & { sx?: SxProps<Theme> | undefined; } & SystemProps<Theme> & Omit<...>'.
    178 |
    179 |             {/* 알림 타입별 분포 */}
  > 180 |             <Grid item xs={12} md={6}>
        |             ^^^^^^^^^^^^^^^^^^^^^^^^^^
    181 |                 <Card>
    182 |                     <CardContent>
    183 |                         <Typography variant="h6" gutterBottom>

ERROR in src/components/Security/SecurityCharts.tsx:201:13
TS2769: No overload matches this call.
  Overload 1 of 2, '(props: { component: ElementType<any, keyof IntrinsicElements>; } & GridBaseProps & { sx?: SxProps<Theme> | undefined; } & SystemProps<...> & Omit<...>): Element | null', gave the following error.
    Property 'component' is missing in type '{ children: Element; item: true; xs: number; }' but required in type '{ component: ElementType<any, keyof IntrinsicElements>; }'.
  Overload 2 of 2, '(props: DefaultComponentProps<GridTypeMap<{}, "div">>): Element | null', gave the following error.
    Type '{ children: Element; item: true; xs: number; }' is not assignable to type 'IntrinsicAttributes & GridBaseProps & { sx?: SxProps<Theme> | undefined; } & SystemProps<Theme> & Omit<...>'.
      Property 'item' does not exist on type 'IntrinsicAttributes & GridBaseProps & { sx?: SxProps<Theme> | undefined; } & SystemProps<Theme> & Omit<...>'.
    199 |
    200 |             {/* 위협 발생 추이 */}
  > 201 |             <Grid item xs={12}>
        |             ^^^^^^^^^^^^^^^^^^^
    202 |                 <Card>
    203 |                     <CardContent>
    204 |                         <Typography variant="h6" gutterBottom>

ERROR in src/components/Security/SecurityCharts.tsx:249:13
TS2769: No overload matches this call.
  Overload 1 of 2, '(props: { component: ElementType<any, keyof IntrinsicElements>; } & GridBaseProps & { sx?: SxProps<Theme> | undefined; } & SystemProps<...> & Omit<...>): Element | null', gave the following error.
    Property 'component' is missing in type '{ children: Element; item: true; xs: number; md: number; }' but required in type '{ component: ElementType<any, keyof IntrinsicElements>; }'.
  Overload 2 of 2, '(props: DefaultComponentProps<GridTypeMap<{}, "div">>): Element | null', gave the following error.
    Type '{ children: Element; item: true; xs: number; md: number; }' is not assignable to type 'IntrinsicAttributes & GridBaseProps & { sx?: SxProps<Theme> | undefined; } & SystemProps<Theme> & Omit<...>'.
      Property 'item' does not exist on type 'IntrinsicAttributes & GridBaseProps & { sx?: SxProps<Theme> | undefined; } & SystemProps<Theme> & Omit<...>'.
    247 |
    248 |             {/* 이벤트 위험 수준 분포 */}
  > 249 |             <Grid item xs={12} md={6}>
        |             ^^^^^^^^^^^^^^^^^^^^^^^^^^
    250 |                 <Card>
    251 |                     <CardContent>
    252 |                         <Typography variant="h6" gutterBottom>

ERROR in src/components/Security/SecurityCharts.tsx:274:17
TS2769: No overload matches this call.
  Overload 1 of 2, '(props: { component: ElementType<any, keyof IntrinsicElements>; } & GridBaseProps & { sx?: SxProps<Theme> | undefined; } & SystemProps<...> & Omit<...>): Element | null', gave the following error.
    Property 'component' is missing in type '{ children: Element; item: true; xs: number; md: number; }' but required in type '{ component: ElementType<any, keyof IntrinsicElements>; }'.
  Overload 2 of 2, '(props: DefaultComponentProps<GridTypeMap<{}, "div">>): Element | null', gave the following error.
    Type '{ children: Element; item: true; xs: number; md: number; }' is not assignable to type 'IntrinsicAttributes & GridBaseProps & { sx?: SxProps<Theme> | undefined; } & SystemProps<Theme> & Omit<...>'.
      Property 'item' does not exist on type 'IntrinsicAttributes & GridBaseProps & { sx?: SxProps<Theme> | undefined; } & SystemProps<Theme> & Omit<...>'.
    272 |             {/* 보안 점수 추이 */}
    273 |             {securityScoreData.length > 0 && (
  > 274 |                 <Grid item xs={12} md={6}>
        |                 ^^^^^^^^^^^^^^^^^^^^^^^^^^
    275 |                     <Card>
    276 |                         <CardContent>
    277 |                             <Typography variant="h6" gutterBottom>

ERROR in src/components/Security/SecurityReportGenerator.tsx:26:19
TS2307: Cannot find module '@mui/material/Unstable_Grid2' or its corresponding type declarations.
    24 |     Chip,
    25 | } from '@mui/material';
  > 26 | import Grid2 from '@mui/material/Unstable_Grid2';
       |                   ^^^^^^^^^^^^^^^^^^^^^^^^^^^^^^
    27 | import {
    28 |     Description,
    29 |     Download,

ERROR in src/components/Security/SecurityReportGenerator.tsx:227:26
TS2552: Cannot find name 'Grid'. Did you mean 'Grid2'?
    225 |                         </Box>
    226 |
  > 227 |                         <Grid container spacing={2}>
        |                          ^^^^
    228 |                             <Grid item xs={12} md={6}>
    229 |                                 <Card variant="outlined">
    230 |                                     <CardContent>

ERROR in src/components/Security/SecurityReportGenerator.tsx:228:30
TS2552: Cannot find name 'Grid'. Did you mean 'Grid2'?
    226 |
    227 |                         <Grid container spacing={2}>
  > 228 |                             <Grid item xs={12} md={6}>
        |                              ^^^^
    229 |                                 <Card variant="outlined">
    230 |                                     <CardContent>
    231 |                                         <Typography variant="subtitle2" color="text.secondary" gutterBottom>

ERROR in src/components/Security/SecurityReportGenerator.tsx:243:31
TS2552: Cannot find name 'Grid'. Did you mean 'Grid2'?
    241 |                                     </CardContent>
    242 |                                 </Card>
  > 243 |                             </Grid>
        |                               ^^^^
    244 |                             <Grid item xs={12} md={6}>
    245 |                                 <Card variant="outlined">
    246 |                                     <CardContent>

ERROR in src/components/Security/SecurityReportGenerator.tsx:244:30
TS2552: Cannot find name 'Grid'. Did you mean 'Grid2'?
    242 |                                 </Card>
    243 |                             </Grid>
  > 244 |                             <Grid item xs={12} md={6}>
        |                              ^^^^
    245 |                                 <Card variant="outlined">
    246 |                                     <CardContent>
    247 |                                         <Typography variant="subtitle2" color="text.secondary" gutterBottom>

ERROR in src/components/Security/SecurityReportGenerator.tsx:271:31
TS2552: Cannot find name 'Grid'. Did you mean 'Grid2'?
    269 |                                     </CardContent>
    270 |                                 </Card>
  > 271 |                             </Grid>
        |                               ^^^^
    272 |                             <Grid item xs={12} md={6}>
    273 |                                 <Card variant="outlined">
    274 |                                     <CardContent>

ERROR in src/components/Security/SecurityReportGenerator.tsx:272:30
TS2552: Cannot find name 'Grid'. Did you mean 'Grid2'?
    270 |                                 </Card>
    271 |                             </Grid>
  > 272 |                             <Grid item xs={12} md={6}>
        |                              ^^^^
    273 |                                 <Card variant="outlined">
    274 |                                     <CardContent>
    275 |                                         <Typography variant="subtitle2" color="text.secondary" gutterBottom>

ERROR in src/components/Security/SecurityReportGenerator.tsx:281:31
TS2552: Cannot find name 'Grid'. Did you mean 'Grid2'?
    279 |                                     </CardContent>
    280 |                                 </Card>
  > 281 |                             </Grid>
        |                               ^^^^
    282 |                             <Grid item xs={12} md={6}>
    283 |                                 <Card variant="outlined">
    284 |                                     <CardContent>

ERROR in src/components/Security/SecurityReportGenerator.tsx:282:30
TS2552: Cannot find name 'Grid'. Did you mean 'Grid2'?
    280 |                                 </Card>
    281 |                             </Grid>
  > 282 |                             <Grid item xs={12} md={6}>
        |                              ^^^^
    283 |                                 <Card variant="outlined">
    284 |                                     <CardContent>
    285 |                                         <Typography variant="subtitle2" color="text.secondary" gutterBottom>

ERROR in src/components/Security/SecurityReportGenerator.tsx:291:31
TS2552: Cannot find name 'Grid'. Did you mean 'Grid2'?
    289 |                                     </CardContent>
    290 |                                 </Card>
  > 291 |                             </Grid>
        |                               ^^^^
    292 |                         </Grid>
    293 |
    294 |                         {report.recommendations.length > 0 && (

ERROR in src/components/Security/SecurityReportGenerator.tsx:292:27
TS2552: Cannot find name 'Grid'. Did you mean 'Grid2'?
    290 |                                 </Card>
    291 |                             </Grid>
  > 292 |                         </Grid>
        |                           ^^^^
    293 |
    294 |                         {report.recommendations.length > 0 && (
    295 |                             <Alert severity="info" sx={{ mt: 2 }}>

ERROR in src/services/aiHealthMonitor.ts:53:14
TS2300: Duplicate identifier 'AIHealthMonitor'.
    51 |
    52 | // AI 시스템 헬스 모니터 클래스
  > 53 | export class AIHealthMonitor extends EventEmitter {
       |              ^^^^^^^^^^^^^^^
    54 |     private services: Map<string, ServiceHealth> = new Map();
    55 |     private thresholds: Map<string, HealthThreshold> = new Map();
    56 |     private healthHistory: Map<string, HealthCheckResult[]> = new Map();

Compiling...
Compiled successfully!
webpack compiled successfully
Files successfully emitted, waiting for typecheck results...
Issues checking in progress...
Compiling...
Compiled successfully!
webpack compiled successfully
Files successfully emitted, waiting for typecheck results...
Issues checking in progress...
Compiling...
Compiled successfully!
webpack compiled successfully
Files successfully emitted, waiting for typecheck results...
Issues checking in progress...
ERROR in src/components/AnalyticsDashboard.tsx:42:16
TS7009: 'new' expression, whose target lacks a construct signature, implicitly has an 'any' type.
    40 |     } catch {
    41 |         // 최후의 수단
  > 42 |         return new Error(String(err));
       |                ^^^^^^^^^^^^^^^^^^^^^^
    43 |     }
    44 | };
    45 |

ERROR in src/components/AnalyticsDashboard.tsx:42:26
TS2769: No overload matches this call.
  Overload 1 of 2, '(props: { component: ElementType<any, keyof IntrinsicElements>; } & SvgIconOwnProps & CommonProps & Omit<any, "className" | ... 10 more ... | "viewBox">): Element | null', gave the following error.
    Argument of type 'string' is not assignable to parameter of type '{ component: ElementType<any, keyof IntrinsicElements>; } & SvgIconOwnProps & CommonProps & Omit<any, "className" | ... 10 more ... | "viewBox">'.
      Type 'string' is not assignable to type '{ component: ElementType<any, keyof IntrinsicElements>; }'.
  Overload 2 of 2, '(props: DefaultComponentProps<SvgIconTypeMap<{}, "svg">>): Element | null', gave the following error.
    Type 'string' has no properties in common with type 'DefaultComponentProps<SvgIconTypeMap<{}, "svg">>'.
    40 |     } catch {
    41 |         // 최후의 수단
  > 42 |         return new Error(String(err));
       |                          ^^^^^^^^^^^
    43 |     }
    44 | };
    45 |

ERROR in src/components/PWAInstallPrompt.tsx:299:24
TS2322: Type '{ children: Element[]; component: string; sx: { border: "none"; p: number; }; "aria-label": string; }' is not assignable to type 'IntrinsicAttributes & DialogActionsProps'.
  Property 'component' does not exist on type 'IntrinsicAttributes & DialogActionsProps'.
    297 |           </Alert>
    298 |         </DialogContent>
  > 299 |         <DialogActions component="fieldset" sx={{ border: 'none', p: 0 }} aria-label="업데이트 액션">
        |                        ^^^^^^^^^
    300 |           <Button 
    301 |             onClick={() => setShowUpdateDialog(false)}
    302 |             aria-label="업데이트 다이얼로그 닫기"

ERROR in src/components/RealEstate/ApartmentCommunityAnalysisDashboard.tsx:224:21
TS2769: No overload matches this call.
  Overload 1 of 2, '(props: { component: ElementType<any, keyof IntrinsicElements>; } & GridBaseProps & { sx?: SxProps<Theme> | undefined; } & SystemProps<...> & Omit<...>): Element | null', gave the following error.
    Property 'component' is missing in type '{ children: Element; item: true; xs: number; sm: number; md: number; }' but required in type '{ component: ElementType<any, keyof IntrinsicElements>; }'.
  Overload 2 of 2, '(props: DefaultComponentProps<GridTypeMap<{}, "div">>): Element | null', gave the following error.
    Type '{ children: Element; item: true; xs: number; sm: number; md: number; }' is not assignable to type 'IntrinsicAttributes & GridBaseProps & { sx?: SxProps<Theme> | undefined; } & SystemProps<Theme> & Omit<...>'.
      Property 'item' does not exist on type 'IntrinsicAttributes & GridBaseProps & { sx?: SxProps<Theme> | undefined; } & SystemProps<Theme> & Omit<...>'.
    222 |             {analytics && (
    223 |                 <Grid container spacing={3} sx={{ mb: 3 }}>
  > 224 |                     <Grid item xs={12} sm={6} md={3}>
        |                     ^^^^^^^^^^^^^^^^^^^^^^^^^^^^^^^^^
    225 |                         <Card>
    226 |                             <CardContent>
    227 |                                 <Typography color="textSecondary" gutterBottom>

ERROR in src/components/RealEstate/ApartmentCommunityAnalysisDashboard.tsx:237:21
TS2769: No overload matches this call.
  Overload 1 of 2, '(props: { component: ElementType<any, keyof IntrinsicElements>; } & GridBaseProps & { sx?: SxProps<Theme> | undefined; } & SystemProps<...> & Omit<...>): Element | null', gave the following error.
    Property 'component' is missing in type '{ children: Element; item: true; xs: number; sm: number; md: number; }' but required in type '{ component: ElementType<any, keyof IntrinsicElements>; }'.
  Overload 2 of 2, '(props: DefaultComponentProps<GridTypeMap<{}, "div">>): Element | null', gave the following error.
    Type '{ children: Element; item: true; xs: number; sm: number; md: number; }' is not assignable to type 'IntrinsicAttributes & GridBaseProps & { sx?: SxProps<Theme> | undefined; } & SystemProps<Theme> & Omit<...>'.
      Property 'item' does not exist on type 'IntrinsicAttributes & GridBaseProps & { sx?: SxProps<Theme> | undefined; } & SystemProps<Theme> & Omit<...>'.
    235 |                         </Card>
    236 |                     </Grid>
  > 237 |                     <Grid item xs={12} sm={6} md={3}>
        |                     ^^^^^^^^^^^^^^^^^^^^^^^^^^^^^^^^^
    238 |                         <Card>
    239 |                             <CardContent>
    240 |                                 <Typography color="textSecondary" gutterBottom>

ERROR in src/components/RealEstate/ApartmentCommunityAnalysisDashboard.tsx:247:21
TS2769: No overload matches this call.
  Overload 1 of 2, '(props: { component: ElementType<any, keyof IntrinsicElements>; } & GridBaseProps & { sx?: SxProps<Theme> | undefined; } & SystemProps<...> & Omit<...>): Element | null', gave the following error.
    Property 'component' is missing in type '{ children: Element; item: true; xs: number; sm: number; md: number; }' but required in type '{ component: ElementType<any, keyof IntrinsicElements>; }'.
  Overload 2 of 2, '(props: DefaultComponentProps<GridTypeMap<{}, "div">>): Element | null', gave the following error.
    Type '{ children: Element; item: true; xs: number; sm: number; md: number; }' is not assignable to type 'IntrinsicAttributes & GridBaseProps & { sx?: SxProps<Theme> | undefined; } & SystemProps<Theme> & Omit<...>'.
      Property 'item' does not exist on type 'IntrinsicAttributes & GridBaseProps & { sx?: SxProps<Theme> | undefined; } & SystemProps<Theme> & Omit<...>'.
    245 |                         </Card>
    246 |                     </Grid>
  > 247 |                     <Grid item xs={12} sm={6} md={3}>
        |                     ^^^^^^^^^^^^^^^^^^^^^^^^^^^^^^^^^
    248 |                         <Card>
    249 |                             <CardContent>
    250 |                                 <Typography color="textSecondary" gutterBottom>

ERROR in src/components/RealEstate/ApartmentCommunityAnalysisDashboard.tsx:259:21
TS2769: No overload matches this call.
  Overload 1 of 2, '(props: { component: ElementType<any, keyof IntrinsicElements>; } & GridBaseProps & { sx?: SxProps<Theme> | undefined; } & SystemProps<...> & Omit<...>): Element | null', gave the following error.
    Property 'component' is missing in type '{ children: Element; item: true; xs: number; sm: number; md: number; }' but required in type '{ component: ElementType<any, keyof IntrinsicElements>; }'.
  Overload 2 of 2, '(props: DefaultComponentProps<GridTypeMap<{}, "div">>): Element | null', gave the following error.
    Type '{ children: Element; item: true; xs: number; sm: number; md: number; }' is not assignable to type 'IntrinsicAttributes & GridBaseProps & { sx?: SxProps<Theme> | undefined; } & SystemProps<Theme> & Omit<...>'.
      Property 'item' does not exist on type 'IntrinsicAttributes & GridBaseProps & { sx?: SxProps<Theme> | undefined; } & SystemProps<Theme> & Omit<...>'.
    257 |                         </Card>
    258 |                     </Grid>
  > 259 |                     <Grid item xs={12} sm={6} md={3}>
        |                     ^^^^^^^^^^^^^^^^^^^^^^^^^^^^^^^^^
    260 |                         <Card>
    261 |                             <CardContent>
    262 |                                 <Typography color="textSecondary" gutterBottom>

ERROR in src/components/RealEstate/ApartmentCommunityAnalysisDashboard.tsx:473:25
TS2769: No overload matches this call.
  Overload 1 of 2, '(props: { component: ElementType<any, keyof IntrinsicElements>; } & GridBaseProps & { sx?: SxProps<Theme> | undefined; } & SystemProps<...> & Omit<...>): Element | null', gave the following error.
    Property 'component' is missing in type '{ children: Element; item: true; xs: number; md: number; }' but required in type '{ component: ElementType<any, keyof IntrinsicElements>; }'.
  Overload 2 of 2, '(props: DefaultComponentProps<GridTypeMap<{}, "div">>): Element | null', gave the following error.
    Type '{ children: Element; item: true; xs: number; md: number; }' is not assignable to type 'IntrinsicAttributes & GridBaseProps & { sx?: SxProps<Theme> | undefined; } & SystemProps<Theme> & Omit<...>'.
      Property 'item' does not exist on type 'IntrinsicAttributes & GridBaseProps & { sx?: SxProps<Theme> | undefined; } & SystemProps<Theme> & Omit<...>'.
    471 |                 {analytics ? (
    472 |                     <Grid container spacing={3}>
  > 473 |                         <Grid item xs={12} md={6}>
        |                         ^^^^^^^^^^^^^^^^^^^^^^^^^^
    474 |                             <Card>
    475 |                                 <CardContent>
    476 |                                     <Typography variant="h6" gutterBottom>

ERROR in src/components/RealEstate/ApartmentCommunityAnalysisDashboard.tsx:505:25
TS2769: No overload matches this call.
  Overload 1 of 2, '(props: { component: ElementType<any, keyof IntrinsicElements>; } & GridBaseProps & { sx?: SxProps<Theme> | undefined; } & SystemProps<...> & Omit<...>): Element | null', gave the following error.
    Property 'component' is missing in type '{ children: Element; item: true; xs: number; md: number; }' but required in type '{ component: ElementType<any, keyof IntrinsicElements>; }'.
  Overload 2 of 2, '(props: DefaultComponentProps<GridTypeMap<{}, "div">>): Element | null', gave the following error.
    Type '{ children: Element; item: true; xs: number; md: number; }' is not assignable to type 'IntrinsicAttributes & GridBaseProps & { sx?: SxProps<Theme> | undefined; } & SystemProps<Theme> & Omit<...>'.
      Property 'item' does not exist on type 'IntrinsicAttributes & GridBaseProps & { sx?: SxProps<Theme> | undefined; } & SystemProps<Theme> & Omit<...>'.
    503 |                             </Card>
    504 |                         </Grid>
  > 505 |                         <Grid item xs={12} md={6}>
        |                         ^^^^^^^^^^^^^^^^^^^^^^^^^^
    506 |                             <Card>
    507 |                                 <CardContent>
    508 |                                     <Typography variant="h6" gutterBottom>

ERROR in src/components/RealEstate/ApartmentCommunityAnalysisDashboard.tsx:524:25
TS2769: No overload matches this call.
  Overload 1 of 2, '(props: { component: ElementType<any, keyof IntrinsicElements>; } & GridBaseProps & { sx?: SxProps<Theme> | undefined; } & SystemProps<...> & Omit<...>): Element | null', gave the following error.
    Property 'component' is missing in type '{ children: Element; item: true; xs: number; }' but required in type '{ component: ElementType<any, keyof IntrinsicElements>; }'.
  Overload 2 of 2, '(props: DefaultComponentProps<GridTypeMap<{}, "div">>): Element | null', gave the following error.
    Type '{ children: Element; item: true; xs: number; }' is not assignable to type 'IntrinsicAttributes & GridBaseProps & { sx?: SxProps<Theme> | undefined; } & SystemProps<Theme> & Omit<...>'.
      Property 'item' does not exist on type 'IntrinsicAttributes & GridBaseProps & { sx?: SxProps<Theme> | undefined; } & SystemProps<Theme> & Omit<...>'.
    522 |                             </Card>
    523 |                         </Grid>
  > 524 |                         <Grid item xs={12}>
        |                         ^^^^^^^^^^^^^^^^^^^
    525 |                             <Card>
    526 |                                 <CardContent>
    527 |                                     <Typography variant="h6" gutterBottom>

ERROR in src/components/RealEstate/ConstructionCompanyDashboard.tsx:327:25
TS2769: No overload matches this call.
  Overload 1 of 2, '(props: { component: ElementType<any, keyof IntrinsicElements>; } & GridBaseProps & { sx?: SxProps<Theme> | undefined; } & SystemProps<...> & Omit<...>): Element | null', gave the following error.
    Property 'component' is missing in type '{ children: Element; item: true; xs: number; md: number; key: string; }' but required in type '{ component: ElementType<any, keyof IntrinsicElements>; }'.
  Overload 2 of 2, '(props: DefaultComponentProps<GridTypeMap<{}, "div">>): Element | null', gave the following error.
    Type '{ children: Element; item: true; xs: number; md: number; key: string; }' is not assignable to type 'IntrinsicAttributes & GridBaseProps & { sx?: SxProps<Theme> | undefined; } & SystemProps<Theme> & Omit<...>'.
      Property 'item' does not exist on type 'IntrinsicAttributes & GridBaseProps & { sx?: SxProps<Theme> | undefined; } & SystemProps<Theme> & Omit<...>'.
    325 |                 <Grid container spacing={3}>
    326 |                     {companies.map((company) => (
  > 327 |                         <Grid item xs={12} md={6} key={company.id}>
        |                         ^^^^^^^^^^^^^^^^^^^^^^^^^^^^^^^^^^^^^^^^^^^
    328 |                             <Card>
    329 |                                 <CardContent>
    330 |                                     <Box sx={{ display: 'flex', justifyContent: 'space-between', mb: 2 }}>

ERROR in src/components/RealEstate/ConstructionCompanyDashboard.tsx:348:41
TS2769: No overload matches this call.
  Overload 1 of 2, '(props: { component: ElementType<any, keyof IntrinsicElements>; } & GridBaseProps & { sx?: SxProps<Theme> | undefined; } & SystemProps<...> & Omit<...>): Element | null', gave the following error.
    Property 'component' is missing in type '{ children: Element[]; item: true; xs: number; }' but required in type '{ component: ElementType<any, keyof IntrinsicElements>; }'.
  Overload 2 of 2, '(props: DefaultComponentProps<GridTypeMap<{}, "div">>): Element | null', gave the following error.
    Type '{ children: Element[]; item: true; xs: number; }' is not assignable to type 'IntrinsicAttributes & GridBaseProps & { sx?: SxProps<Theme> | undefined; } & SystemProps<Theme> & Omit<...>'.
      Property 'item' does not exist on type 'IntrinsicAttributes & GridBaseProps & { sx?: SxProps<Theme> | undefined; } & SystemProps<Theme> & Omit<...>'.
    346 |                                     </Box>
    347 |                                     <Grid container spacing={2}>
  > 348 |                                         <Grid item xs={6}>
        |                                         ^^^^^^^^^^^^^^^^^^
    349 |                                             <Typography variant="body2" color="text.secondary">
    350 |                                                 총 프로젝트
    351 |                                             </Typography>

ERROR in src/components/RealEstate/ConstructionCompanyDashboard.tsx:354:41
TS2769: No overload matches this call.
  Overload 1 of 2, '(props: { component: ElementType<any, keyof IntrinsicElements>; } & GridBaseProps & { sx?: SxProps<Theme> | undefined; } & SystemProps<...> & Omit<...>): Element | null', gave the following error.
    Property 'component' is missing in type '{ children: Element[]; item: true; xs: number; }' but required in type '{ component: ElementType<any, keyof IntrinsicElements>; }'.
  Overload 2 of 2, '(props: DefaultComponentProps<GridTypeMap<{}, "div">>): Element | null', gave the following error.
    Type '{ children: Element[]; item: true; xs: number; }' is not assignable to type 'IntrinsicAttributes & GridBaseProps & { sx?: SxProps<Theme> | undefined; } & SystemProps<Theme> & Omit<...>'.
      Property 'item' does not exist on type 'IntrinsicAttributes & GridBaseProps & { sx?: SxProps<Theme> | undefined; } & SystemProps<Theme> & Omit<...>'.
    352 |                                             <Typography variant="h6">{company.total_projects}</Typography>
    353 |                                         </Grid>
  > 354 |                                         <Grid item xs={6}>
        |                                         ^^^^^^^^^^^^^^^^^^
    355 |                                             <Typography variant="body2" color="text.secondary">
    356 |                                                 완료 프로젝트
    357 |                                             </Typography>

ERROR in src/components/RealEstate/ConstructionCompanyDashboard.tsx:362:41
TS2769: No overload matches this call.
  Overload 1 of 2, '(props: { component: ElementType<any, keyof IntrinsicElements>; } & GridBaseProps & { sx?: SxProps<Theme> | undefined; } & SystemProps<...> & Omit<...>): Element | null', gave the following error.
    Property 'component' is missing in type '{ children: Element[]; item: true; xs: number; }' but required in type '{ component: ElementType<any, keyof IntrinsicElements>; }'.
  Overload 2 of 2, '(props: DefaultComponentProps<GridTypeMap<{}, "div">>): Element | null', gave the following error.
    Type '{ children: Element[]; item: true; xs: number; }' is not assignable to type 'IntrinsicAttributes & GridBaseProps & { sx?: SxProps<Theme> | undefined; } & SystemProps<Theme> & Omit<...>'.
      Property 'item' does not exist on type 'IntrinsicAttributes & GridBaseProps & { sx?: SxProps<Theme> | undefined; } & SystemProps<Theme> & Omit<...>'.
    360 |                                             </Typography>
    361 |                                         </Grid>
  > 362 |                                         <Grid item xs={6}>
        |                                         ^^^^^^^^^^^^^^^^^^
    363 |                                             <Typography variant="body2" color="text.secondary">
    364 |                                                 평판 점수
    365 |                                             </Typography>

ERROR in src/components/RealEstate/ConstructionCompanyDashboard.tsx:368:41
TS2769: No overload matches this call.
  Overload 1 of 2, '(props: { component: ElementType<any, keyof IntrinsicElements>; } & GridBaseProps & { sx?: SxProps<Theme> | undefined; } & SystemProps<...> & Omit<...>): Element | null', gave the following error.
    Property 'component' is missing in type '{ children: Element[]; item: true; xs: number; }' but required in type '{ component: ElementType<any, keyof IntrinsicElements>; }'.
  Overload 2 of 2, '(props: DefaultComponentProps<GridTypeMap<{}, "div">>): Element | null', gave the following error.
    Type '{ children: Element[]; item: true; xs: number; }' is not assignable to type 'IntrinsicAttributes & GridBaseProps & { sx?: SxProps<Theme> | undefined; } & SystemProps<Theme> & Omit<...>'.
      Property 'item' does not exist on type 'IntrinsicAttributes & GridBaseProps & { sx?: SxProps<Theme> | undefined; } & SystemProps<Theme> & Omit<...>'.
    366 |                                             <Typography variant="h6">{company.reputation_score.toFixed(1)}</Typography>
    367 |                                         </Grid>
  > 368 |                                         <Grid item xs={6}>
        |                                         ^^^^^^^^^^^^^^^^^^
    369 |                                             <Typography variant="body2" color="text.secondary">
    370 |                                                 품질 점수
    371 |                                             </Typography>

ERROR in src/components/RealEstate/ConstructionCompanyDashboard.tsx:603:29
TS2769: No overload matches this call.
  Overload 1 of 2, '(props: { component: ElementType<any, keyof IntrinsicElements>; } & GridBaseProps & { sx?: SxProps<Theme> | undefined; } & SystemProps<...> & Omit<...>): Element | null', gave the following error.
    Property 'component' is missing in type '{ children: Element; item: true; xs: number; md: number; key: string; }' but required in type '{ component: ElementType<any, keyof IntrinsicElements>; }'.
  Overload 2 of 2, '(props: DefaultComponentProps<GridTypeMap<{}, "div">>): Element | null', gave the following error.
    Type '{ children: Element; item: true; xs: number; md: number; key: string; }' is not assignable to type 'IntrinsicAttributes & GridBaseProps & { sx?: SxProps<Theme> | undefined; } & SystemProps<Theme> & Omit<...>'.
      Property 'item' does not exist on type 'IntrinsicAttributes & GridBaseProps & { sx?: SxProps<Theme> | undefined; } & SystemProps<Theme> & Omit<...>'.
    601 |                     <Grid container spacing={3}>
    602 |                         {selectionAnalyses.map((analysis) => (
  > 603 |                             <Grid item xs={12} md={6} key={analysis.company_id}>
        |                             ^^^^^^^^^^^^^^^^^^^^^^^^^^^^^^^^^^^^^^^^^^^^^^^^^^^^
    604 |                                 <Card>
    605 |                                     <CardContent>
    606 |                                         <Typography variant="h6" gutterBottom>

ERROR in src/components/Security/AdvancedSecurityPanel.tsx:397:21
TS2769: No overload matches this call.
  Overload 1 of 2, '(props: { component: ElementType<any, keyof IntrinsicElements>; } & GridBaseProps & { sx?: SxProps<Theme> | undefined; } & SystemProps<...> & Omit<...>): Element | null', gave the following error.
    Property 'component' is missing in type '{ children: Element; item: true; xs: number; md: number; }' but required in type '{ component: ElementType<any, keyof IntrinsicElements>; }'.
  Overload 2 of 2, '(props: DefaultComponentProps<GridTypeMap<{}, "div">>): Element | null', gave the following error.
    Type '{ children: Element; item: true; xs: number; md: number; }' is not assignable to type 'IntrinsicAttributes & GridBaseProps & { sx?: SxProps<Theme> | undefined; } & SystemProps<Theme> & Omit<...>'.
      Property 'item' does not exist on type 'IntrinsicAttributes & GridBaseProps & { sx?: SxProps<Theme> | undefined; } & SystemProps<Theme> & Omit<...>'.
    395 |             {securityStatus && (
    396 |                 <Grid container spacing={3} sx={{ mb: 3 }}>
  > 397 |                     <Grid item xs={12} md={3}>
        |                     ^^^^^^^^^^^^^^^^^^^^^^^^^^
    398 |                         <Card role="region" aria-label="보안 점수">
    399 |                             <CardContent>
    400 |                                 <Typography color="textSecondary" gutterBottom>

ERROR in src/components/Security/AdvancedSecurityPanel.tsx:415:21
TS2769: No overload matches this call.
  Overload 1 of 2, '(props: { component: ElementType<any, keyof IntrinsicElements>; } & GridBaseProps & { sx?: SxProps<Theme> | undefined; } & SystemProps<...> & Omit<...>): Element | null', gave the following error.
    Property 'component' is missing in type '{ children: Element; item: true; xs: number; md: number; }' but required in type '{ component: ElementType<any, keyof IntrinsicElements>; }'.
  Overload 2 of 2, '(props: DefaultComponentProps<GridTypeMap<{}, "div">>): Element | null', gave the following error.
    Type '{ children: Element; item: true; xs: number; md: number; }' is not assignable to type 'IntrinsicAttributes & GridBaseProps & { sx?: SxProps<Theme> | undefined; } & SystemProps<Theme> & Omit<...>'.
      Property 'item' does not exist on type 'IntrinsicAttributes & GridBaseProps & { sx?: SxProps<Theme> | undefined; } & SystemProps<Theme> & Omit<...>'.
    413 |                         </Card>
    414 |                     </Grid>
  > 415 |                     <Grid item xs={12} md={3}>
        |                     ^^^^^^^^^^^^^^^^^^^^^^^^^^
    416 |                         <Card role="region" aria-label="활성 위협">
    417 |                             <CardContent>
    418 |                                 <Typography color="textSecondary" gutterBottom>

ERROR in src/components/Security/AdvancedSecurityPanel.tsx:438:21
TS2769: No overload matches this call.
  Overload 1 of 2, '(props: { component: ElementType<any, keyof IntrinsicElements>; } & GridBaseProps & { sx?: SxProps<Theme> | undefined; } & SystemProps<...> & Omit<...>): Element | null', gave the following error.
    Property 'component' is missing in type '{ children: Element; item: true; xs: number; md: number; }' but required in type '{ component: ElementType<any, keyof IntrinsicElements>; }'.
  Overload 2 of 2, '(props: DefaultComponentProps<GridTypeMap<{}, "div">>): Element | null', gave the following error.
    Type '{ children: Element; item: true; xs: number; md: number; }' is not assignable to type 'IntrinsicAttributes & GridBaseProps & { sx?: SxProps<Theme> | undefined; } & SystemProps<Theme> & Omit<...>'.
      Property 'item' does not exist on type 'IntrinsicAttributes & GridBaseProps & { sx?: SxProps<Theme> | undefined; } & SystemProps<Theme> & Omit<...>'.
    436 |                         </Card>
    437 |                     </Grid>
  > 438 |                     <Grid item xs={12} md={3}>
        |                     ^^^^^^^^^^^^^^^^^^^^^^^^^^
    439 |                         <Card role="region" aria-label="고위험 이벤트">
    440 |                             <CardContent>
    441 |                                 <Typography color="textSecondary" gutterBottom>

ERROR in src/components/Security/AdvancedSecurityPanel.tsx:453:21
TS2769: No overload matches this call.
  Overload 1 of 2, '(props: { component: ElementType<any, keyof IntrinsicElements>; } & GridBaseProps & { sx?: SxProps<Theme> | undefined; } & SystemProps<...> & Omit<...>): Element | null', gave the following error.
    Property 'component' is missing in type '{ children: Element; item: true; xs: number; md: number; }' but required in type '{ component: ElementType<any, keyof IntrinsicElements>; }'.
  Overload 2 of 2, '(props: DefaultComponentProps<GridTypeMap<{}, "div">>): Element | null', gave the following error.
    Type '{ children: Element; item: true; xs: number; md: number; }' is not assignable to type 'IntrinsicAttributes & GridBaseProps & { sx?: SxProps<Theme> | undefined; } & SystemProps<Theme> & Omit<...>'.
      Property 'item' does not exist on type 'IntrinsicAttributes & GridBaseProps & { sx?: SxProps<Theme> | undefined; } & SystemProps<Theme> & Omit<...>'.
    451 |                         </Card>
    452 |                     </Grid>
  > 453 |                     <Grid item xs={12} md={3}>
        |                     ^^^^^^^^^^^^^^^^^^^^^^^^^^
    454 |                         <Card role="region" aria-label="암호화 키">
    455 |                             <CardContent>
    456 |                                 <Typography color="textSecondary" gutterBottom>

ERROR in src/components/Security/AdvancedSecurityPanel.tsx:789:53
TS2367: This comparison appears to be unintentional because the types '"disabled" | "enabled"' and '""' have no overlap.
    787 |                                 value={policyFilter.enabled === undefined ? '' : policyFilter.enabled ? 'enabled' : 'disabled'}
    788 |                                 onChange={(e) => {
  > 789 |                                     const enabled = e.target.value === '' ? undefined : e.target.value === 'enabled';
        |                                                     ^^^^^^^^^^^^^^^^^^^^^
    790 |                                     handlePolicyFilterChange(policyFilter.type, enabled, policyFilter.search);
    791 |                                 }}
    792 |                                 label="상태"

ERROR in src/components/Security/AdvancedSecurityPanel.tsx:824:29
TS2769: No overload matches this call.
  Overload 1 of 2, '(props: { component: ElementType<any, keyof IntrinsicElements>; } & GridBaseProps & { sx?: SxProps<Theme> | undefined; } & SystemProps<...> & Omit<...>): Element | null', gave the following error.
    Property 'component' is missing in type '{ children: Element; item: true; xs: number; md: number; key: string; }' but required in type '{ component: ElementType<any, keyof IntrinsicElements>; }'.
  Overload 2 of 2, '(props: DefaultComponentProps<GridTypeMap<{}, "div">>): Element | null', gave the following error.
    Type '{ children: Element; item: true; xs: number; md: number; key: string; }' is not assignable to type 'IntrinsicAttributes & GridBaseProps & { sx?: SxProps<Theme> | undefined; } & SystemProps<Theme> & Omit<...>'.
      Property 'item' does not exist on type 'IntrinsicAttributes & GridBaseProps & { sx?: SxProps<Theme> | undefined; } & SystemProps<Theme> & Omit<...>'.
    822 |                     <Grid container spacing={2}>
    823 |                         {filteredPolicies.map((policy) => (
  > 824 |                             <Grid item xs={12} md={6} key={policy.id}>
        |                             ^^^^^^^^^^^^^^^^^^^^^^^^^^^^^^^^^^^^^^^^^^
    825 |                                 <Card>
    826 |                                     <CardContent>
    827 |                                         <Box sx={{ display: 'flex', justifyContent: 'space-between', mb: 1 }}>

ERROR in src/components/Security/SecurityAnalyticsPanel.tsx:105:25
TS2769: No overload matches this call.
  Overload 1 of 2, '(props: { component: ElementType<any, keyof IntrinsicElements>; } & GridBaseProps & { sx?: SxProps<Theme> | undefined; } & SystemProps<...> & Omit<...>): Element | null', gave the following error.
    Property 'component' is missing in type '{ children: Element; item: true; xs: number; sm: number; }' but required in type '{ component: ElementType<any, keyof IntrinsicElements>; }'.
  Overload 2 of 2, '(props: DefaultComponentProps<GridTypeMap<{}, "div">>): Element | null', gave the following error.
    Type '{ children: Element; item: true; xs: number; sm: number; }' is not assignable to type 'IntrinsicAttributes & GridBaseProps & { sx?: SxProps<Theme> | undefined; } & SystemProps<Theme> & Omit<...>'.
      Property 'item' does not exist on type 'IntrinsicAttributes & GridBaseProps & { sx?: SxProps<Theme> | undefined; } & SystemProps<Theme> & Omit<...>'.
    103 |                 <CardContent>
    104 |                     <Grid container spacing={2} alignItems="center">
  > 105 |                         <Grid item xs={12} sm={4}>
        |                         ^^^^^^^^^^^^^^^^^^^^^^^^^^
    106 |                             <Box>
    107 |                                 <Typography variant="body2" sx={{ mb: 1 }}>
    108 |                                     시작 날짜

ERROR in src/components/Security/SecurityAnalyticsPanel.tsx:125:25
TS2769: No overload matches this call.
  Overload 1 of 2, '(props: { component: ElementType<any, keyof IntrinsicElements>; } & GridBaseProps & { sx?: SxProps<Theme> | undefined; } & SystemProps<...> & Omit<...>): Element | null', gave the following error.
    Property 'component' is missing in type '{ children: Element; item: true; xs: number; sm: number; }' but required in type '{ component: ElementType<any, keyof IntrinsicElements>; }'.
  Overload 2 of 2, '(props: DefaultComponentProps<GridTypeMap<{}, "div">>): Element | null', gave the following error.
    Type '{ children: Element; item: true; xs: number; sm: number; }' is not assignable to type 'IntrinsicAttributes & GridBaseProps & { sx?: SxProps<Theme> | undefined; } & SystemProps<Theme> & Omit<...>'.
      Property 'item' does not exist on type 'IntrinsicAttributes & GridBaseProps & { sx?: SxProps<Theme> | undefined; } & SystemProps<Theme> & Omit<...>'.
    123 |                             </Box>
    124 |                         </Grid>
  > 125 |                         <Grid item xs={12} sm={4}>
        |                         ^^^^^^^^^^^^^^^^^^^^^^^^^^
    126 |                             <Box>
    127 |                                 <Typography variant="body2" sx={{ mb: 1 }}>
    128 |                                     종료 날짜

ERROR in src/components/Security/SecurityAnalyticsPanel.tsx:145:25
TS2769: No overload matches this call.
  Overload 1 of 2, '(props: { component: ElementType<any, keyof IntrinsicElements>; } & GridBaseProps & { sx?: SxProps<Theme> | undefined; } & SystemProps<...> & Omit<...>): Element | null', gave the following error.
    Property 'component' is missing in type '{ children: Element; item: true; xs: number; sm: number; }' but required in type '{ component: ElementType<any, keyof IntrinsicElements>; }'.
  Overload 2 of 2, '(props: DefaultComponentProps<GridTypeMap<{}, "div">>): Element | null', gave the following error.
    Type '{ children: Element; item: true; xs: number; sm: number; }' is not assignable to type 'IntrinsicAttributes & GridBaseProps & { sx?: SxProps<Theme> | undefined; } & SystemProps<Theme> & Omit<...>'.
      Property 'item' does not exist on type 'IntrinsicAttributes & GridBaseProps & { sx?: SxProps<Theme> | undefined; } & SystemProps<Theme> & Omit<...>'.
    143 |                             </Box>
    144 |                         </Grid>
  > 145 |                         <Grid item xs={12} sm={4}>
        |                         ^^^^^^^^^^^^^^^^^^^^^^^^^^
    146 |                             <Button
    147 |                                 variant="contained"
    148 |                                 fullWidth

ERROR in src/components/Security/SecurityAnalyticsPanel.tsx:180:17
TS2769: No overload matches this call.
  Overload 1 of 2, '(props: { component: ElementType<any, keyof IntrinsicElements>; } & GridBaseProps & { sx?: SxProps<Theme> | undefined; } & SystemProps<...> & Omit<...>): Element | null', gave the following error.
    Property 'component' is missing in type '{ children: Element; item: true; xs: number; md: number; }' but required in type '{ component: ElementType<any, keyof IntrinsicElements>; }'.
  Overload 2 of 2, '(props: DefaultComponentProps<GridTypeMap<{}, "div">>): Element | null', gave the following error.
    Type '{ children: Element; item: true; xs: number; md: number; }' is not assignable to type 'IntrinsicAttributes & GridBaseProps & { sx?: SxProps<Theme> | undefined; } & SystemProps<Theme> & Omit<...>'.
      Property 'item' does not exist on type 'IntrinsicAttributes & GridBaseProps & { sx?: SxProps<Theme> | undefined; } & SystemProps<Theme> & Omit<...>'.
    178 |             {/* 위협 통계 */}
    179 |             <Grid container spacing={3} sx={{ mb: 3 }}>
  > 180 |                 <Grid item xs={12} md={6}>
        |                 ^^^^^^^^^^^^^^^^^^^^^^^^^^
    181 |                     <Card>
    182 |                         <CardContent>
    183 |                             <Typography variant="h6" gutterBottom>

ERROR in src/components/Security/SecurityAnalyticsPanel.tsx:204:17
TS2769: No overload matches this call.
  Overload 1 of 2, '(props: { component: ElementType<any, keyof IntrinsicElements>; } & GridBaseProps & { sx?: SxProps<Theme> | undefined; } & SystemProps<...> & Omit<...>): Element | null', gave the following error.
    Property 'component' is missing in type '{ children: Element; item: true; xs: number; md: number; }' but required in type '{ component: ElementType<any, keyof IntrinsicElements>; }'.
  Overload 2 of 2, '(props: DefaultComponentProps<GridTypeMap<{}, "div">>): Element | null', gave the following error.
    Type '{ children: Element; item: true; xs: number; md: number; }' is not assignable to type 'IntrinsicAttributes & GridBaseProps & { sx?: SxProps<Theme> | undefined; } & SystemProps<Theme> & Omit<...>'.
      Property 'item' does not exist on type 'IntrinsicAttributes & GridBaseProps & { sx?: SxProps<Theme> | undefined; } & SystemProps<Theme> & Omit<...>'.
    202 |                 </Grid>
    203 |
  > 204 |                 <Grid item xs={12} md={6}>
        |                 ^^^^^^^^^^^^^^^^^^^^^^^^^^
    205 |                     <Card>
    206 |                         <CardContent>
    207 |                             <Typography variant="h6" gutterBottom>

ERROR in src/components/Security/SecurityAnalyticsPanel.tsx:262:17
TS2769: No overload matches this call.
  Overload 1 of 2, '(props: { component: ElementType<any, keyof IntrinsicElements>; } & GridBaseProps & { sx?: SxProps<Theme> | undefined; } & SystemProps<...> & Omit<...>): Element | null', gave the following error.
    Property 'component' is missing in type '{ children: Element; item: true; xs: number; md: number; }' but required in type '{ component: ElementType<any, keyof IntrinsicElements>; }'.
  Overload 2 of 2, '(props: DefaultComponentProps<GridTypeMap<{}, "div">>): Element | null', gave the following error.
    Type '{ children: Element; item: true; xs: number; md: number; }' is not assignable to type 'IntrinsicAttributes & GridBaseProps & { sx?: SxProps<Theme> | undefined; } & SystemProps<Theme> & Omit<...>'.
      Property 'item' does not exist on type 'IntrinsicAttributes & GridBaseProps & { sx?: SxProps<Theme> | undefined; } & SystemProps<Theme> & Omit<...>'.
    260 |             {/* 이벤트 통계 */}
    261 |             <Grid container spacing={3} sx={{ mb: 3 }}>
  > 262 |                 <Grid item xs={12} md={6}>
        |                 ^^^^^^^^^^^^^^^^^^^^^^^^^^
    263 |                     <Card>
    264 |                         <CardContent>
    265 |                             <Typography variant="h6" gutterBottom>

ERROR in src/components/Security/SecurityAnalyticsPanel.tsx:286:17
TS2769: No overload matches this call.
  Overload 1 of 2, '(props: { component: ElementType<any, keyof IntrinsicElements>; } & GridBaseProps & { sx?: SxProps<Theme> | undefined; } & SystemProps<...> & Omit<...>): Element | null', gave the following error.
    Property 'component' is missing in type '{ children: Element; item: true; xs: number; md: number; }' but required in type '{ component: ElementType<any, keyof IntrinsicElements>; }'.
  Overload 2 of 2, '(props: DefaultComponentProps<GridTypeMap<{}, "div">>): Element | null', gave the following error.
    Type '{ children: Element; item: true; xs: number; md: number; }' is not assignable to type 'IntrinsicAttributes & GridBaseProps & { sx?: SxProps<Theme> | undefined; } & SystemProps<Theme> & Omit<...>'.
      Property 'item' does not exist on type 'IntrinsicAttributes & GridBaseProps & { sx?: SxProps<Theme> | undefined; } & SystemProps<Theme> & Omit<...>'.
    284 |                 </Grid>
    285 |
  > 286 |                 <Grid item xs={12} md={6}>
        |                 ^^^^^^^^^^^^^^^^^^^^^^^^^^
    287 |                     <Card>
    288 |                         <CardContent>
    289 |                             <Typography variant="h6" gutterBottom>

ERROR in src/components/Security/SecurityAnalyticsPanel.tsx:320:25
TS2769: No overload matches this call.
  Overload 1 of 2, '(props: { component: ElementType<any, keyof IntrinsicElements>; } & GridBaseProps & { sx?: SxProps<Theme> | undefined; } & SystemProps<...> & Omit<...>): Element | null', gave the following error.
    Property 'component' is missing in type '{ children: Element[]; item: true; xs: number; sm: number; }' but required in type '{ component: ElementType<any, keyof IntrinsicElements>; }'.
  Overload 2 of 2, '(props: DefaultComponentProps<GridTypeMap<{}, "div">>): Element | null', gave the following error.
    Type '{ children: Element[]; item: true; xs: number; sm: number; }' is not assignable to type 'IntrinsicAttributes & GridBaseProps & { sx?: SxProps<Theme> | undefined; } & SystemProps<Theme> & Omit<...>'.
      Property 'item' does not exist on type 'IntrinsicAttributes & GridBaseProps & { sx?: SxProps<Theme> | undefined; } & SystemProps<Theme> & Omit<...>'.
    318 |                     </Typography>
    319 |                     <Grid container spacing={2}>
  > 320 |                         <Grid item xs={12} sm={4}>
        |                         ^^^^^^^^^^^^^^^^^^^^^^^^^^
    321 |                             <Typography variant="body2" color="text.secondary">
    322 |                                 총 알림 수
    323 |                             </Typography>

ERROR in src/components/Security/SecurityAnalyticsPanel.tsx:326:25
TS2769: No overload matches this call.
  Overload 1 of 2, '(props: { component: ElementType<any, keyof IntrinsicElements>; } & GridBaseProps & { sx?: SxProps<Theme> | undefined; } & SystemProps<...> & Omit<...>): Element | null', gave the following error.
    Property 'component' is missing in type '{ children: Element[]; item: true; xs: number; sm: number; }' but required in type '{ component: ElementType<any, keyof IntrinsicElements>; }'.
  Overload 2 of 2, '(props: DefaultComponentProps<GridTypeMap<{}, "div">>): Element | null', gave the following error.
    Type '{ children: Element[]; item: true; xs: number; sm: number; }' is not assignable to type 'IntrinsicAttributes & GridBaseProps & { sx?: SxProps<Theme> | undefined; } & SystemProps<Theme> & Omit<...>'.
      Property 'item' does not exist on type 'IntrinsicAttributes & GridBaseProps & { sx?: SxProps<Theme> | undefined; } & SystemProps<Theme> & Omit<...>'.
    324 |                             <Typography variant="h4">{statistics.alerts.total}</Typography>
    325 |                         </Grid>
  > 326 |                         <Grid item xs={12} sm={4}>
        |                         ^^^^^^^^^^^^^^^^^^^^^^^^^^
    327 |                             <Typography variant="body2" color="text.secondary">
    328 |                                 미확인 알림
    329 |                             </Typography>

ERROR in src/components/Security/SecurityAnalyticsPanel.tsx:334:25
TS2769: No overload matches this call.
  Overload 1 of 2, '(props: { component: ElementType<any, keyof IntrinsicElements>; } & GridBaseProps & { sx?: SxProps<Theme> | undefined; } & SystemProps<...> & Omit<...>): Element | null', gave the following error.
    Property 'component' is missing in type '{ children: Element[]; item: true; xs: number; sm: number; }' but required in type '{ component: ElementType<any, keyof IntrinsicElements>; }'.
  Overload 2 of 2, '(props: DefaultComponentProps<GridTypeMap<{}, "div">>): Element | null', gave the following error.
    Type '{ children: Element[]; item: true; xs: number; sm: number; }' is not assignable to type 'IntrinsicAttributes & GridBaseProps & { sx?: SxProps<Theme> | undefined; } & SystemProps<Theme> & Omit<...>'.
      Property 'item' does not exist on type 'IntrinsicAttributes & GridBaseProps & { sx?: SxProps<Theme> | undefined; } & SystemProps<Theme> & Omit<...>'.
    332 |                             </Typography>
    333 |                         </Grid>
  > 334 |                         <Grid item xs={12} sm={4}>
        |                         ^^^^^^^^^^^^^^^^^^^^^^^^^^
    335 |                             <Typography variant="body2" color="text.secondary">
    336 |                                 심각도별 분포
    337 |                             </Typography>

ERROR in src/components/Security/SecurityAnalyticsPanel.tsx:365:21
TS2769: No overload matches this call.
  Overload 1 of 2, '(props: { component: ElementType<any, keyof IntrinsicElements>; } & GridBaseProps & { sx?: SxProps<Theme> | undefined; } & SystemProps<...> & Omit<...>): Element | null', gave the following error.
    Property 'component' is missing in type '{ children: Element; item: true; xs: number; md: number; }' but required in type '{ component: ElementType<any, keyof IntrinsicElements>; }'.
  Overload 2 of 2, '(props: DefaultComponentProps<GridTypeMap<{}, "div">>): Element | null', gave the following error.
    Type '{ children: Element; item: true; xs: number; md: number; }' is not assignable to type 'IntrinsicAttributes & GridBaseProps & { sx?: SxProps<Theme> | undefined; } & SystemProps<Theme> & Omit<...>'.
      Property 'item' does not exist on type 'IntrinsicAttributes & GridBaseProps & { sx?: SxProps<Theme> | undefined; } & SystemProps<Theme> & Omit<...>'.
    363 |             {statistics.audit.topUsers.length > 0 && (
    364 |                 <Grid container spacing={3} sx={{ mb: 3 }}>
  > 365 |                     <Grid item xs={12} md={6}>
        |                     ^^^^^^^^^^^^^^^^^^^^^^^^^^
    366 |                         <Card>
    367 |                             <CardContent>
    368 |                                 <Typography variant="h6" gutterBottom>

ERROR in src/components/Security/SecurityAnalyticsPanel.tsx:393:21
TS2769: No overload matches this call.
  Overload 1 of 2, '(props: { component: ElementType<any, keyof IntrinsicElements>; } & GridBaseProps & { sx?: SxProps<Theme> | undefined; } & SystemProps<...> & Omit<...>): Element | null', gave the following error.
    Property 'component' is missing in type '{ children: Element; item: true; xs: number; md: number; }' but required in type '{ component: ElementType<any, keyof IntrinsicElements>; }'.
  Overload 2 of 2, '(props: DefaultComponentProps<GridTypeMap<{}, "div">>): Element | null', gave the following error.
    Type '{ children: Element; item: true; xs: number; md: number; }' is not assignable to type 'IntrinsicAttributes & GridBaseProps & { sx?: SxProps<Theme> | undefined; } & SystemProps<Theme> & Omit<...>'.
      Property 'item' does not exist on type 'IntrinsicAttributes & GridBaseProps & { sx?: SxProps<Theme> | undefined; } & SystemProps<Theme> & Omit<...>'.
    391 |                     </Grid>
    392 |
  > 393 |                     <Grid item xs={12} md={6}>
        |                     ^^^^^^^^^^^^^^^^^^^^^^^^^^
    394 |                         <Card>
    395 |                             <CardContent>
    396 |                                 <Typography variant="h6" gutterBottom>

ERROR in src/components/Security/SecurityAutomationPanel.tsx:103:17
TS2322: Type '{ type: "threat" | "alert" | "event" | "metric"; condition: string; severity?: "low" | "medium" | "high" | "critical" | undefined; }' is not assignable to type '{ type: "threat" | "alert" | "event" | "metric"; condition: string; severity: "low" | "medium" | "high" | "critical"; }'.
  Types of property 'severity' are incompatible.
    Type '"low" | "medium" | "high" | "critical" | undefined' is not assignable to type '"low" | "medium" | "high" | "critical"'.
      Type 'undefined' is not assignable to type '"low" | "medium" | "high" | "critical"'.
    101 |                 name: rule.name,
    102 |                 description: rule.description,
  > 103 |                 trigger: rule.trigger,
        |                 ^^^^^^^
    104 |                 actions: rule.actions,
    105 |                 enabled: rule.enabled,
    106 |             });

ERROR in src/components/Security/SecurityAutomationPanel.tsx:209:17
TS2769: No overload matches this call.
  Overload 1 of 2, '(props: { component: ElementType<any, keyof IntrinsicElements>; } & GridBaseProps & { sx?: SxProps<Theme> | undefined; } & SystemProps<...> & Omit<...>): Element | null', gave the following error.
    Property 'component' is missing in type '{ children: Element; item: true; xs: number; }' but required in type '{ component: ElementType<any, keyof IntrinsicElements>; }'.
  Overload 2 of 2, '(props: DefaultComponentProps<GridTypeMap<{}, "div">>): Element | null', gave the following error.
    Type '{ children: Element; item: true; xs: number; }' is not assignable to type 'IntrinsicAttributes & GridBaseProps & { sx?: SxProps<Theme> | undefined; } & SystemProps<Theme> & Omit<...>'.
      Property 'item' does not exist on type 'IntrinsicAttributes & GridBaseProps & { sx?: SxProps<Theme> | undefined; } & SystemProps<Theme> & Omit<...>'.
    207 |
    208 |             <Grid container spacing={3}>
  > 209 |                 <Grid item xs={12}>
        |                 ^^^^^^^^^^^^^^^^^^^
    210 |                     <Card>
    211 |                         <CardContent>
    212 |                             <Typography variant="h6" gutterBottom>

ERROR in src/components/Security/SecurityCharts.tsx:147:13
TS2769: No overload matches this call.
  Overload 1 of 2, '(props: { component: ElementType<any, keyof IntrinsicElements>; } & GridBaseProps & { sx?: SxProps<Theme> | undefined; } & SystemProps<...> & Omit<...>): Element | null', gave the following error.
    Property 'component' is missing in type '{ children: Element; item: true; xs: number; md: number; }' but required in type '{ component: ElementType<any, keyof IntrinsicElements>; }'.
  Overload 2 of 2, '(props: DefaultComponentProps<GridTypeMap<{}, "div">>): Element | null', gave the following error.
    Type '{ children: Element; item: true; xs: number; md: number; }' is not assignable to type 'IntrinsicAttributes & GridBaseProps & { sx?: SxProps<Theme> | undefined; } & SystemProps<Theme> & Omit<...>'.
      Property 'item' does not exist on type 'IntrinsicAttributes & GridBaseProps & { sx?: SxProps<Theme> | undefined; } & SystemProps<Theme> & Omit<...>'.
    145 |         <Grid container spacing={3}>
    146 |             {/* 위협 심각도 분포 */}
  > 147 |             <Grid item xs={12} md={6}>
        |             ^^^^^^^^^^^^^^^^^^^^^^^^^^
    148 |                 <Card>
    149 |                     <CardContent>
    150 |                         <Typography variant="h6" gutterBottom>

ERROR in src/components/Security/SecurityCharts.tsx:160:53
TS2339: Property 'percent' does not exist on type 'Props'.
    158 |                                     cy="50%"
    159 |                                     labelLine={false}
  > 160 |                                     label={({ name, percent }) =>
        |                                                     ^^^^^^^
    161 |                                         `${name}: ${(percent * 100).toFixed(0)}%`
    162 |                                     }
    163 |                                     outerRadius={80}

ERROR in src/components/Security/SecurityCharts.tsx:180:13
TS2769: No overload matches this call.
  Overload 1 of 2, '(props: { component: ElementType<any, keyof IntrinsicElements>; } & GridBaseProps & { sx?: SxProps<Theme> | undefined; } & SystemProps<...> & Omit<...>): Element | null', gave the following error.
    Property 'component' is missing in type '{ children: Element; item: true; xs: number; md: number; }' but required in type '{ component: ElementType<any, keyof IntrinsicElements>; }'.
  Overload 2 of 2, '(props: DefaultComponentProps<GridTypeMap<{}, "div">>): Element | null', gave the following error.
    Type '{ children: Element; item: true; xs: number; md: number; }' is not assignable to type 'IntrinsicAttributes & GridBaseProps & { sx?: SxProps<Theme> | undefined; } & SystemProps<Theme> & Omit<...>'.
      Property 'item' does not exist on type 'IntrinsicAttributes & GridBaseProps & { sx?: SxProps<Theme> | undefined; } & SystemProps<Theme> & Omit<...>'.
    178 |
    179 |             {/* 알림 타입별 분포 */}
  > 180 |             <Grid item xs={12} md={6}>
        |             ^^^^^^^^^^^^^^^^^^^^^^^^^^
    181 |                 <Card>
    182 |                     <CardContent>
    183 |                         <Typography variant="h6" gutterBottom>

ERROR in src/components/Security/SecurityCharts.tsx:201:13
TS2769: No overload matches this call.
  Overload 1 of 2, '(props: { component: ElementType<any, keyof IntrinsicElements>; } & GridBaseProps & { sx?: SxProps<Theme> | undefined; } & SystemProps<...> & Omit<...>): Element | null', gave the following error.
    Property 'component' is missing in type '{ children: Element; item: true; xs: number; }' but required in type '{ component: ElementType<any, keyof IntrinsicElements>; }'.
  Overload 2 of 2, '(props: DefaultComponentProps<GridTypeMap<{}, "div">>): Element | null', gave the following error.
    Type '{ children: Element; item: true; xs: number; }' is not assignable to type 'IntrinsicAttributes & GridBaseProps & { sx?: SxProps<Theme> | undefined; } & SystemProps<Theme> & Omit<...>'.
      Property 'item' does not exist on type 'IntrinsicAttributes & GridBaseProps & { sx?: SxProps<Theme> | undefined; } & SystemProps<Theme> & Omit<...>'.
    199 |
    200 |             {/* 위협 발생 추이 */}
  > 201 |             <Grid item xs={12}>
        |             ^^^^^^^^^^^^^^^^^^^
    202 |                 <Card>
    203 |                     <CardContent>
    204 |                         <Typography variant="h6" gutterBottom>

ERROR in src/components/Security/SecurityCharts.tsx:249:13
TS2769: No overload matches this call.
  Overload 1 of 2, '(props: { component: ElementType<any, keyof IntrinsicElements>; } & GridBaseProps & { sx?: SxProps<Theme> | undefined; } & SystemProps<...> & Omit<...>): Element | null', gave the following error.
    Property 'component' is missing in type '{ children: Element; item: true; xs: number; md: number; }' but required in type '{ component: ElementType<any, keyof IntrinsicElements>; }'.
  Overload 2 of 2, '(props: DefaultComponentProps<GridTypeMap<{}, "div">>): Element | null', gave the following error.
    Type '{ children: Element; item: true; xs: number; md: number; }' is not assignable to type 'IntrinsicAttributes & GridBaseProps & { sx?: SxProps<Theme> | undefined; } & SystemProps<Theme> & Omit<...>'.
      Property 'item' does not exist on type 'IntrinsicAttributes & GridBaseProps & { sx?: SxProps<Theme> | undefined; } & SystemProps<Theme> & Omit<...>'.
    247 |
    248 |             {/* 이벤트 위험 수준 분포 */}
  > 249 |             <Grid item xs={12} md={6}>
        |             ^^^^^^^^^^^^^^^^^^^^^^^^^^
    250 |                 <Card>
    251 |                     <CardContent>
    252 |                         <Typography variant="h6" gutterBottom>

ERROR in src/components/Security/SecurityCharts.tsx:274:17
TS2769: No overload matches this call.
  Overload 1 of 2, '(props: { component: ElementType<any, keyof IntrinsicElements>; } & GridBaseProps & { sx?: SxProps<Theme> | undefined; } & SystemProps<...> & Omit<...>): Element | null', gave the following error.
    Property 'component' is missing in type '{ children: Element; item: true; xs: number; md: number; }' but required in type '{ component: ElementType<any, keyof IntrinsicElements>; }'.
  Overload 2 of 2, '(props: DefaultComponentProps<GridTypeMap<{}, "div">>): Element | null', gave the following error.
    Type '{ children: Element; item: true; xs: number; md: number; }' is not assignable to type 'IntrinsicAttributes & GridBaseProps & { sx?: SxProps<Theme> | undefined; } & SystemProps<Theme> & Omit<...>'.
      Property 'item' does not exist on type 'IntrinsicAttributes & GridBaseProps & { sx?: SxProps<Theme> | undefined; } & SystemProps<Theme> & Omit<...>'.
    272 |             {/* 보안 점수 추이 */}
    273 |             {securityScoreData.length > 0 && (
  > 274 |                 <Grid item xs={12} md={6}>
        |                 ^^^^^^^^^^^^^^^^^^^^^^^^^^
    275 |                     <Card>
    276 |                         <CardContent>
    277 |                             <Typography variant="h6" gutterBottom>

ERROR in src/components/Security/SecurityReportGenerator.tsx:26:19
TS2307: Cannot find module '@mui/material/Unstable_Grid2' or its corresponding type declarations.
    24 |     Chip,
    25 | } from '@mui/material';
  > 26 | import Grid2 from '@mui/material/Unstable_Grid2';
       |                   ^^^^^^^^^^^^^^^^^^^^^^^^^^^^^^
    27 | import {
    28 |     Description,
    29 |     Download,

ERROR in src/services/aiHealthMonitor.ts:53:14
TS2300: Duplicate identifier 'AIHealthMonitor'.
    51 |
    52 | // AI 시스템 헬스 모니터 클래스
  > 53 | export class AIHealthMonitor extends EventEmitter {
       |              ^^^^^^^^^^^^^^^
    54 |     private services: Map<string, ServiceHealth> = new Map();
    55 |     private thresholds: Map<string, HealthThreshold> = new Map();
    56 |     private healthHistory: Map<string, HealthCheckResult[]> = new Map();

Compiling...
Compiled successfully!
webpack compiled successfully
Files successfully emitted, waiting for typecheck results...
Issues checking in progress...
ERROR in src/components/AnalyticsDashboard.tsx:42:16
TS7009: 'new' expression, whose target lacks a construct signature, implicitly has an 'any' type.
    40 |     } catch {
    41 |         // 최후의 수단
  > 42 |         return new Error(String(err));
       |                ^^^^^^^^^^^^^^^^^^^^^^
    43 |     }
    44 | };
    45 |

ERROR in src/components/AnalyticsDashboard.tsx:42:26
TS2769: No overload matches this call.
  Overload 1 of 2, '(props: { component: ElementType<any, keyof IntrinsicElements>; } & SvgIconOwnProps & CommonProps & Omit<any, "className" | ... 10 more ... | "viewBox">): Element | null', gave the following error.
    Argument of type 'string' is not assignable to parameter of type '{ component: ElementType<any, keyof IntrinsicElements>; } & SvgIconOwnProps & CommonProps & Omit<any, "className" | ... 10 more ... | "viewBox">'.
      Type 'string' is not assignable to type '{ component: ElementType<any, keyof IntrinsicElements>; }'.
  Overload 2 of 2, '(props: DefaultComponentProps<SvgIconTypeMap<{}, "svg">>): Element | null', gave the following error.
    Type 'string' has no properties in common with type 'DefaultComponentProps<SvgIconTypeMap<{}, "svg">>'.
    40 |     } catch {
    41 |         // 최후의 수단
  > 42 |         return new Error(String(err));
       |                          ^^^^^^^^^^^
    43 |     }
    44 | };
    45 |

ERROR in src/components/PWAInstallPrompt.tsx:299:24
TS2322: Type '{ children: Element[]; component: string; sx: { border: "none"; p: number; }; "aria-label": string; }' is not assignable to type 'IntrinsicAttributes & DialogActionsProps'.
  Property 'component' does not exist on type 'IntrinsicAttributes & DialogActionsProps'.
    297 |           </Alert>
    298 |         </DialogContent>
  > 299 |         <DialogActions component="fieldset" sx={{ border: 'none', p: 0 }} aria-label="업데이트 액션">
        |                        ^^^^^^^^^
    300 |           <Button 
    301 |             onClick={() => setShowUpdateDialog(false)}
    302 |             aria-label="업데이트 다이얼로그 닫기"

ERROR in src/components/RealEstate/ApartmentCommunityAnalysisDashboard.tsx:224:21
TS2769: No overload matches this call.
  Overload 1 of 2, '(props: { component: ElementType<any, keyof IntrinsicElements>; } & GridBaseProps & { sx?: SxProps<Theme> | undefined; } & SystemProps<...> & Omit<...>): Element | null', gave the following error.
    Property 'component' is missing in type '{ children: Element; item: true; xs: number; sm: number; md: number; }' but required in type '{ component: ElementType<any, keyof IntrinsicElements>; }'.
  Overload 2 of 2, '(props: DefaultComponentProps<GridTypeMap<{}, "div">>): Element | null', gave the following error.
    Type '{ children: Element; item: true; xs: number; sm: number; md: number; }' is not assignable to type 'IntrinsicAttributes & GridBaseProps & { sx?: SxProps<Theme> | undefined; } & SystemProps<Theme> & Omit<...>'.
      Property 'item' does not exist on type 'IntrinsicAttributes & GridBaseProps & { sx?: SxProps<Theme> | undefined; } & SystemProps<Theme> & Omit<...>'.
    222 |             {analytics && (
    223 |                 <Grid container spacing={3} sx={{ mb: 3 }}>
  > 224 |                     <Grid item xs={12} sm={6} md={3}>
        |                     ^^^^^^^^^^^^^^^^^^^^^^^^^^^^^^^^^
    225 |                         <Card>
    226 |                             <CardContent>
    227 |                                 <Typography color="textSecondary" gutterBottom>

ERROR in src/components/RealEstate/ApartmentCommunityAnalysisDashboard.tsx:237:21
TS2769: No overload matches this call.
  Overload 1 of 2, '(props: { component: ElementType<any, keyof IntrinsicElements>; } & GridBaseProps & { sx?: SxProps<Theme> | undefined; } & SystemProps<...> & Omit<...>): Element | null', gave the following error.
    Property 'component' is missing in type '{ children: Element; item: true; xs: number; sm: number; md: number; }' but required in type '{ component: ElementType<any, keyof IntrinsicElements>; }'.
  Overload 2 of 2, '(props: DefaultComponentProps<GridTypeMap<{}, "div">>): Element | null', gave the following error.
    Type '{ children: Element; item: true; xs: number; sm: number; md: number; }' is not assignable to type 'IntrinsicAttributes & GridBaseProps & { sx?: SxProps<Theme> | undefined; } & SystemProps<Theme> & Omit<...>'.
      Property 'item' does not exist on type 'IntrinsicAttributes & GridBaseProps & { sx?: SxProps<Theme> | undefined; } & SystemProps<Theme> & Omit<...>'.
    235 |                         </Card>
    236 |                     </Grid>
  > 237 |                     <Grid item xs={12} sm={6} md={3}>
        |                     ^^^^^^^^^^^^^^^^^^^^^^^^^^^^^^^^^
    238 |                         <Card>
    239 |                             <CardContent>
    240 |                                 <Typography color="textSecondary" gutterBottom>

ERROR in src/components/RealEstate/ApartmentCommunityAnalysisDashboard.tsx:247:21
TS2769: No overload matches this call.
  Overload 1 of 2, '(props: { component: ElementType<any, keyof IntrinsicElements>; } & GridBaseProps & { sx?: SxProps<Theme> | undefined; } & SystemProps<...> & Omit<...>): Element | null', gave the following error.
    Property 'component' is missing in type '{ children: Element; item: true; xs: number; sm: number; md: number; }' but required in type '{ component: ElementType<any, keyof IntrinsicElements>; }'.
  Overload 2 of 2, '(props: DefaultComponentProps<GridTypeMap<{}, "div">>): Element | null', gave the following error.
    Type '{ children: Element; item: true; xs: number; sm: number; md: number; }' is not assignable to type 'IntrinsicAttributes & GridBaseProps & { sx?: SxProps<Theme> | undefined; } & SystemProps<Theme> & Omit<...>'.
      Property 'item' does not exist on type 'IntrinsicAttributes & GridBaseProps & { sx?: SxProps<Theme> | undefined; } & SystemProps<Theme> & Omit<...>'.
    245 |                         </Card>
    246 |                     </Grid>
  > 247 |                     <Grid item xs={12} sm={6} md={3}>
        |                     ^^^^^^^^^^^^^^^^^^^^^^^^^^^^^^^^^
    248 |                         <Card>
    249 |                             <CardContent>
    250 |                                 <Typography color="textSecondary" gutterBottom>

ERROR in src/components/RealEstate/ApartmentCommunityAnalysisDashboard.tsx:259:21
TS2769: No overload matches this call.
  Overload 1 of 2, '(props: { component: ElementType<any, keyof IntrinsicElements>; } & GridBaseProps & { sx?: SxProps<Theme> | undefined; } & SystemProps<...> & Omit<...>): Element | null', gave the following error.
    Property 'component' is missing in type '{ children: Element; item: true; xs: number; sm: number; md: number; }' but required in type '{ component: ElementType<any, keyof IntrinsicElements>; }'.
  Overload 2 of 2, '(props: DefaultComponentProps<GridTypeMap<{}, "div">>): Element | null', gave the following error.
    Type '{ children: Element; item: true; xs: number; sm: number; md: number; }' is not assignable to type 'IntrinsicAttributes & GridBaseProps & { sx?: SxProps<Theme> | undefined; } & SystemProps<Theme> & Omit<...>'.
      Property 'item' does not exist on type 'IntrinsicAttributes & GridBaseProps & { sx?: SxProps<Theme> | undefined; } & SystemProps<Theme> & Omit<...>'.
    257 |                         </Card>
    258 |                     </Grid>
  > 259 |                     <Grid item xs={12} sm={6} md={3}>
        |                     ^^^^^^^^^^^^^^^^^^^^^^^^^^^^^^^^^
    260 |                         <Card>
    261 |                             <CardContent>
    262 |                                 <Typography color="textSecondary" gutterBottom>

ERROR in src/components/RealEstate/ApartmentCommunityAnalysisDashboard.tsx:473:25
TS2769: No overload matches this call.
  Overload 1 of 2, '(props: { component: ElementType<any, keyof IntrinsicElements>; } & GridBaseProps & { sx?: SxProps<Theme> | undefined; } & SystemProps<...> & Omit<...>): Element | null', gave the following error.
    Property 'component' is missing in type '{ children: Element; item: true; xs: number; md: number; }' but required in type '{ component: ElementType<any, keyof IntrinsicElements>; }'.
  Overload 2 of 2, '(props: DefaultComponentProps<GridTypeMap<{}, "div">>): Element | null', gave the following error.
    Type '{ children: Element; item: true; xs: number; md: number; }' is not assignable to type 'IntrinsicAttributes & GridBaseProps & { sx?: SxProps<Theme> | undefined; } & SystemProps<Theme> & Omit<...>'.
      Property 'item' does not exist on type 'IntrinsicAttributes & GridBaseProps & { sx?: SxProps<Theme> | undefined; } & SystemProps<Theme> & Omit<...>'.
    471 |                 {analytics ? (
    472 |                     <Grid container spacing={3}>
  > 473 |                         <Grid item xs={12} md={6}>
        |                         ^^^^^^^^^^^^^^^^^^^^^^^^^^
    474 |                             <Card>
    475 |                                 <CardContent>
    476 |                                     <Typography variant="h6" gutterBottom>

ERROR in src/components/RealEstate/ApartmentCommunityAnalysisDashboard.tsx:505:25
TS2769: No overload matches this call.
  Overload 1 of 2, '(props: { component: ElementType<any, keyof IntrinsicElements>; } & GridBaseProps & { sx?: SxProps<Theme> | undefined; } & SystemProps<...> & Omit<...>): Element | null', gave the following error.
    Property 'component' is missing in type '{ children: Element; item: true; xs: number; md: number; }' but required in type '{ component: ElementType<any, keyof IntrinsicElements>; }'.
  Overload 2 of 2, '(props: DefaultComponentProps<GridTypeMap<{}, "div">>): Element | null', gave the following error.
    Type '{ children: Element; item: true; xs: number; md: number; }' is not assignable to type 'IntrinsicAttributes & GridBaseProps & { sx?: SxProps<Theme> | undefined; } & SystemProps<Theme> & Omit<...>'.
      Property 'item' does not exist on type 'IntrinsicAttributes & GridBaseProps & { sx?: SxProps<Theme> | undefined; } & SystemProps<Theme> & Omit<...>'.
    503 |                             </Card>
    504 |                         </Grid>
  > 505 |                         <Grid item xs={12} md={6}>
        |                         ^^^^^^^^^^^^^^^^^^^^^^^^^^
    506 |                             <Card>
    507 |                                 <CardContent>
    508 |                                     <Typography variant="h6" gutterBottom>

ERROR in src/components/RealEstate/ApartmentCommunityAnalysisDashboard.tsx:524:25
TS2769: No overload matches this call.
  Overload 1 of 2, '(props: { component: ElementType<any, keyof IntrinsicElements>; } & GridBaseProps & { sx?: SxProps<Theme> | undefined; } & SystemProps<...> & Omit<...>): Element | null', gave the following error.
    Property 'component' is missing in type '{ children: Element; item: true; xs: number; }' but required in type '{ component: ElementType<any, keyof IntrinsicElements>; }'.
  Overload 2 of 2, '(props: DefaultComponentProps<GridTypeMap<{}, "div">>): Element | null', gave the following error.
    Type '{ children: Element; item: true; xs: number; }' is not assignable to type 'IntrinsicAttributes & GridBaseProps & { sx?: SxProps<Theme> | undefined; } & SystemProps<Theme> & Omit<...>'.
      Property 'item' does not exist on type 'IntrinsicAttributes & GridBaseProps & { sx?: SxProps<Theme> | undefined; } & SystemProps<Theme> & Omit<...>'.
    522 |                             </Card>
    523 |                         </Grid>
  > 524 |                         <Grid item xs={12}>
        |                         ^^^^^^^^^^^^^^^^^^^
    525 |                             <Card>
    526 |                                 <CardContent>
    527 |                                     <Typography variant="h6" gutterBottom>

ERROR in src/components/RealEstate/ConstructionCompanyDashboard.tsx:327:25
TS2769: No overload matches this call.
  Overload 1 of 2, '(props: { component: ElementType<any, keyof IntrinsicElements>; } & GridBaseProps & { sx?: SxProps<Theme> | undefined; } & SystemProps<...> & Omit<...>): Element | null', gave the following error.
    Property 'component' is missing in type '{ children: Element; item: true; xs: number; md: number; key: string; }' but required in type '{ component: ElementType<any, keyof IntrinsicElements>; }'.
  Overload 2 of 2, '(props: DefaultComponentProps<GridTypeMap<{}, "div">>): Element | null', gave the following error.
    Type '{ children: Element; item: true; xs: number; md: number; key: string; }' is not assignable to type 'IntrinsicAttributes & GridBaseProps & { sx?: SxProps<Theme> | undefined; } & SystemProps<Theme> & Omit<...>'.
      Property 'item' does not exist on type 'IntrinsicAttributes & GridBaseProps & { sx?: SxProps<Theme> | undefined; } & SystemProps<Theme> & Omit<...>'.
    325 |                 <Grid container spacing={3}>
    326 |                     {companies.map((company) => (
  > 327 |                         <Grid item xs={12} md={6} key={company.id}>
        |                         ^^^^^^^^^^^^^^^^^^^^^^^^^^^^^^^^^^^^^^^^^^^
    328 |                             <Card>
    329 |                                 <CardContent>
    330 |                                     <Box sx={{ display: 'flex', justifyContent: 'space-between', mb: 2 }}>

ERROR in src/components/RealEstate/ConstructionCompanyDashboard.tsx:348:41
TS2769: No overload matches this call.
  Overload 1 of 2, '(props: { component: ElementType<any, keyof IntrinsicElements>; } & GridBaseProps & { sx?: SxProps<Theme> | undefined; } & SystemProps<...> & Omit<...>): Element | null', gave the following error.
    Property 'component' is missing in type '{ children: Element[]; item: true; xs: number; }' but required in type '{ component: ElementType<any, keyof IntrinsicElements>; }'.
  Overload 2 of 2, '(props: DefaultComponentProps<GridTypeMap<{}, "div">>): Element | null', gave the following error.
    Type '{ children: Element[]; item: true; xs: number; }' is not assignable to type 'IntrinsicAttributes & GridBaseProps & { sx?: SxProps<Theme> | undefined; } & SystemProps<Theme> & Omit<...>'.
      Property 'item' does not exist on type 'IntrinsicAttributes & GridBaseProps & { sx?: SxProps<Theme> | undefined; } & SystemProps<Theme> & Omit<...>'.
    346 |                                     </Box>
    347 |                                     <Grid container spacing={2}>
  > 348 |                                         <Grid item xs={6}>
        |                                         ^^^^^^^^^^^^^^^^^^
    349 |                                             <Typography variant="body2" color="text.secondary">
    350 |                                                 총 프로젝트
    351 |                                             </Typography>

ERROR in src/components/RealEstate/ConstructionCompanyDashboard.tsx:354:41
TS2769: No overload matches this call.
  Overload 1 of 2, '(props: { component: ElementType<any, keyof IntrinsicElements>; } & GridBaseProps & { sx?: SxProps<Theme> | undefined; } & SystemProps<...> & Omit<...>): Element | null', gave the following error.
    Property 'component' is missing in type '{ children: Element[]; item: true; xs: number; }' but required in type '{ component: ElementType<any, keyof IntrinsicElements>; }'.
  Overload 2 of 2, '(props: DefaultComponentProps<GridTypeMap<{}, "div">>): Element | null', gave the following error.
    Type '{ children: Element[]; item: true; xs: number; }' is not assignable to type 'IntrinsicAttributes & GridBaseProps & { sx?: SxProps<Theme> | undefined; } & SystemProps<Theme> & Omit<...>'.
      Property 'item' does not exist on type 'IntrinsicAttributes & GridBaseProps & { sx?: SxProps<Theme> | undefined; } & SystemProps<Theme> & Omit<...>'.
    352 |                                             <Typography variant="h6">{company.total_projects}</Typography>
    353 |                                         </Grid>
  > 354 |                                         <Grid item xs={6}>
        |                                         ^^^^^^^^^^^^^^^^^^
    355 |                                             <Typography variant="body2" color="text.secondary">
    356 |                                                 완료 프로젝트
    357 |                                             </Typography>

ERROR in src/components/RealEstate/ConstructionCompanyDashboard.tsx:362:41
TS2769: No overload matches this call.
  Overload 1 of 2, '(props: { component: ElementType<any, keyof IntrinsicElements>; } & GridBaseProps & { sx?: SxProps<Theme> | undefined; } & SystemProps<...> & Omit<...>): Element | null', gave the following error.
    Property 'component' is missing in type '{ children: Element[]; item: true; xs: number; }' but required in type '{ component: ElementType<any, keyof IntrinsicElements>; }'.
  Overload 2 of 2, '(props: DefaultComponentProps<GridTypeMap<{}, "div">>): Element | null', gave the following error.
    Type '{ children: Element[]; item: true; xs: number; }' is not assignable to type 'IntrinsicAttributes & GridBaseProps & { sx?: SxProps<Theme> | undefined; } & SystemProps<Theme> & Omit<...>'.
      Property 'item' does not exist on type 'IntrinsicAttributes & GridBaseProps & { sx?: SxProps<Theme> | undefined; } & SystemProps<Theme> & Omit<...>'.
    360 |                                             </Typography>
    361 |                                         </Grid>
  > 362 |                                         <Grid item xs={6}>
        |                                         ^^^^^^^^^^^^^^^^^^
    363 |                                             <Typography variant="body2" color="text.secondary">
    364 |                                                 평판 점수
    365 |                                             </Typography>

ERROR in src/components/RealEstate/ConstructionCompanyDashboard.tsx:368:41
TS2769: No overload matches this call.
  Overload 1 of 2, '(props: { component: ElementType<any, keyof IntrinsicElements>; } & GridBaseProps & { sx?: SxProps<Theme> | undefined; } & SystemProps<...> & Omit<...>): Element | null', gave the following error.
    Property 'component' is missing in type '{ children: Element[]; item: true; xs: number; }' but required in type '{ component: ElementType<any, keyof IntrinsicElements>; }'.
  Overload 2 of 2, '(props: DefaultComponentProps<GridTypeMap<{}, "div">>): Element | null', gave the following error.
    Type '{ children: Element[]; item: true; xs: number; }' is not assignable to type 'IntrinsicAttributes & GridBaseProps & { sx?: SxProps<Theme> | undefined; } & SystemProps<Theme> & Omit<...>'.
      Property 'item' does not exist on type 'IntrinsicAttributes & GridBaseProps & { sx?: SxProps<Theme> | undefined; } & SystemProps<Theme> & Omit<...>'.
    366 |                                             <Typography variant="h6">{company.reputation_score.toFixed(1)}</Typography>
    367 |                                         </Grid>
  > 368 |                                         <Grid item xs={6}>
        |                                         ^^^^^^^^^^^^^^^^^^
    369 |                                             <Typography variant="body2" color="text.secondary">
    370 |                                                 품질 점수
    371 |                                             </Typography>

ERROR in src/components/RealEstate/ConstructionCompanyDashboard.tsx:603:29
TS2769: No overload matches this call.
  Overload 1 of 2, '(props: { component: ElementType<any, keyof IntrinsicElements>; } & GridBaseProps & { sx?: SxProps<Theme> | undefined; } & SystemProps<...> & Omit<...>): Element | null', gave the following error.
    Property 'component' is missing in type '{ children: Element; item: true; xs: number; md: number; key: string; }' but required in type '{ component: ElementType<any, keyof IntrinsicElements>; }'.
  Overload 2 of 2, '(props: DefaultComponentProps<GridTypeMap<{}, "div">>): Element | null', gave the following error.
    Type '{ children: Element; item: true; xs: number; md: number; key: string; }' is not assignable to type 'IntrinsicAttributes & GridBaseProps & { sx?: SxProps<Theme> | undefined; } & SystemProps<Theme> & Omit<...>'.
      Property 'item' does not exist on type 'IntrinsicAttributes & GridBaseProps & { sx?: SxProps<Theme> | undefined; } & SystemProps<Theme> & Omit<...>'.
    601 |                     <Grid container spacing={3}>
    602 |                         {selectionAnalyses.map((analysis) => (
  > 603 |                             <Grid item xs={12} md={6} key={analysis.company_id}>
        |                             ^^^^^^^^^^^^^^^^^^^^^^^^^^^^^^^^^^^^^^^^^^^^^^^^^^^^
    604 |                                 <Card>
    605 |                                     <CardContent>
    606 |                                         <Typography variant="h6" gutterBottom>

ERROR in src/components/Security/AdvancedSecurityPanel.tsx:397:21
TS2769: No overload matches this call.
  Overload 1 of 2, '(props: { component: ElementType<any, keyof IntrinsicElements>; } & GridBaseProps & { sx?: SxProps<Theme> | undefined; } & SystemProps<...> & Omit<...>): Element | null', gave the following error.
    Property 'component' is missing in type '{ children: Element; item: true; xs: number; md: number; }' but required in type '{ component: ElementType<any, keyof IntrinsicElements>; }'.
  Overload 2 of 2, '(props: DefaultComponentProps<GridTypeMap<{}, "div">>): Element | null', gave the following error.
    Type '{ children: Element; item: true; xs: number; md: number; }' is not assignable to type 'IntrinsicAttributes & GridBaseProps & { sx?: SxProps<Theme> | undefined; } & SystemProps<Theme> & Omit<...>'.
      Property 'item' does not exist on type 'IntrinsicAttributes & GridBaseProps & { sx?: SxProps<Theme> | undefined; } & SystemProps<Theme> & Omit<...>'.
    395 |             {securityStatus && (
    396 |                 <Grid container spacing={3} sx={{ mb: 3 }}>
  > 397 |                     <Grid item xs={12} md={3}>
        |                     ^^^^^^^^^^^^^^^^^^^^^^^^^^
    398 |                         <Card role="region" aria-label="보안 점수">
    399 |                             <CardContent>
    400 |                                 <Typography color="textSecondary" gutterBottom>

ERROR in src/components/Security/AdvancedSecurityPanel.tsx:415:21
TS2769: No overload matches this call.
  Overload 1 of 2, '(props: { component: ElementType<any, keyof IntrinsicElements>; } & GridBaseProps & { sx?: SxProps<Theme> | undefined; } & SystemProps<...> & Omit<...>): Element | null', gave the following error.
    Property 'component' is missing in type '{ children: Element; item: true; xs: number; md: number; }' but required in type '{ component: ElementType<any, keyof IntrinsicElements>; }'.
  Overload 2 of 2, '(props: DefaultComponentProps<GridTypeMap<{}, "div">>): Element | null', gave the following error.
    Type '{ children: Element; item: true; xs: number; md: number; }' is not assignable to type 'IntrinsicAttributes & GridBaseProps & { sx?: SxProps<Theme> | undefined; } & SystemProps<Theme> & Omit<...>'.
      Property 'item' does not exist on type 'IntrinsicAttributes & GridBaseProps & { sx?: SxProps<Theme> | undefined; } & SystemProps<Theme> & Omit<...>'.
    413 |                         </Card>
    414 |                     </Grid>
  > 415 |                     <Grid item xs={12} md={3}>
        |                     ^^^^^^^^^^^^^^^^^^^^^^^^^^
    416 |                         <Card role="region" aria-label="활성 위협">
    417 |                             <CardContent>
    418 |                                 <Typography color="textSecondary" gutterBottom>

ERROR in src/components/Security/AdvancedSecurityPanel.tsx:438:21
TS2769: No overload matches this call.
  Overload 1 of 2, '(props: { component: ElementType<any, keyof IntrinsicElements>; } & GridBaseProps & { sx?: SxProps<Theme> | undefined; } & SystemProps<...> & Omit<...>): Element | null', gave the following error.
    Property 'component' is missing in type '{ children: Element; item: true; xs: number; md: number; }' but required in type '{ component: ElementType<any, keyof IntrinsicElements>; }'.
  Overload 2 of 2, '(props: DefaultComponentProps<GridTypeMap<{}, "div">>): Element | null', gave the following error.
    Type '{ children: Element; item: true; xs: number; md: number; }' is not assignable to type 'IntrinsicAttributes & GridBaseProps & { sx?: SxProps<Theme> | undefined; } & SystemProps<Theme> & Omit<...>'.
      Property 'item' does not exist on type 'IntrinsicAttributes & GridBaseProps & { sx?: SxProps<Theme> | undefined; } & SystemProps<Theme> & Omit<...>'.
    436 |                         </Card>
    437 |                     </Grid>
  > 438 |                     <Grid item xs={12} md={3}>
        |                     ^^^^^^^^^^^^^^^^^^^^^^^^^^
    439 |                         <Card role="region" aria-label="고위험 이벤트">
    440 |                             <CardContent>
    441 |                                 <Typography color="textSecondary" gutterBottom>

ERROR in src/components/Security/AdvancedSecurityPanel.tsx:453:21
TS2769: No overload matches this call.
  Overload 1 of 2, '(props: { component: ElementType<any, keyof IntrinsicElements>; } & GridBaseProps & { sx?: SxProps<Theme> | undefined; } & SystemProps<...> & Omit<...>): Element | null', gave the following error.
    Property 'component' is missing in type '{ children: Element; item: true; xs: number; md: number; }' but required in type '{ component: ElementType<any, keyof IntrinsicElements>; }'.
  Overload 2 of 2, '(props: DefaultComponentProps<GridTypeMap<{}, "div">>): Element | null', gave the following error.
    Type '{ children: Element; item: true; xs: number; md: number; }' is not assignable to type 'IntrinsicAttributes & GridBaseProps & { sx?: SxProps<Theme> | undefined; } & SystemProps<Theme> & Omit<...>'.
      Property 'item' does not exist on type 'IntrinsicAttributes & GridBaseProps & { sx?: SxProps<Theme> | undefined; } & SystemProps<Theme> & Omit<...>'.
    451 |                         </Card>
    452 |                     </Grid>
  > 453 |                     <Grid item xs={12} md={3}>
        |                     ^^^^^^^^^^^^^^^^^^^^^^^^^^
    454 |                         <Card role="region" aria-label="암호화 키">
    455 |                             <CardContent>
    456 |                                 <Typography color="textSecondary" gutterBottom>

ERROR in src/components/Security/AdvancedSecurityPanel.tsx:789:53
TS2367: This comparison appears to be unintentional because the types '"disabled" | "enabled"' and '""' have no overlap.
    787 |                                 value={policyFilter.enabled === undefined ? '' : policyFilter.enabled ? 'enabled' : 'disabled'}
    788 |                                 onChange={(e) => {
  > 789 |                                     const enabled = e.target.value === '' ? undefined : e.target.value === 'enabled';
        |                                                     ^^^^^^^^^^^^^^^^^^^^^
    790 |                                     handlePolicyFilterChange(policyFilter.type, enabled, policyFilter.search);
    791 |                                 }}
    792 |                                 label="상태"

ERROR in src/components/Security/AdvancedSecurityPanel.tsx:824:29
TS2769: No overload matches this call.
  Overload 1 of 2, '(props: { component: ElementType<any, keyof IntrinsicElements>; } & GridBaseProps & { sx?: SxProps<Theme> | undefined; } & SystemProps<...> & Omit<...>): Element | null', gave the following error.
    Property 'component' is missing in type '{ children: Element; item: true; xs: number; md: number; key: string; }' but required in type '{ component: ElementType<any, keyof IntrinsicElements>; }'.
  Overload 2 of 2, '(props: DefaultComponentProps<GridTypeMap<{}, "div">>): Element | null', gave the following error.
    Type '{ children: Element; item: true; xs: number; md: number; key: string; }' is not assignable to type 'IntrinsicAttributes & GridBaseProps & { sx?: SxProps<Theme> | undefined; } & SystemProps<Theme> & Omit<...>'.
      Property 'item' does not exist on type 'IntrinsicAttributes & GridBaseProps & { sx?: SxProps<Theme> | undefined; } & SystemProps<Theme> & Omit<...>'.
    822 |                     <Grid container spacing={2}>
    823 |                         {filteredPolicies.map((policy) => (
  > 824 |                             <Grid item xs={12} md={6} key={policy.id}>
        |                             ^^^^^^^^^^^^^^^^^^^^^^^^^^^^^^^^^^^^^^^^^^
    825 |                                 <Card>
    826 |                                     <CardContent>
    827 |                                         <Box sx={{ display: 'flex', justifyContent: 'space-between', mb: 1 }}>

ERROR in src/components/Security/SecurityAnalyticsPanel.tsx:105:25
TS2769: No overload matches this call.
  Overload 1 of 2, '(props: { component: ElementType<any, keyof IntrinsicElements>; } & GridBaseProps & { sx?: SxProps<Theme> | undefined; } & SystemProps<...> & Omit<...>): Element | null', gave the following error.
    Property 'component' is missing in type '{ children: Element; item: true; xs: number; sm: number; }' but required in type '{ component: ElementType<any, keyof IntrinsicElements>; }'.
  Overload 2 of 2, '(props: DefaultComponentProps<GridTypeMap<{}, "div">>): Element | null', gave the following error.
    Type '{ children: Element; item: true; xs: number; sm: number; }' is not assignable to type 'IntrinsicAttributes & GridBaseProps & { sx?: SxProps<Theme> | undefined; } & SystemProps<Theme> & Omit<...>'.
      Property 'item' does not exist on type 'IntrinsicAttributes & GridBaseProps & { sx?: SxProps<Theme> | undefined; } & SystemProps<Theme> & Omit<...>'.
    103 |                 <CardContent>
    104 |                     <Grid container spacing={2} alignItems="center">
  > 105 |                         <Grid item xs={12} sm={4}>
        |                         ^^^^^^^^^^^^^^^^^^^^^^^^^^
    106 |                             <Box>
    107 |                                 <Typography variant="body2" sx={{ mb: 1 }}>
    108 |                                     시작 날짜

ERROR in src/components/Security/SecurityAnalyticsPanel.tsx:125:25
TS2769: No overload matches this call.
  Overload 1 of 2, '(props: { component: ElementType<any, keyof IntrinsicElements>; } & GridBaseProps & { sx?: SxProps<Theme> | undefined; } & SystemProps<...> & Omit<...>): Element | null', gave the following error.
    Property 'component' is missing in type '{ children: Element; item: true; xs: number; sm: number; }' but required in type '{ component: ElementType<any, keyof IntrinsicElements>; }'.
  Overload 2 of 2, '(props: DefaultComponentProps<GridTypeMap<{}, "div">>): Element | null', gave the following error.
    Type '{ children: Element; item: true; xs: number; sm: number; }' is not assignable to type 'IntrinsicAttributes & GridBaseProps & { sx?: SxProps<Theme> | undefined; } & SystemProps<Theme> & Omit<...>'.
      Property 'item' does not exist on type 'IntrinsicAttributes & GridBaseProps & { sx?: SxProps<Theme> | undefined; } & SystemProps<Theme> & Omit<...>'.
    123 |                             </Box>
    124 |                         </Grid>
  > 125 |                         <Grid item xs={12} sm={4}>
        |                         ^^^^^^^^^^^^^^^^^^^^^^^^^^
    126 |                             <Box>
    127 |                                 <Typography variant="body2" sx={{ mb: 1 }}>
    128 |                                     종료 날짜

ERROR in src/components/Security/SecurityAnalyticsPanel.tsx:145:25
TS2769: No overload matches this call.
  Overload 1 of 2, '(props: { component: ElementType<any, keyof IntrinsicElements>; } & GridBaseProps & { sx?: SxProps<Theme> | undefined; } & SystemProps<...> & Omit<...>): Element | null', gave the following error.
    Property 'component' is missing in type '{ children: Element; item: true; xs: number; sm: number; }' but required in type '{ component: ElementType<any, keyof IntrinsicElements>; }'.
  Overload 2 of 2, '(props: DefaultComponentProps<GridTypeMap<{}, "div">>): Element | null', gave the following error.
    Type '{ children: Element; item: true; xs: number; sm: number; }' is not assignable to type 'IntrinsicAttributes & GridBaseProps & { sx?: SxProps<Theme> | undefined; } & SystemProps<Theme> & Omit<...>'.
      Property 'item' does not exist on type 'IntrinsicAttributes & GridBaseProps & { sx?: SxProps<Theme> | undefined; } & SystemProps<Theme> & Omit<...>'.
    143 |                             </Box>
    144 |                         </Grid>
  > 145 |                         <Grid item xs={12} sm={4}>
        |                         ^^^^^^^^^^^^^^^^^^^^^^^^^^
    146 |                             <Button
    147 |                                 variant="contained"
    148 |                                 fullWidth

ERROR in src/components/Security/SecurityAnalyticsPanel.tsx:180:17
TS2769: No overload matches this call.
  Overload 1 of 2, '(props: { component: ElementType<any, keyof IntrinsicElements>; } & GridBaseProps & { sx?: SxProps<Theme> | undefined; } & SystemProps<...> & Omit<...>): Element | null', gave the following error.
    Property 'component' is missing in type '{ children: Element; item: true; xs: number; md: number; }' but required in type '{ component: ElementType<any, keyof IntrinsicElements>; }'.
  Overload 2 of 2, '(props: DefaultComponentProps<GridTypeMap<{}, "div">>): Element | null', gave the following error.
    Type '{ children: Element; item: true; xs: number; md: number; }' is not assignable to type 'IntrinsicAttributes & GridBaseProps & { sx?: SxProps<Theme> | undefined; } & SystemProps<Theme> & Omit<...>'.
      Property 'item' does not exist on type 'IntrinsicAttributes & GridBaseProps & { sx?: SxProps<Theme> | undefined; } & SystemProps<Theme> & Omit<...>'.
    178 |             {/* 위협 통계 */}
    179 |             <Grid container spacing={3} sx={{ mb: 3 }}>
  > 180 |                 <Grid item xs={12} md={6}>
        |                 ^^^^^^^^^^^^^^^^^^^^^^^^^^
    181 |                     <Card>
    182 |                         <CardContent>
    183 |                             <Typography variant="h6" gutterBottom>

ERROR in src/components/Security/SecurityAnalyticsPanel.tsx:204:17
TS2769: No overload matches this call.
  Overload 1 of 2, '(props: { component: ElementType<any, keyof IntrinsicElements>; } & GridBaseProps & { sx?: SxProps<Theme> | undefined; } & SystemProps<...> & Omit<...>): Element | null', gave the following error.
    Property 'component' is missing in type '{ children: Element; item: true; xs: number; md: number; }' but required in type '{ component: ElementType<any, keyof IntrinsicElements>; }'.
  Overload 2 of 2, '(props: DefaultComponentProps<GridTypeMap<{}, "div">>): Element | null', gave the following error.
    Type '{ children: Element; item: true; xs: number; md: number; }' is not assignable to type 'IntrinsicAttributes & GridBaseProps & { sx?: SxProps<Theme> | undefined; } & SystemProps<Theme> & Omit<...>'.
      Property 'item' does not exist on type 'IntrinsicAttributes & GridBaseProps & { sx?: SxProps<Theme> | undefined; } & SystemProps<Theme> & Omit<...>'.
    202 |                 </Grid>
    203 |
  > 204 |                 <Grid item xs={12} md={6}>
        |                 ^^^^^^^^^^^^^^^^^^^^^^^^^^
    205 |                     <Card>
    206 |                         <CardContent>
    207 |                             <Typography variant="h6" gutterBottom>

ERROR in src/components/Security/SecurityAnalyticsPanel.tsx:262:17
TS2769: No overload matches this call.
  Overload 1 of 2, '(props: { component: ElementType<any, keyof IntrinsicElements>; } & GridBaseProps & { sx?: SxProps<Theme> | undefined; } & SystemProps<...> & Omit<...>): Element | null', gave the following error.
    Property 'component' is missing in type '{ children: Element; item: true; xs: number; md: number; }' but required in type '{ component: ElementType<any, keyof IntrinsicElements>; }'.
  Overload 2 of 2, '(props: DefaultComponentProps<GridTypeMap<{}, "div">>): Element | null', gave the following error.
    Type '{ children: Element; item: true; xs: number; md: number; }' is not assignable to type 'IntrinsicAttributes & GridBaseProps & { sx?: SxProps<Theme> | undefined; } & SystemProps<Theme> & Omit<...>'.
      Property 'item' does not exist on type 'IntrinsicAttributes & GridBaseProps & { sx?: SxProps<Theme> | undefined; } & SystemProps<Theme> & Omit<...>'.
    260 |             {/* 이벤트 통계 */}
    261 |             <Grid container spacing={3} sx={{ mb: 3 }}>
  > 262 |                 <Grid item xs={12} md={6}>
        |                 ^^^^^^^^^^^^^^^^^^^^^^^^^^
    263 |                     <Card>
    264 |                         <CardContent>
    265 |                             <Typography variant="h6" gutterBottom>

ERROR in src/components/Security/SecurityAnalyticsPanel.tsx:286:17
TS2769: No overload matches this call.
  Overload 1 of 2, '(props: { component: ElementType<any, keyof IntrinsicElements>; } & GridBaseProps & { sx?: SxProps<Theme> | undefined; } & SystemProps<...> & Omit<...>): Element | null', gave the following error.
    Property 'component' is missing in type '{ children: Element; item: true; xs: number; md: number; }' but required in type '{ component: ElementType<any, keyof IntrinsicElements>; }'.
  Overload 2 of 2, '(props: DefaultComponentProps<GridTypeMap<{}, "div">>): Element | null', gave the following error.
    Type '{ children: Element; item: true; xs: number; md: number; }' is not assignable to type 'IntrinsicAttributes & GridBaseProps & { sx?: SxProps<Theme> | undefined; } & SystemProps<Theme> & Omit<...>'.
      Property 'item' does not exist on type 'IntrinsicAttributes & GridBaseProps & { sx?: SxProps<Theme> | undefined; } & SystemProps<Theme> & Omit<...>'.
    284 |                 </Grid>
    285 |
  > 286 |                 <Grid item xs={12} md={6}>
        |                 ^^^^^^^^^^^^^^^^^^^^^^^^^^
    287 |                     <Card>
    288 |                         <CardContent>
    289 |                             <Typography variant="h6" gutterBottom>

ERROR in src/components/Security/SecurityAnalyticsPanel.tsx:320:25
TS2769: No overload matches this call.
  Overload 1 of 2, '(props: { component: ElementType<any, keyof IntrinsicElements>; } & GridBaseProps & { sx?: SxProps<Theme> | undefined; } & SystemProps<...> & Omit<...>): Element | null', gave the following error.
    Property 'component' is missing in type '{ children: Element[]; item: true; xs: number; sm: number; }' but required in type '{ component: ElementType<any, keyof IntrinsicElements>; }'.
  Overload 2 of 2, '(props: DefaultComponentProps<GridTypeMap<{}, "div">>): Element | null', gave the following error.
    Type '{ children: Element[]; item: true; xs: number; sm: number; }' is not assignable to type 'IntrinsicAttributes & GridBaseProps & { sx?: SxProps<Theme> | undefined; } & SystemProps<Theme> & Omit<...>'.
      Property 'item' does not exist on type 'IntrinsicAttributes & GridBaseProps & { sx?: SxProps<Theme> | undefined; } & SystemProps<Theme> & Omit<...>'.
    318 |                     </Typography>
    319 |                     <Grid container spacing={2}>
  > 320 |                         <Grid item xs={12} sm={4}>
        |                         ^^^^^^^^^^^^^^^^^^^^^^^^^^
    321 |                             <Typography variant="body2" color="text.secondary">
    322 |                                 총 알림 수
    323 |                             </Typography>

ERROR in src/components/Security/SecurityAnalyticsPanel.tsx:326:25
TS2769: No overload matches this call.
  Overload 1 of 2, '(props: { component: ElementType<any, keyof IntrinsicElements>; } & GridBaseProps & { sx?: SxProps<Theme> | undefined; } & SystemProps<...> & Omit<...>): Element | null', gave the following error.
    Property 'component' is missing in type '{ children: Element[]; item: true; xs: number; sm: number; }' but required in type '{ component: ElementType<any, keyof IntrinsicElements>; }'.
  Overload 2 of 2, '(props: DefaultComponentProps<GridTypeMap<{}, "div">>): Element | null', gave the following error.
    Type '{ children: Element[]; item: true; xs: number; sm: number; }' is not assignable to type 'IntrinsicAttributes & GridBaseProps & { sx?: SxProps<Theme> | undefined; } & SystemProps<Theme> & Omit<...>'.
      Property 'item' does not exist on type 'IntrinsicAttributes & GridBaseProps & { sx?: SxProps<Theme> | undefined; } & SystemProps<Theme> & Omit<...>'.
    324 |                             <Typography variant="h4">{statistics.alerts.total}</Typography>
    325 |                         </Grid>
  > 326 |                         <Grid item xs={12} sm={4}>
        |                         ^^^^^^^^^^^^^^^^^^^^^^^^^^
    327 |                             <Typography variant="body2" color="text.secondary">
    328 |                                 미확인 알림
    329 |                             </Typography>

ERROR in src/components/Security/SecurityAnalyticsPanel.tsx:334:25
TS2769: No overload matches this call.
  Overload 1 of 2, '(props: { component: ElementType<any, keyof IntrinsicElements>; } & GridBaseProps & { sx?: SxProps<Theme> | undefined; } & SystemProps<...> & Omit<...>): Element | null', gave the following error.
    Property 'component' is missing in type '{ children: Element[]; item: true; xs: number; sm: number; }' but required in type '{ component: ElementType<any, keyof IntrinsicElements>; }'.
  Overload 2 of 2, '(props: DefaultComponentProps<GridTypeMap<{}, "div">>): Element | null', gave the following error.
    Type '{ children: Element[]; item: true; xs: number; sm: number; }' is not assignable to type 'IntrinsicAttributes & GridBaseProps & { sx?: SxProps<Theme> | undefined; } & SystemProps<Theme> & Omit<...>'.
      Property 'item' does not exist on type 'IntrinsicAttributes & GridBaseProps & { sx?: SxProps<Theme> | undefined; } & SystemProps<Theme> & Omit<...>'.
    332 |                             </Typography>
    333 |                         </Grid>
  > 334 |                         <Grid item xs={12} sm={4}>
        |                         ^^^^^^^^^^^^^^^^^^^^^^^^^^
    335 |                             <Typography variant="body2" color="text.secondary">
    336 |                                 심각도별 분포
    337 |                             </Typography>

ERROR in src/components/Security/SecurityAnalyticsPanel.tsx:365:21
TS2769: No overload matches this call.
  Overload 1 of 2, '(props: { component: ElementType<any, keyof IntrinsicElements>; } & GridBaseProps & { sx?: SxProps<Theme> | undefined; } & SystemProps<...> & Omit<...>): Element | null', gave the following error.
    Property 'component' is missing in type '{ children: Element; item: true; xs: number; md: number; }' but required in type '{ component: ElementType<any, keyof IntrinsicElements>; }'.
  Overload 2 of 2, '(props: DefaultComponentProps<GridTypeMap<{}, "div">>): Element | null', gave the following error.
    Type '{ children: Element; item: true; xs: number; md: number; }' is not assignable to type 'IntrinsicAttributes & GridBaseProps & { sx?: SxProps<Theme> | undefined; } & SystemProps<Theme> & Omit<...>'.
      Property 'item' does not exist on type 'IntrinsicAttributes & GridBaseProps & { sx?: SxProps<Theme> | undefined; } & SystemProps<Theme> & Omit<...>'.
    363 |             {statistics.audit.topUsers.length > 0 && (
    364 |                 <Grid container spacing={3} sx={{ mb: 3 }}>
  > 365 |                     <Grid item xs={12} md={6}>
        |                     ^^^^^^^^^^^^^^^^^^^^^^^^^^
    366 |                         <Card>
    367 |                             <CardContent>
    368 |                                 <Typography variant="h6" gutterBottom>

ERROR in src/components/Security/SecurityAnalyticsPanel.tsx:393:21
TS2769: No overload matches this call.
  Overload 1 of 2, '(props: { component: ElementType<any, keyof IntrinsicElements>; } & GridBaseProps & { sx?: SxProps<Theme> | undefined; } & SystemProps<...> & Omit<...>): Element | null', gave the following error.
    Property 'component' is missing in type '{ children: Element; item: true; xs: number; md: number; }' but required in type '{ component: ElementType<any, keyof IntrinsicElements>; }'.
  Overload 2 of 2, '(props: DefaultComponentProps<GridTypeMap<{}, "div">>): Element | null', gave the following error.
    Type '{ children: Element; item: true; xs: number; md: number; }' is not assignable to type 'IntrinsicAttributes & GridBaseProps & { sx?: SxProps<Theme> | undefined; } & SystemProps<Theme> & Omit<...>'.
      Property 'item' does not exist on type 'IntrinsicAttributes & GridBaseProps & { sx?: SxProps<Theme> | undefined; } & SystemProps<Theme> & Omit<...>'.
    391 |                     </Grid>
    392 |
  > 393 |                     <Grid item xs={12} md={6}>
        |                     ^^^^^^^^^^^^^^^^^^^^^^^^^^
    394 |                         <Card>
    395 |                             <CardContent>
    396 |                                 <Typography variant="h6" gutterBottom>

ERROR in src/components/Security/SecurityAutomationPanel.tsx:103:17
TS2322: Type '{ type: "threat" | "alert" | "event" | "metric"; condition: string; severity?: "low" | "medium" | "high" | "critical" | undefined; }' is not assignable to type '{ type: "threat" | "alert" | "event" | "metric"; condition: string; severity: "low" | "medium" | "high" | "critical"; }'.
  Types of property 'severity' are incompatible.
    Type '"low" | "medium" | "high" | "critical" | undefined' is not assignable to type '"low" | "medium" | "high" | "critical"'.
      Type 'undefined' is not assignable to type '"low" | "medium" | "high" | "critical"'.
    101 |                 name: rule.name,
    102 |                 description: rule.description,
  > 103 |                 trigger: rule.trigger,
        |                 ^^^^^^^
    104 |                 actions: rule.actions,
    105 |                 enabled: rule.enabled,
    106 |             });

ERROR in src/components/Security/SecurityAutomationPanel.tsx:209:17
TS2769: No overload matches this call.
  Overload 1 of 2, '(props: { component: ElementType<any, keyof IntrinsicElements>; } & GridBaseProps & { sx?: SxProps<Theme> | undefined; } & SystemProps<...> & Omit<...>): Element | null', gave the following error.
    Property 'component' is missing in type '{ children: Element; item: true; xs: number; }' but required in type '{ component: ElementType<any, keyof IntrinsicElements>; }'.
  Overload 2 of 2, '(props: DefaultComponentProps<GridTypeMap<{}, "div">>): Element | null', gave the following error.
    Type '{ children: Element; item: true; xs: number; }' is not assignable to type 'IntrinsicAttributes & GridBaseProps & { sx?: SxProps<Theme> | undefined; } & SystemProps<Theme> & Omit<...>'.
      Property 'item' does not exist on type 'IntrinsicAttributes & GridBaseProps & { sx?: SxProps<Theme> | undefined; } & SystemProps<Theme> & Omit<...>'.
    207 |
    208 |             <Grid container spacing={3}>
  > 209 |                 <Grid item xs={12}>
        |                 ^^^^^^^^^^^^^^^^^^^
    210 |                     <Card>
    211 |                         <CardContent>
    212 |                             <Typography variant="h6" gutterBottom>

ERROR in src/components/Security/SecurityCharts.tsx:147:13
TS2769: No overload matches this call.
  Overload 1 of 2, '(props: { component: ElementType<any, keyof IntrinsicElements>; } & GridBaseProps & { sx?: SxProps<Theme> | undefined; } & SystemProps<...> & Omit<...>): Element | null', gave the following error.
    Property 'component' is missing in type '{ children: Element; item: true; xs: number; md: number; }' but required in type '{ component: ElementType<any, keyof IntrinsicElements>; }'.
  Overload 2 of 2, '(props: DefaultComponentProps<GridTypeMap<{}, "div">>): Element | null', gave the following error.
    Type '{ children: Element; item: true; xs: number; md: number; }' is not assignable to type 'IntrinsicAttributes & GridBaseProps & { sx?: SxProps<Theme> | undefined; } & SystemProps<Theme> & Omit<...>'.
      Property 'item' does not exist on type 'IntrinsicAttributes & GridBaseProps & { sx?: SxProps<Theme> | undefined; } & SystemProps<Theme> & Omit<...>'.
    145 |         <Grid container spacing={3}>
    146 |             {/* 위협 심각도 분포 */}
  > 147 |             <Grid item xs={12} md={6}>
        |             ^^^^^^^^^^^^^^^^^^^^^^^^^^
    148 |                 <Card>
    149 |                     <CardContent>
    150 |                         <Typography variant="h6" gutterBottom>

ERROR in src/components/Security/SecurityCharts.tsx:160:53
TS2339: Property 'percent' does not exist on type 'Props'.
    158 |                                     cy="50%"
    159 |                                     labelLine={false}
  > 160 |                                     label={({ name, percent }) =>
        |                                                     ^^^^^^^
    161 |                                         `${name}: ${(percent * 100).toFixed(0)}%`
    162 |                                     }
    163 |                                     outerRadius={80}

ERROR in src/components/Security/SecurityCharts.tsx:180:13
TS2769: No overload matches this call.
  Overload 1 of 2, '(props: { component: ElementType<any, keyof IntrinsicElements>; } & GridBaseProps & { sx?: SxProps<Theme> | undefined; } & SystemProps<...> & Omit<...>): Element | null', gave the following error.
    Property 'component' is missing in type '{ children: Element; item: true; xs: number; md: number; }' but required in type '{ component: ElementType<any, keyof IntrinsicElements>; }'.
  Overload 2 of 2, '(props: DefaultComponentProps<GridTypeMap<{}, "div">>): Element | null', gave the following error.
    Type '{ children: Element; item: true; xs: number; md: number; }' is not assignable to type 'IntrinsicAttributes & GridBaseProps & { sx?: SxProps<Theme> | undefined; } & SystemProps<Theme> & Omit<...>'.
      Property 'item' does not exist on type 'IntrinsicAttributes & GridBaseProps & { sx?: SxProps<Theme> | undefined; } & SystemProps<Theme> & Omit<...>'.
    178 |
    179 |             {/* 알림 타입별 분포 */}
  > 180 |             <Grid item xs={12} md={6}>
        |             ^^^^^^^^^^^^^^^^^^^^^^^^^^
    181 |                 <Card>
    182 |                     <CardContent>
    183 |                         <Typography variant="h6" gutterBottom>

ERROR in src/components/Security/SecurityCharts.tsx:201:13
TS2769: No overload matches this call.
  Overload 1 of 2, '(props: { component: ElementType<any, keyof IntrinsicElements>; } & GridBaseProps & { sx?: SxProps<Theme> | undefined; } & SystemProps<...> & Omit<...>): Element | null', gave the following error.
    Property 'component' is missing in type '{ children: Element; item: true; xs: number; }' but required in type '{ component: ElementType<any, keyof IntrinsicElements>; }'.
  Overload 2 of 2, '(props: DefaultComponentProps<GridTypeMap<{}, "div">>): Element | null', gave the following error.
    Type '{ children: Element; item: true; xs: number; }' is not assignable to type 'IntrinsicAttributes & GridBaseProps & { sx?: SxProps<Theme> | undefined; } & SystemProps<Theme> & Omit<...>'.
      Property 'item' does not exist on type 'IntrinsicAttributes & GridBaseProps & { sx?: SxProps<Theme> | undefined; } & SystemProps<Theme> & Omit<...>'.
    199 |
    200 |             {/* 위협 발생 추이 */}
  > 201 |             <Grid item xs={12}>
        |             ^^^^^^^^^^^^^^^^^^^
    202 |                 <Card>
    203 |                     <CardContent>
    204 |                         <Typography variant="h6" gutterBottom>

ERROR in src/components/Security/SecurityCharts.tsx:249:13
TS2769: No overload matches this call.
  Overload 1 of 2, '(props: { component: ElementType<any, keyof IntrinsicElements>; } & GridBaseProps & { sx?: SxProps<Theme> | undefined; } & SystemProps<...> & Omit<...>): Element | null', gave the following error.
    Property 'component' is missing in type '{ children: Element; item: true; xs: number; md: number; }' but required in type '{ component: ElementType<any, keyof IntrinsicElements>; }'.
  Overload 2 of 2, '(props: DefaultComponentProps<GridTypeMap<{}, "div">>): Element | null', gave the following error.
    Type '{ children: Element; item: true; xs: number; md: number; }' is not assignable to type 'IntrinsicAttributes & GridBaseProps & { sx?: SxProps<Theme> | undefined; } & SystemProps<Theme> & Omit<...>'.
      Property 'item' does not exist on type 'IntrinsicAttributes & GridBaseProps & { sx?: SxProps<Theme> | undefined; } & SystemProps<Theme> & Omit<...>'.
    247 |
    248 |             {/* 이벤트 위험 수준 분포 */}
  > 249 |             <Grid item xs={12} md={6}>
        |             ^^^^^^^^^^^^^^^^^^^^^^^^^^
    250 |                 <Card>
    251 |                     <CardContent>
    252 |                         <Typography variant="h6" gutterBottom>

ERROR in src/components/Security/SecurityCharts.tsx:274:17
TS2769: No overload matches this call.
  Overload 1 of 2, '(props: { component: ElementType<any, keyof IntrinsicElements>; } & GridBaseProps & { sx?: SxProps<Theme> | undefined; } & SystemProps<...> & Omit<...>): Element | null', gave the following error.
    Property 'component' is missing in type '{ children: Element; item: true; xs: number; md: number; }' but required in type '{ component: ElementType<any, keyof IntrinsicElements>; }'.
  Overload 2 of 2, '(props: DefaultComponentProps<GridTypeMap<{}, "div">>): Element | null', gave the following error.
    Type '{ children: Element; item: true; xs: number; md: number; }' is not assignable to type 'IntrinsicAttributes & GridBaseProps & { sx?: SxProps<Theme> | undefined; } & SystemProps<Theme> & Omit<...>'.
      Property 'item' does not exist on type 'IntrinsicAttributes & GridBaseProps & { sx?: SxProps<Theme> | undefined; } & SystemProps<Theme> & Omit<...>'.
    272 |             {/* 보안 점수 추이 */}
    273 |             {securityScoreData.length > 0 && (
  > 274 |                 <Grid item xs={12} md={6}>
        |                 ^^^^^^^^^^^^^^^^^^^^^^^^^^
    275 |                     <Card>
    276 |                         <CardContent>
    277 |                             <Typography variant="h6" gutterBottom>

ERROR in src/components/Security/SecurityReportGenerator.tsx:227:26
TS2552: Cannot find name 'Grid2'. Did you mean 'Grid'?
    225 |                         </Box>
    226 |
  > 227 |                         <Grid2 container spacing={2}>
        |                          ^^^^^
    228 |                             <Grid2 xs={12} md={6}>
    229 |                                 <Card variant="outlined">
    230 |                                     <CardContent>

ERROR in src/components/Security/SecurityReportGenerator.tsx:228:30
TS2552: Cannot find name 'Grid2'. Did you mean 'Grid'?
    226 |
    227 |                         <Grid2 container spacing={2}>
  > 228 |                             <Grid2 xs={12} md={6}>
        |                              ^^^^^
    229 |                                 <Card variant="outlined">
    230 |                                     <CardContent>
    231 |                                         <Typography variant="subtitle2" color="text.secondary" gutterBottom>

ERROR in src/components/Security/SecurityReportGenerator.tsx:243:31
TS2552: Cannot find name 'Grid2'. Did you mean 'Grid'?
    241 |                                     </CardContent>
    242 |                                 </Card>
  > 243 |                             </Grid2>
        |                               ^^^^^
    244 |                             <Grid2 xs={12} md={6}>
    245 |                                 <Card variant="outlined">
    246 |                                     <CardContent>

ERROR in src/components/Security/SecurityReportGenerator.tsx:244:30
TS2552: Cannot find name 'Grid2'. Did you mean 'Grid'?
    242 |                                 </Card>
    243 |                             </Grid2>
  > 244 |                             <Grid2 xs={12} md={6}>
        |                              ^^^^^
    245 |                                 <Card variant="outlined">
    246 |                                     <CardContent>
    247 |                                         <Typography variant="subtitle2" color="text.secondary" gutterBottom>

ERROR in src/components/Security/SecurityReportGenerator.tsx:271:31
TS2552: Cannot find name 'Grid2'. Did you mean 'Grid'?
    269 |                                     </CardContent>
    270 |                                 </Card>
  > 271 |                             </Grid2>
        |                               ^^^^^
    272 |                             <Grid2 xs={12} md={6}>
    273 |                                 <Card variant="outlined">
    274 |                                     <CardContent>

ERROR in src/components/Security/SecurityReportGenerator.tsx:272:30
TS2552: Cannot find name 'Grid2'. Did you mean 'Grid'?
    270 |                                 </Card>
    271 |                             </Grid2>
  > 272 |                             <Grid2 xs={12} md={6}>
        |                              ^^^^^
    273 |                                 <Card variant="outlined">
    274 |                                     <CardContent>
    275 |                                         <Typography variant="subtitle2" color="text.secondary" gutterBottom>

ERROR in src/components/Security/SecurityReportGenerator.tsx:281:31
TS2552: Cannot find name 'Grid2'. Did you mean 'Grid'?
    279 |                                     </CardContent>
    280 |                                 </Card>
  > 281 |                             </Grid2>
        |                               ^^^^^
    282 |                             <Grid2 xs={12} md={6}>
    283 |                                 <Card variant="outlined">
    284 |                                     <CardContent>

ERROR in src/components/Security/SecurityReportGenerator.tsx:282:30
TS2552: Cannot find name 'Grid2'. Did you mean 'Grid'?
    280 |                                 </Card>
    281 |                             </Grid2>
  > 282 |                             <Grid2 xs={12} md={6}>
        |                              ^^^^^
    283 |                                 <Card variant="outlined">
    284 |                                     <CardContent>
    285 |                                         <Typography variant="subtitle2" color="text.secondary" gutterBottom>

ERROR in src/components/Security/SecurityReportGenerator.tsx:291:31
TS2552: Cannot find name 'Grid2'. Did you mean 'Grid'?
    289 |                                     </CardContent>
    290 |                                 </Card>
  > 291 |                             </Grid2>
        |                               ^^^^^
    292 |                         </Grid2>
    293 |
    294 |                         {report.recommendations.length > 0 && (

ERROR in src/components/Security/SecurityReportGenerator.tsx:292:27
TS2552: Cannot find name 'Grid2'. Did you mean 'Grid'?
    290 |                                 </Card>
    291 |                             </Grid2>
  > 292 |                         </Grid2>
        |                           ^^^^^
    293 |
    294 |                         {report.recommendations.length > 0 && (
    295 |                             <Alert severity="info" sx={{ mt: 2 }}>

ERROR in src/services/aiHealthMonitor.ts:53:14
TS2300: Duplicate identifier 'AIHealthMonitor'.
    51 |
    52 | // AI 시스템 헬스 모니터 클래스
  > 53 | export class AIHealthMonitor extends EventEmitter {
       |              ^^^^^^^^^^^^^^^
    54 |     private services: Map<string, ServiceHealth> = new Map();
    55 |     private thresholds: Map<string, HealthThreshold> = new Map();
    56 |     private healthHistory: Map<string, HealthCheckResult[]> = new Map();

Compiling...
Compiled successfully!
webpack compiled successfully
Files successfully emitted, waiting for typecheck results...
Issues checking in progress...
ERROR in src/components/AnalyticsDashboard.tsx:42:16
TS7009: 'new' expression, whose target lacks a construct signature, implicitly has an 'any' type.
    40 |     } catch {
    41 |         // 최후의 수단
  > 42 |         return new Error(String(err));
       |                ^^^^^^^^^^^^^^^^^^^^^^
    43 |     }
    44 | };
    45 |

ERROR in src/components/AnalyticsDashboard.tsx:42:26
TS2769: No overload matches this call.
  Overload 1 of 2, '(props: { component: ElementType<any, keyof IntrinsicElements>; } & SvgIconOwnProps & CommonProps & Omit<any, "className" | ... 10 more ... | "viewBox">): Element | null', gave the following error.
    Argument of type 'string' is not assignable to parameter of type '{ component: ElementType<any, keyof IntrinsicElements>; } & SvgIconOwnProps & CommonProps & Omit<any, "className" | ... 10 more ... | "viewBox">'.
      Type 'string' is not assignable to type '{ component: ElementType<any, keyof IntrinsicElements>; }'.
  Overload 2 of 2, '(props: DefaultComponentProps<SvgIconTypeMap<{}, "svg">>): Element | null', gave the following error.
    Type 'string' has no properties in common with type 'DefaultComponentProps<SvgIconTypeMap<{}, "svg">>'.
    40 |     } catch {
    41 |         // 최후의 수단
  > 42 |         return new Error(String(err));
       |                          ^^^^^^^^^^^
    43 |     }
    44 | };
    45 |

ERROR in src/components/PWAInstallPrompt.tsx:299:24
TS2322: Type '{ children: Element[]; component: string; sx: { border: "none"; p: number; }; "aria-label": string; }' is not assignable to type 'IntrinsicAttributes & DialogActionsProps'.
  Property 'component' does not exist on type 'IntrinsicAttributes & DialogActionsProps'.
    297 |           </Alert>
    298 |         </DialogContent>
  > 299 |         <DialogActions component="fieldset" sx={{ border: 'none', p: 0 }} aria-label="업데이트 액션">
        |                        ^^^^^^^^^
    300 |           <Button 
    301 |             onClick={() => setShowUpdateDialog(false)}
    302 |             aria-label="업데이트 다이얼로그 닫기"

ERROR in src/components/RealEstate/ApartmentCommunityAnalysisDashboard.tsx:224:21
TS2769: No overload matches this call.
  Overload 1 of 2, '(props: { component: ElementType<any, keyof IntrinsicElements>; } & GridBaseProps & { sx?: SxProps<Theme> | undefined; } & SystemProps<...> & Omit<...>): Element | null', gave the following error.
    Property 'component' is missing in type '{ children: Element; item: true; xs: number; sm: number; md: number; }' but required in type '{ component: ElementType<any, keyof IntrinsicElements>; }'.
  Overload 2 of 2, '(props: DefaultComponentProps<GridTypeMap<{}, "div">>): Element | null', gave the following error.
    Type '{ children: Element; item: true; xs: number; sm: number; md: number; }' is not assignable to type 'IntrinsicAttributes & GridBaseProps & { sx?: SxProps<Theme> | undefined; } & SystemProps<Theme> & Omit<...>'.
      Property 'item' does not exist on type 'IntrinsicAttributes & GridBaseProps & { sx?: SxProps<Theme> | undefined; } & SystemProps<Theme> & Omit<...>'.
    222 |             {analytics && (
    223 |                 <Grid container spacing={3} sx={{ mb: 3 }}>
  > 224 |                     <Grid item xs={12} sm={6} md={3}>
        |                     ^^^^^^^^^^^^^^^^^^^^^^^^^^^^^^^^^
    225 |                         <Card>
    226 |                             <CardContent>
    227 |                                 <Typography color="textSecondary" gutterBottom>

ERROR in src/components/RealEstate/ApartmentCommunityAnalysisDashboard.tsx:237:21
TS2769: No overload matches this call.
  Overload 1 of 2, '(props: { component: ElementType<any, keyof IntrinsicElements>; } & GridBaseProps & { sx?: SxProps<Theme> | undefined; } & SystemProps<...> & Omit<...>): Element | null', gave the following error.
    Property 'component' is missing in type '{ children: Element; item: true; xs: number; sm: number; md: number; }' but required in type '{ component: ElementType<any, keyof IntrinsicElements>; }'.
  Overload 2 of 2, '(props: DefaultComponentProps<GridTypeMap<{}, "div">>): Element | null', gave the following error.
    Type '{ children: Element; item: true; xs: number; sm: number; md: number; }' is not assignable to type 'IntrinsicAttributes & GridBaseProps & { sx?: SxProps<Theme> | undefined; } & SystemProps<Theme> & Omit<...>'.
      Property 'item' does not exist on type 'IntrinsicAttributes & GridBaseProps & { sx?: SxProps<Theme> | undefined; } & SystemProps<Theme> & Omit<...>'.
    235 |                         </Card>
    236 |                     </Grid>
  > 237 |                     <Grid item xs={12} sm={6} md={3}>
        |                     ^^^^^^^^^^^^^^^^^^^^^^^^^^^^^^^^^
    238 |                         <Card>
    239 |                             <CardContent>
    240 |                                 <Typography color="textSecondary" gutterBottom>

ERROR in src/components/RealEstate/ApartmentCommunityAnalysisDashboard.tsx:247:21
TS2769: No overload matches this call.
  Overload 1 of 2, '(props: { component: ElementType<any, keyof IntrinsicElements>; } & GridBaseProps & { sx?: SxProps<Theme> | undefined; } & SystemProps<...> & Omit<...>): Element | null', gave the following error.
    Property 'component' is missing in type '{ children: Element; item: true; xs: number; sm: number; md: number; }' but required in type '{ component: ElementType<any, keyof IntrinsicElements>; }'.
  Overload 2 of 2, '(props: DefaultComponentProps<GridTypeMap<{}, "div">>): Element | null', gave the following error.
    Type '{ children: Element; item: true; xs: number; sm: number; md: number; }' is not assignable to type 'IntrinsicAttributes & GridBaseProps & { sx?: SxProps<Theme> | undefined; } & SystemProps<Theme> & Omit<...>'.
      Property 'item' does not exist on type 'IntrinsicAttributes & GridBaseProps & { sx?: SxProps<Theme> | undefined; } & SystemProps<Theme> & Omit<...>'.
    245 |                         </Card>
    246 |                     </Grid>
  > 247 |                     <Grid item xs={12} sm={6} md={3}>
        |                     ^^^^^^^^^^^^^^^^^^^^^^^^^^^^^^^^^
    248 |                         <Card>
    249 |                             <CardContent>
    250 |                                 <Typography color="textSecondary" gutterBottom>

ERROR in src/components/RealEstate/ApartmentCommunityAnalysisDashboard.tsx:259:21
TS2769: No overload matches this call.
  Overload 1 of 2, '(props: { component: ElementType<any, keyof IntrinsicElements>; } & GridBaseProps & { sx?: SxProps<Theme> | undefined; } & SystemProps<...> & Omit<...>): Element | null', gave the following error.
    Property 'component' is missing in type '{ children: Element; item: true; xs: number; sm: number; md: number; }' but required in type '{ component: ElementType<any, keyof IntrinsicElements>; }'.
  Overload 2 of 2, '(props: DefaultComponentProps<GridTypeMap<{}, "div">>): Element | null', gave the following error.
    Type '{ children: Element; item: true; xs: number; sm: number; md: number; }' is not assignable to type 'IntrinsicAttributes & GridBaseProps & { sx?: SxProps<Theme> | undefined; } & SystemProps<Theme> & Omit<...>'.
      Property 'item' does not exist on type 'IntrinsicAttributes & GridBaseProps & { sx?: SxProps<Theme> | undefined; } & SystemProps<Theme> & Omit<...>'.
    257 |                         </Card>
    258 |                     </Grid>
  > 259 |                     <Grid item xs={12} sm={6} md={3}>
        |                     ^^^^^^^^^^^^^^^^^^^^^^^^^^^^^^^^^
    260 |                         <Card>
    261 |                             <CardContent>
    262 |                                 <Typography color="textSecondary" gutterBottom>

ERROR in src/components/RealEstate/ApartmentCommunityAnalysisDashboard.tsx:473:25
TS2769: No overload matches this call.
  Overload 1 of 2, '(props: { component: ElementType<any, keyof IntrinsicElements>; } & GridBaseProps & { sx?: SxProps<Theme> | undefined; } & SystemProps<...> & Omit<...>): Element | null', gave the following error.
    Property 'component' is missing in type '{ children: Element; item: true; xs: number; md: number; }' but required in type '{ component: ElementType<any, keyof IntrinsicElements>; }'.
  Overload 2 of 2, '(props: DefaultComponentProps<GridTypeMap<{}, "div">>): Element | null', gave the following error.
    Type '{ children: Element; item: true; xs: number; md: number; }' is not assignable to type 'IntrinsicAttributes & GridBaseProps & { sx?: SxProps<Theme> | undefined; } & SystemProps<Theme> & Omit<...>'.
      Property 'item' does not exist on type 'IntrinsicAttributes & GridBaseProps & { sx?: SxProps<Theme> | undefined; } & SystemProps<Theme> & Omit<...>'.
    471 |                 {analytics ? (
    472 |                     <Grid container spacing={3}>
  > 473 |                         <Grid item xs={12} md={6}>
        |                         ^^^^^^^^^^^^^^^^^^^^^^^^^^
    474 |                             <Card>
    475 |                                 <CardContent>
    476 |                                     <Typography variant="h6" gutterBottom>

ERROR in src/components/RealEstate/ApartmentCommunityAnalysisDashboard.tsx:505:25
TS2769: No overload matches this call.
  Overload 1 of 2, '(props: { component: ElementType<any, keyof IntrinsicElements>; } & GridBaseProps & { sx?: SxProps<Theme> | undefined; } & SystemProps<...> & Omit<...>): Element | null', gave the following error.
    Property 'component' is missing in type '{ children: Element; item: true; xs: number; md: number; }' but required in type '{ component: ElementType<any, keyof IntrinsicElements>; }'.
  Overload 2 of 2, '(props: DefaultComponentProps<GridTypeMap<{}, "div">>): Element | null', gave the following error.
    Type '{ children: Element; item: true; xs: number; md: number; }' is not assignable to type 'IntrinsicAttributes & GridBaseProps & { sx?: SxProps<Theme> | undefined; } & SystemProps<Theme> & Omit<...>'.
      Property 'item' does not exist on type 'IntrinsicAttributes & GridBaseProps & { sx?: SxProps<Theme> | undefined; } & SystemProps<Theme> & Omit<...>'.
    503 |                             </Card>
    504 |                         </Grid>
  > 505 |                         <Grid item xs={12} md={6}>
        |                         ^^^^^^^^^^^^^^^^^^^^^^^^^^
    506 |                             <Card>
    507 |                                 <CardContent>
    508 |                                     <Typography variant="h6" gutterBottom>

ERROR in src/components/RealEstate/ApartmentCommunityAnalysisDashboard.tsx:524:25
TS2769: No overload matches this call.
  Overload 1 of 2, '(props: { component: ElementType<any, keyof IntrinsicElements>; } & GridBaseProps & { sx?: SxProps<Theme> | undefined; } & SystemProps<...> & Omit<...>): Element | null', gave the following error.
    Property 'component' is missing in type '{ children: Element; item: true; xs: number; }' but required in type '{ component: ElementType<any, keyof IntrinsicElements>; }'.
  Overload 2 of 2, '(props: DefaultComponentProps<GridTypeMap<{}, "div">>): Element | null', gave the following error.
    Type '{ children: Element; item: true; xs: number; }' is not assignable to type 'IntrinsicAttributes & GridBaseProps & { sx?: SxProps<Theme> | undefined; } & SystemProps<Theme> & Omit<...>'.
      Property 'item' does not exist on type 'IntrinsicAttributes & GridBaseProps & { sx?: SxProps<Theme> | undefined; } & SystemProps<Theme> & Omit<...>'.
    522 |                             </Card>
    523 |                         </Grid>
  > 524 |                         <Grid item xs={12}>
        |                         ^^^^^^^^^^^^^^^^^^^
    525 |                             <Card>
    526 |                                 <CardContent>
    527 |                                     <Typography variant="h6" gutterBottom>

ERROR in src/components/RealEstate/ConstructionCompanyDashboard.tsx:327:25
TS2769: No overload matches this call.
  Overload 1 of 2, '(props: { component: ElementType<any, keyof IntrinsicElements>; } & GridBaseProps & { sx?: SxProps<Theme> | undefined; } & SystemProps<...> & Omit<...>): Element | null', gave the following error.
    Property 'component' is missing in type '{ children: Element; item: true; xs: number; md: number; key: string; }' but required in type '{ component: ElementType<any, keyof IntrinsicElements>; }'.
  Overload 2 of 2, '(props: DefaultComponentProps<GridTypeMap<{}, "div">>): Element | null', gave the following error.
    Type '{ children: Element; item: true; xs: number; md: number; key: string; }' is not assignable to type 'IntrinsicAttributes & GridBaseProps & { sx?: SxProps<Theme> | undefined; } & SystemProps<Theme> & Omit<...>'.
      Property 'item' does not exist on type 'IntrinsicAttributes & GridBaseProps & { sx?: SxProps<Theme> | undefined; } & SystemProps<Theme> & Omit<...>'.
    325 |                 <Grid container spacing={3}>
    326 |                     {companies.map((company) => (
  > 327 |                         <Grid item xs={12} md={6} key={company.id}>
        |                         ^^^^^^^^^^^^^^^^^^^^^^^^^^^^^^^^^^^^^^^^^^^
    328 |                             <Card>
    329 |                                 <CardContent>
    330 |                                     <Box sx={{ display: 'flex', justifyContent: 'space-between', mb: 2 }}>

ERROR in src/components/RealEstate/ConstructionCompanyDashboard.tsx:348:41
TS2769: No overload matches this call.
  Overload 1 of 2, '(props: { component: ElementType<any, keyof IntrinsicElements>; } & GridBaseProps & { sx?: SxProps<Theme> | undefined; } & SystemProps<...> & Omit<...>): Element | null', gave the following error.
    Property 'component' is missing in type '{ children: Element[]; item: true; xs: number; }' but required in type '{ component: ElementType<any, keyof IntrinsicElements>; }'.
  Overload 2 of 2, '(props: DefaultComponentProps<GridTypeMap<{}, "div">>): Element | null', gave the following error.
    Type '{ children: Element[]; item: true; xs: number; }' is not assignable to type 'IntrinsicAttributes & GridBaseProps & { sx?: SxProps<Theme> | undefined; } & SystemProps<Theme> & Omit<...>'.
      Property 'item' does not exist on type 'IntrinsicAttributes & GridBaseProps & { sx?: SxProps<Theme> | undefined; } & SystemProps<Theme> & Omit<...>'.
    346 |                                     </Box>
    347 |                                     <Grid container spacing={2}>
  > 348 |                                         <Grid item xs={6}>
        |                                         ^^^^^^^^^^^^^^^^^^
    349 |                                             <Typography variant="body2" color="text.secondary">
    350 |                                                 총 프로젝트
    351 |                                             </Typography>

ERROR in src/components/RealEstate/ConstructionCompanyDashboard.tsx:354:41
TS2769: No overload matches this call.
  Overload 1 of 2, '(props: { component: ElementType<any, keyof IntrinsicElements>; } & GridBaseProps & { sx?: SxProps<Theme> | undefined; } & SystemProps<...> & Omit<...>): Element | null', gave the following error.
    Property 'component' is missing in type '{ children: Element[]; item: true; xs: number; }' but required in type '{ component: ElementType<any, keyof IntrinsicElements>; }'.
  Overload 2 of 2, '(props: DefaultComponentProps<GridTypeMap<{}, "div">>): Element | null', gave the following error.
    Type '{ children: Element[]; item: true; xs: number; }' is not assignable to type 'IntrinsicAttributes & GridBaseProps & { sx?: SxProps<Theme> | undefined; } & SystemProps<Theme> & Omit<...>'.
      Property 'item' does not exist on type 'IntrinsicAttributes & GridBaseProps & { sx?: SxProps<Theme> | undefined; } & SystemProps<Theme> & Omit<...>'.
    352 |                                             <Typography variant="h6">{company.total_projects}</Typography>
    353 |                                         </Grid>
  > 354 |                                         <Grid item xs={6}>
        |                                         ^^^^^^^^^^^^^^^^^^
    355 |                                             <Typography variant="body2" color="text.secondary">
    356 |                                                 완료 프로젝트
    357 |                                             </Typography>

ERROR in src/components/RealEstate/ConstructionCompanyDashboard.tsx:362:41
TS2769: No overload matches this call.
  Overload 1 of 2, '(props: { component: ElementType<any, keyof IntrinsicElements>; } & GridBaseProps & { sx?: SxProps<Theme> | undefined; } & SystemProps<...> & Omit<...>): Element | null', gave the following error.
    Property 'component' is missing in type '{ children: Element[]; item: true; xs: number; }' but required in type '{ component: ElementType<any, keyof IntrinsicElements>; }'.
  Overload 2 of 2, '(props: DefaultComponentProps<GridTypeMap<{}, "div">>): Element | null', gave the following error.
    Type '{ children: Element[]; item: true; xs: number; }' is not assignable to type 'IntrinsicAttributes & GridBaseProps & { sx?: SxProps<Theme> | undefined; } & SystemProps<Theme> & Omit<...>'.
      Property 'item' does not exist on type 'IntrinsicAttributes & GridBaseProps & { sx?: SxProps<Theme> | undefined; } & SystemProps<Theme> & Omit<...>'.
    360 |                                             </Typography>
    361 |                                         </Grid>
  > 362 |                                         <Grid item xs={6}>
        |                                         ^^^^^^^^^^^^^^^^^^
    363 |                                             <Typography variant="body2" color="text.secondary">
    364 |                                                 평판 점수
    365 |                                             </Typography>

ERROR in src/components/RealEstate/ConstructionCompanyDashboard.tsx:368:41
TS2769: No overload matches this call.
  Overload 1 of 2, '(props: { component: ElementType<any, keyof IntrinsicElements>; } & GridBaseProps & { sx?: SxProps<Theme> | undefined; } & SystemProps<...> & Omit<...>): Element | null', gave the following error.
    Property 'component' is missing in type '{ children: Element[]; item: true; xs: number; }' but required in type '{ component: ElementType<any, keyof IntrinsicElements>; }'.
  Overload 2 of 2, '(props: DefaultComponentProps<GridTypeMap<{}, "div">>): Element | null', gave the following error.
    Type '{ children: Element[]; item: true; xs: number; }' is not assignable to type 'IntrinsicAttributes & GridBaseProps & { sx?: SxProps<Theme> | undefined; } & SystemProps<Theme> & Omit<...>'.
      Property 'item' does not exist on type 'IntrinsicAttributes & GridBaseProps & { sx?: SxProps<Theme> | undefined; } & SystemProps<Theme> & Omit<...>'.
    366 |                                             <Typography variant="h6">{company.reputation_score.toFixed(1)}</Typography>
    367 |                                         </Grid>
  > 368 |                                         <Grid item xs={6}>
        |                                         ^^^^^^^^^^^^^^^^^^
    369 |                                             <Typography variant="body2" color="text.secondary">
    370 |                                                 품질 점수
    371 |                                             </Typography>

ERROR in src/components/RealEstate/ConstructionCompanyDashboard.tsx:603:29
TS2769: No overload matches this call.
  Overload 1 of 2, '(props: { component: ElementType<any, keyof IntrinsicElements>; } & GridBaseProps & { sx?: SxProps<Theme> | undefined; } & SystemProps<...> & Omit<...>): Element | null', gave the following error.
    Property 'component' is missing in type '{ children: Element; item: true; xs: number; md: number; key: string; }' but required in type '{ component: ElementType<any, keyof IntrinsicElements>; }'.
  Overload 2 of 2, '(props: DefaultComponentProps<GridTypeMap<{}, "div">>): Element | null', gave the following error.
    Type '{ children: Element; item: true; xs: number; md: number; key: string; }' is not assignable to type 'IntrinsicAttributes & GridBaseProps & { sx?: SxProps<Theme> | undefined; } & SystemProps<Theme> & Omit<...>'.
      Property 'item' does not exist on type 'IntrinsicAttributes & GridBaseProps & { sx?: SxProps<Theme> | undefined; } & SystemProps<Theme> & Omit<...>'.
    601 |                     <Grid container spacing={3}>
    602 |                         {selectionAnalyses.map((analysis) => (
  > 603 |                             <Grid item xs={12} md={6} key={analysis.company_id}>
        |                             ^^^^^^^^^^^^^^^^^^^^^^^^^^^^^^^^^^^^^^^^^^^^^^^^^^^^
    604 |                                 <Card>
    605 |                                     <CardContent>
    606 |                                         <Typography variant="h6" gutterBottom>

ERROR in src/components/Security/AdvancedSecurityPanel.tsx:397:21
TS2769: No overload matches this call.
  Overload 1 of 2, '(props: { component: ElementType<any, keyof IntrinsicElements>; } & GridBaseProps & { sx?: SxProps<Theme> | undefined; } & SystemProps<...> & Omit<...>): Element | null', gave the following error.
    Property 'component' is missing in type '{ children: Element; item: true; xs: number; md: number; }' but required in type '{ component: ElementType<any, keyof IntrinsicElements>; }'.
  Overload 2 of 2, '(props: DefaultComponentProps<GridTypeMap<{}, "div">>): Element | null', gave the following error.
    Type '{ children: Element; item: true; xs: number; md: number; }' is not assignable to type 'IntrinsicAttributes & GridBaseProps & { sx?: SxProps<Theme> | undefined; } & SystemProps<Theme> & Omit<...>'.
      Property 'item' does not exist on type 'IntrinsicAttributes & GridBaseProps & { sx?: SxProps<Theme> | undefined; } & SystemProps<Theme> & Omit<...>'.
    395 |             {securityStatus && (
    396 |                 <Grid container spacing={3} sx={{ mb: 3 }}>
  > 397 |                     <Grid item xs={12} md={3}>
        |                     ^^^^^^^^^^^^^^^^^^^^^^^^^^
    398 |                         <Card role="region" aria-label="보안 점수">
    399 |                             <CardContent>
    400 |                                 <Typography color="textSecondary" gutterBottom>

ERROR in src/components/Security/AdvancedSecurityPanel.tsx:415:21
TS2769: No overload matches this call.
  Overload 1 of 2, '(props: { component: ElementType<any, keyof IntrinsicElements>; } & GridBaseProps & { sx?: SxProps<Theme> | undefined; } & SystemProps<...> & Omit<...>): Element | null', gave the following error.
    Property 'component' is missing in type '{ children: Element; item: true; xs: number; md: number; }' but required in type '{ component: ElementType<any, keyof IntrinsicElements>; }'.
  Overload 2 of 2, '(props: DefaultComponentProps<GridTypeMap<{}, "div">>): Element | null', gave the following error.
    Type '{ children: Element; item: true; xs: number; md: number; }' is not assignable to type 'IntrinsicAttributes & GridBaseProps & { sx?: SxProps<Theme> | undefined; } & SystemProps<Theme> & Omit<...>'.
      Property 'item' does not exist on type 'IntrinsicAttributes & GridBaseProps & { sx?: SxProps<Theme> | undefined; } & SystemProps<Theme> & Omit<...>'.
    413 |                         </Card>
    414 |                     </Grid>
  > 415 |                     <Grid item xs={12} md={3}>
        |                     ^^^^^^^^^^^^^^^^^^^^^^^^^^
    416 |                         <Card role="region" aria-label="활성 위협">
    417 |                             <CardContent>
    418 |                                 <Typography color="textSecondary" gutterBottom>

ERROR in src/components/Security/AdvancedSecurityPanel.tsx:438:21
TS2769: No overload matches this call.
  Overload 1 of 2, '(props: { component: ElementType<any, keyof IntrinsicElements>; } & GridBaseProps & { sx?: SxProps<Theme> | undefined; } & SystemProps<...> & Omit<...>): Element | null', gave the following error.
    Property 'component' is missing in type '{ children: Element; item: true; xs: number; md: number; }' but required in type '{ component: ElementType<any, keyof IntrinsicElements>; }'.
  Overload 2 of 2, '(props: DefaultComponentProps<GridTypeMap<{}, "div">>): Element | null', gave the following error.
    Type '{ children: Element; item: true; xs: number; md: number; }' is not assignable to type 'IntrinsicAttributes & GridBaseProps & { sx?: SxProps<Theme> | undefined; } & SystemProps<Theme> & Omit<...>'.
      Property 'item' does not exist on type 'IntrinsicAttributes & GridBaseProps & { sx?: SxProps<Theme> | undefined; } & SystemProps<Theme> & Omit<...>'.
    436 |                         </Card>
    437 |                     </Grid>
  > 438 |                     <Grid item xs={12} md={3}>
        |                     ^^^^^^^^^^^^^^^^^^^^^^^^^^
    439 |                         <Card role="region" aria-label="고위험 이벤트">
    440 |                             <CardContent>
    441 |                                 <Typography color="textSecondary" gutterBottom>

ERROR in src/components/Security/AdvancedSecurityPanel.tsx:453:21
TS2769: No overload matches this call.
  Overload 1 of 2, '(props: { component: ElementType<any, keyof IntrinsicElements>; } & GridBaseProps & { sx?: SxProps<Theme> | undefined; } & SystemProps<...> & Omit<...>): Element | null', gave the following error.
    Property 'component' is missing in type '{ children: Element; item: true; xs: number; md: number; }' but required in type '{ component: ElementType<any, keyof IntrinsicElements>; }'.
  Overload 2 of 2, '(props: DefaultComponentProps<GridTypeMap<{}, "div">>): Element | null', gave the following error.
    Type '{ children: Element; item: true; xs: number; md: number; }' is not assignable to type 'IntrinsicAttributes & GridBaseProps & { sx?: SxProps<Theme> | undefined; } & SystemProps<Theme> & Omit<...>'.
      Property 'item' does not exist on type 'IntrinsicAttributes & GridBaseProps & { sx?: SxProps<Theme> | undefined; } & SystemProps<Theme> & Omit<...>'.
    451 |                         </Card>
    452 |                     </Grid>
  > 453 |                     <Grid item xs={12} md={3}>
        |                     ^^^^^^^^^^^^^^^^^^^^^^^^^^
    454 |                         <Card role="region" aria-label="암호화 키">
    455 |                             <CardContent>
    456 |                                 <Typography color="textSecondary" gutterBottom>

ERROR in src/components/Security/AdvancedSecurityPanel.tsx:789:53
TS2367: This comparison appears to be unintentional because the types '"disabled" | "enabled"' and '""' have no overlap.
    787 |                                 value={policyFilter.enabled === undefined ? '' : policyFilter.enabled ? 'enabled' : 'disabled'}
    788 |                                 onChange={(e) => {
  > 789 |                                     const enabled = e.target.value === '' ? undefined : e.target.value === 'enabled';
        |                                                     ^^^^^^^^^^^^^^^^^^^^^
    790 |                                     handlePolicyFilterChange(policyFilter.type, enabled, policyFilter.search);
    791 |                                 }}
    792 |                                 label="상태"

ERROR in src/components/Security/AdvancedSecurityPanel.tsx:824:29
TS2769: No overload matches this call.
  Overload 1 of 2, '(props: { component: ElementType<any, keyof IntrinsicElements>; } & GridBaseProps & { sx?: SxProps<Theme> | undefined; } & SystemProps<...> & Omit<...>): Element | null', gave the following error.
    Property 'component' is missing in type '{ children: Element; item: true; xs: number; md: number; key: string; }' but required in type '{ component: ElementType<any, keyof IntrinsicElements>; }'.
  Overload 2 of 2, '(props: DefaultComponentProps<GridTypeMap<{}, "div">>): Element | null', gave the following error.
    Type '{ children: Element; item: true; xs: number; md: number; key: string; }' is not assignable to type 'IntrinsicAttributes & GridBaseProps & { sx?: SxProps<Theme> | undefined; } & SystemProps<Theme> & Omit<...>'.
      Property 'item' does not exist on type 'IntrinsicAttributes & GridBaseProps & { sx?: SxProps<Theme> | undefined; } & SystemProps<Theme> & Omit<...>'.
    822 |                     <Grid container spacing={2}>
    823 |                         {filteredPolicies.map((policy) => (
  > 824 |                             <Grid item xs={12} md={6} key={policy.id}>
        |                             ^^^^^^^^^^^^^^^^^^^^^^^^^^^^^^^^^^^^^^^^^^
    825 |                                 <Card>
    826 |                                     <CardContent>
    827 |                                         <Box sx={{ display: 'flex', justifyContent: 'space-between', mb: 1 }}>

ERROR in src/components/Security/SecurityAnalyticsPanel.tsx:105:25
TS2769: No overload matches this call.
  Overload 1 of 2, '(props: { component: ElementType<any, keyof IntrinsicElements>; } & GridBaseProps & { sx?: SxProps<Theme> | undefined; } & SystemProps<...> & Omit<...>): Element | null', gave the following error.
    Property 'component' is missing in type '{ children: Element; item: true; xs: number; sm: number; }' but required in type '{ component: ElementType<any, keyof IntrinsicElements>; }'.
  Overload 2 of 2, '(props: DefaultComponentProps<GridTypeMap<{}, "div">>): Element | null', gave the following error.
    Type '{ children: Element; item: true; xs: number; sm: number; }' is not assignable to type 'IntrinsicAttributes & GridBaseProps & { sx?: SxProps<Theme> | undefined; } & SystemProps<Theme> & Omit<...>'.
      Property 'item' does not exist on type 'IntrinsicAttributes & GridBaseProps & { sx?: SxProps<Theme> | undefined; } & SystemProps<Theme> & Omit<...>'.
    103 |                 <CardContent>
    104 |                     <Grid container spacing={2} alignItems="center">
  > 105 |                         <Grid item xs={12} sm={4}>
        |                         ^^^^^^^^^^^^^^^^^^^^^^^^^^
    106 |                             <Box>
    107 |                                 <Typography variant="body2" sx={{ mb: 1 }}>
    108 |                                     시작 날짜

ERROR in src/components/Security/SecurityAnalyticsPanel.tsx:125:25
TS2769: No overload matches this call.
  Overload 1 of 2, '(props: { component: ElementType<any, keyof IntrinsicElements>; } & GridBaseProps & { sx?: SxProps<Theme> | undefined; } & SystemProps<...> & Omit<...>): Element | null', gave the following error.
    Property 'component' is missing in type '{ children: Element; item: true; xs: number; sm: number; }' but required in type '{ component: ElementType<any, keyof IntrinsicElements>; }'.
  Overload 2 of 2, '(props: DefaultComponentProps<GridTypeMap<{}, "div">>): Element | null', gave the following error.
    Type '{ children: Element; item: true; xs: number; sm: number; }' is not assignable to type 'IntrinsicAttributes & GridBaseProps & { sx?: SxProps<Theme> | undefined; } & SystemProps<Theme> & Omit<...>'.
      Property 'item' does not exist on type 'IntrinsicAttributes & GridBaseProps & { sx?: SxProps<Theme> | undefined; } & SystemProps<Theme> & Omit<...>'.
    123 |                             </Box>
    124 |                         </Grid>
  > 125 |                         <Grid item xs={12} sm={4}>
        |                         ^^^^^^^^^^^^^^^^^^^^^^^^^^
    126 |                             <Box>
    127 |                                 <Typography variant="body2" sx={{ mb: 1 }}>
    128 |                                     종료 날짜

ERROR in src/components/Security/SecurityAnalyticsPanel.tsx:145:25
TS2769: No overload matches this call.
  Overload 1 of 2, '(props: { component: ElementType<any, keyof IntrinsicElements>; } & GridBaseProps & { sx?: SxProps<Theme> | undefined; } & SystemProps<...> & Omit<...>): Element | null', gave the following error.
    Property 'component' is missing in type '{ children: Element; item: true; xs: number; sm: number; }' but required in type '{ component: ElementType<any, keyof IntrinsicElements>; }'.
  Overload 2 of 2, '(props: DefaultComponentProps<GridTypeMap<{}, "div">>): Element | null', gave the following error.
    Type '{ children: Element; item: true; xs: number; sm: number; }' is not assignable to type 'IntrinsicAttributes & GridBaseProps & { sx?: SxProps<Theme> | undefined; } & SystemProps<Theme> & Omit<...>'.
      Property 'item' does not exist on type 'IntrinsicAttributes & GridBaseProps & { sx?: SxProps<Theme> | undefined; } & SystemProps<Theme> & Omit<...>'.
    143 |                             </Box>
    144 |                         </Grid>
  > 145 |                         <Grid item xs={12} sm={4}>
        |                         ^^^^^^^^^^^^^^^^^^^^^^^^^^
    146 |                             <Button
    147 |                                 variant="contained"
    148 |                                 fullWidth

ERROR in src/components/Security/SecurityAnalyticsPanel.tsx:180:17
TS2769: No overload matches this call.
  Overload 1 of 2, '(props: { component: ElementType<any, keyof IntrinsicElements>; } & GridBaseProps & { sx?: SxProps<Theme> | undefined; } & SystemProps<...> & Omit<...>): Element | null', gave the following error.
    Property 'component' is missing in type '{ children: Element; item: true; xs: number; md: number; }' but required in type '{ component: ElementType<any, keyof IntrinsicElements>; }'.
  Overload 2 of 2, '(props: DefaultComponentProps<GridTypeMap<{}, "div">>): Element | null', gave the following error.
    Type '{ children: Element; item: true; xs: number; md: number; }' is not assignable to type 'IntrinsicAttributes & GridBaseProps & { sx?: SxProps<Theme> | undefined; } & SystemProps<Theme> & Omit<...>'.
      Property 'item' does not exist on type 'IntrinsicAttributes & GridBaseProps & { sx?: SxProps<Theme> | undefined; } & SystemProps<Theme> & Omit<...>'.
    178 |             {/* 위협 통계 */}
    179 |             <Grid container spacing={3} sx={{ mb: 3 }}>
  > 180 |                 <Grid item xs={12} md={6}>
        |                 ^^^^^^^^^^^^^^^^^^^^^^^^^^
    181 |                     <Card>
    182 |                         <CardContent>
    183 |                             <Typography variant="h6" gutterBottom>

ERROR in src/components/Security/SecurityAnalyticsPanel.tsx:204:17
TS2769: No overload matches this call.
  Overload 1 of 2, '(props: { component: ElementType<any, keyof IntrinsicElements>; } & GridBaseProps & { sx?: SxProps<Theme> | undefined; } & SystemProps<...> & Omit<...>): Element | null', gave the following error.
    Property 'component' is missing in type '{ children: Element; item: true; xs: number; md: number; }' but required in type '{ component: ElementType<any, keyof IntrinsicElements>; }'.
  Overload 2 of 2, '(props: DefaultComponentProps<GridTypeMap<{}, "div">>): Element | null', gave the following error.
    Type '{ children: Element; item: true; xs: number; md: number; }' is not assignable to type 'IntrinsicAttributes & GridBaseProps & { sx?: SxProps<Theme> | undefined; } & SystemProps<Theme> & Omit<...>'.
      Property 'item' does not exist on type 'IntrinsicAttributes & GridBaseProps & { sx?: SxProps<Theme> | undefined; } & SystemProps<Theme> & Omit<...>'.
    202 |                 </Grid>
    203 |
  > 204 |                 <Grid item xs={12} md={6}>
        |                 ^^^^^^^^^^^^^^^^^^^^^^^^^^
    205 |                     <Card>
    206 |                         <CardContent>
    207 |                             <Typography variant="h6" gutterBottom>

ERROR in src/components/Security/SecurityAnalyticsPanel.tsx:262:17
TS2769: No overload matches this call.
  Overload 1 of 2, '(props: { component: ElementType<any, keyof IntrinsicElements>; } & GridBaseProps & { sx?: SxProps<Theme> | undefined; } & SystemProps<...> & Omit<...>): Element | null', gave the following error.
    Property 'component' is missing in type '{ children: Element; item: true; xs: number; md: number; }' but required in type '{ component: ElementType<any, keyof IntrinsicElements>; }'.
  Overload 2 of 2, '(props: DefaultComponentProps<GridTypeMap<{}, "div">>): Element | null', gave the following error.
    Type '{ children: Element; item: true; xs: number; md: number; }' is not assignable to type 'IntrinsicAttributes & GridBaseProps & { sx?: SxProps<Theme> | undefined; } & SystemProps<Theme> & Omit<...>'.
      Property 'item' does not exist on type 'IntrinsicAttributes & GridBaseProps & { sx?: SxProps<Theme> | undefined; } & SystemProps<Theme> & Omit<...>'.
    260 |             {/* 이벤트 통계 */}
    261 |             <Grid container spacing={3} sx={{ mb: 3 }}>
  > 262 |                 <Grid item xs={12} md={6}>
        |                 ^^^^^^^^^^^^^^^^^^^^^^^^^^
    263 |                     <Card>
    264 |                         <CardContent>
    265 |                             <Typography variant="h6" gutterBottom>

ERROR in src/components/Security/SecurityAnalyticsPanel.tsx:286:17
TS2769: No overload matches this call.
  Overload 1 of 2, '(props: { component: ElementType<any, keyof IntrinsicElements>; } & GridBaseProps & { sx?: SxProps<Theme> | undefined; } & SystemProps<...> & Omit<...>): Element | null', gave the following error.
    Property 'component' is missing in type '{ children: Element; item: true; xs: number; md: number; }' but required in type '{ component: ElementType<any, keyof IntrinsicElements>; }'.
  Overload 2 of 2, '(props: DefaultComponentProps<GridTypeMap<{}, "div">>): Element | null', gave the following error.
    Type '{ children: Element; item: true; xs: number; md: number; }' is not assignable to type 'IntrinsicAttributes & GridBaseProps & { sx?: SxProps<Theme> | undefined; } & SystemProps<Theme> & Omit<...>'.
      Property 'item' does not exist on type 'IntrinsicAttributes & GridBaseProps & { sx?: SxProps<Theme> | undefined; } & SystemProps<Theme> & Omit<...>'.
    284 |                 </Grid>
    285 |
  > 286 |                 <Grid item xs={12} md={6}>
        |                 ^^^^^^^^^^^^^^^^^^^^^^^^^^
    287 |                     <Card>
    288 |                         <CardContent>
    289 |                             <Typography variant="h6" gutterBottom>

ERROR in src/components/Security/SecurityAnalyticsPanel.tsx:320:25
TS2769: No overload matches this call.
  Overload 1 of 2, '(props: { component: ElementType<any, keyof IntrinsicElements>; } & GridBaseProps & { sx?: SxProps<Theme> | undefined; } & SystemProps<...> & Omit<...>): Element | null', gave the following error.
    Property 'component' is missing in type '{ children: Element[]; item: true; xs: number; sm: number; }' but required in type '{ component: ElementType<any, keyof IntrinsicElements>; }'.
  Overload 2 of 2, '(props: DefaultComponentProps<GridTypeMap<{}, "div">>): Element | null', gave the following error.
    Type '{ children: Element[]; item: true; xs: number; sm: number; }' is not assignable to type 'IntrinsicAttributes & GridBaseProps & { sx?: SxProps<Theme> | undefined; } & SystemProps<Theme> & Omit<...>'.
      Property 'item' does not exist on type 'IntrinsicAttributes & GridBaseProps & { sx?: SxProps<Theme> | undefined; } & SystemProps<Theme> & Omit<...>'.
    318 |                     </Typography>
    319 |                     <Grid container spacing={2}>
  > 320 |                         <Grid item xs={12} sm={4}>
        |                         ^^^^^^^^^^^^^^^^^^^^^^^^^^
    321 |                             <Typography variant="body2" color="text.secondary">
    322 |                                 총 알림 수
    323 |                             </Typography>

ERROR in src/components/Security/SecurityAnalyticsPanel.tsx:326:25
TS2769: No overload matches this call.
  Overload 1 of 2, '(props: { component: ElementType<any, keyof IntrinsicElements>; } & GridBaseProps & { sx?: SxProps<Theme> | undefined; } & SystemProps<...> & Omit<...>): Element | null', gave the following error.
    Property 'component' is missing in type '{ children: Element[]; item: true; xs: number; sm: number; }' but required in type '{ component: ElementType<any, keyof IntrinsicElements>; }'.
  Overload 2 of 2, '(props: DefaultComponentProps<GridTypeMap<{}, "div">>): Element | null', gave the following error.
    Type '{ children: Element[]; item: true; xs: number; sm: number; }' is not assignable to type 'IntrinsicAttributes & GridBaseProps & { sx?: SxProps<Theme> | undefined; } & SystemProps<Theme> & Omit<...>'.
      Property 'item' does not exist on type 'IntrinsicAttributes & GridBaseProps & { sx?: SxProps<Theme> | undefined; } & SystemProps<Theme> & Omit<...>'.
    324 |                             <Typography variant="h4">{statistics.alerts.total}</Typography>
    325 |                         </Grid>
  > 326 |                         <Grid item xs={12} sm={4}>
        |                         ^^^^^^^^^^^^^^^^^^^^^^^^^^
    327 |                             <Typography variant="body2" color="text.secondary">
    328 |                                 미확인 알림
    329 |                             </Typography>

ERROR in src/components/Security/SecurityAnalyticsPanel.tsx:334:25
TS2769: No overload matches this call.
  Overload 1 of 2, '(props: { component: ElementType<any, keyof IntrinsicElements>; } & GridBaseProps & { sx?: SxProps<Theme> | undefined; } & SystemProps<...> & Omit<...>): Element | null', gave the following error.
    Property 'component' is missing in type '{ children: Element[]; item: true; xs: number; sm: number; }' but required in type '{ component: ElementType<any, keyof IntrinsicElements>; }'.
  Overload 2 of 2, '(props: DefaultComponentProps<GridTypeMap<{}, "div">>): Element | null', gave the following error.
    Type '{ children: Element[]; item: true; xs: number; sm: number; }' is not assignable to type 'IntrinsicAttributes & GridBaseProps & { sx?: SxProps<Theme> | undefined; } & SystemProps<Theme> & Omit<...>'.
      Property 'item' does not exist on type 'IntrinsicAttributes & GridBaseProps & { sx?: SxProps<Theme> | undefined; } & SystemProps<Theme> & Omit<...>'.
    332 |                             </Typography>
    333 |                         </Grid>
  > 334 |                         <Grid item xs={12} sm={4}>
        |                         ^^^^^^^^^^^^^^^^^^^^^^^^^^
    335 |                             <Typography variant="body2" color="text.secondary">
    336 |                                 심각도별 분포
    337 |                             </Typography>

ERROR in src/components/Security/SecurityAnalyticsPanel.tsx:365:21
TS2769: No overload matches this call.
  Overload 1 of 2, '(props: { component: ElementType<any, keyof IntrinsicElements>; } & GridBaseProps & { sx?: SxProps<Theme> | undefined; } & SystemProps<...> & Omit<...>): Element | null', gave the following error.
    Property 'component' is missing in type '{ children: Element; item: true; xs: number; md: number; }' but required in type '{ component: ElementType<any, keyof IntrinsicElements>; }'.
  Overload 2 of 2, '(props: DefaultComponentProps<GridTypeMap<{}, "div">>): Element | null', gave the following error.
    Type '{ children: Element; item: true; xs: number; md: number; }' is not assignable to type 'IntrinsicAttributes & GridBaseProps & { sx?: SxProps<Theme> | undefined; } & SystemProps<Theme> & Omit<...>'.
      Property 'item' does not exist on type 'IntrinsicAttributes & GridBaseProps & { sx?: SxProps<Theme> | undefined; } & SystemProps<Theme> & Omit<...>'.
    363 |             {statistics.audit.topUsers.length > 0 && (
    364 |                 <Grid container spacing={3} sx={{ mb: 3 }}>
  > 365 |                     <Grid item xs={12} md={6}>
        |                     ^^^^^^^^^^^^^^^^^^^^^^^^^^
    366 |                         <Card>
    367 |                             <CardContent>
    368 |                                 <Typography variant="h6" gutterBottom>

ERROR in src/components/Security/SecurityAnalyticsPanel.tsx:393:21
TS2769: No overload matches this call.
  Overload 1 of 2, '(props: { component: ElementType<any, keyof IntrinsicElements>; } & GridBaseProps & { sx?: SxProps<Theme> | undefined; } & SystemProps<...> & Omit<...>): Element | null', gave the following error.
    Property 'component' is missing in type '{ children: Element; item: true; xs: number; md: number; }' but required in type '{ component: ElementType<any, keyof IntrinsicElements>; }'.
  Overload 2 of 2, '(props: DefaultComponentProps<GridTypeMap<{}, "div">>): Element | null', gave the following error.
    Type '{ children: Element; item: true; xs: number; md: number; }' is not assignable to type 'IntrinsicAttributes & GridBaseProps & { sx?: SxProps<Theme> | undefined; } & SystemProps<Theme> & Omit<...>'.
      Property 'item' does not exist on type 'IntrinsicAttributes & GridBaseProps & { sx?: SxProps<Theme> | undefined; } & SystemProps<Theme> & Omit<...>'.
    391 |                     </Grid>
    392 |
  > 393 |                     <Grid item xs={12} md={6}>
        |                     ^^^^^^^^^^^^^^^^^^^^^^^^^^
    394 |                         <Card>
    395 |                             <CardContent>
    396 |                                 <Typography variant="h6" gutterBottom>

ERROR in src/components/Security/SecurityAutomationPanel.tsx:103:17
TS2322: Type '{ type: "threat" | "alert" | "event" | "metric"; condition: string; severity?: "low" | "medium" | "high" | "critical" | undefined; }' is not assignable to type '{ type: "threat" | "alert" | "event" | "metric"; condition: string; severity: "low" | "medium" | "high" | "critical"; }'.
  Types of property 'severity' are incompatible.
    Type '"low" | "medium" | "high" | "critical" | undefined' is not assignable to type '"low" | "medium" | "high" | "critical"'.
      Type 'undefined' is not assignable to type '"low" | "medium" | "high" | "critical"'.
    101 |                 name: rule.name,
    102 |                 description: rule.description,
  > 103 |                 trigger: rule.trigger,
        |                 ^^^^^^^
    104 |                 actions: rule.actions,
    105 |                 enabled: rule.enabled,
    106 |             });

ERROR in src/components/Security/SecurityAutomationPanel.tsx:209:17
TS2769: No overload matches this call.
  Overload 1 of 2, '(props: { component: ElementType<any, keyof IntrinsicElements>; } & GridBaseProps & { sx?: SxProps<Theme> | undefined; } & SystemProps<...> & Omit<...>): Element | null', gave the following error.
    Property 'component' is missing in type '{ children: Element; item: true; xs: number; }' but required in type '{ component: ElementType<any, keyof IntrinsicElements>; }'.
  Overload 2 of 2, '(props: DefaultComponentProps<GridTypeMap<{}, "div">>): Element | null', gave the following error.
    Type '{ children: Element; item: true; xs: number; }' is not assignable to type 'IntrinsicAttributes & GridBaseProps & { sx?: SxProps<Theme> | undefined; } & SystemProps<Theme> & Omit<...>'.
      Property 'item' does not exist on type 'IntrinsicAttributes & GridBaseProps & { sx?: SxProps<Theme> | undefined; } & SystemProps<Theme> & Omit<...>'.
    207 |
    208 |             <Grid container spacing={3}>
  > 209 |                 <Grid item xs={12}>
        |                 ^^^^^^^^^^^^^^^^^^^
    210 |                     <Card>
    211 |                         <CardContent>
    212 |                             <Typography variant="h6" gutterBottom>

ERROR in src/components/Security/SecurityCharts.tsx:147:13
TS2769: No overload matches this call.
  Overload 1 of 2, '(props: { component: ElementType<any, keyof IntrinsicElements>; } & GridBaseProps & { sx?: SxProps<Theme> | undefined; } & SystemProps<...> & Omit<...>): Element | null', gave the following error.
    Property 'component' is missing in type '{ children: Element; item: true; xs: number; md: number; }' but required in type '{ component: ElementType<any, keyof IntrinsicElements>; }'.
  Overload 2 of 2, '(props: DefaultComponentProps<GridTypeMap<{}, "div">>): Element | null', gave the following error.
    Type '{ children: Element; item: true; xs: number; md: number; }' is not assignable to type 'IntrinsicAttributes & GridBaseProps & { sx?: SxProps<Theme> | undefined; } & SystemProps<Theme> & Omit<...>'.
      Property 'item' does not exist on type 'IntrinsicAttributes & GridBaseProps & { sx?: SxProps<Theme> | undefined; } & SystemProps<Theme> & Omit<...>'.
    145 |         <Grid container spacing={3}>
    146 |             {/* 위협 심각도 분포 */}
  > 147 |             <Grid item xs={12} md={6}>
        |             ^^^^^^^^^^^^^^^^^^^^^^^^^^
    148 |                 <Card>
    149 |                     <CardContent>
    150 |                         <Typography variant="h6" gutterBottom>

ERROR in src/components/Security/SecurityCharts.tsx:160:53
TS2339: Property 'percent' does not exist on type 'Props'.
    158 |                                     cy="50%"
    159 |                                     labelLine={false}
  > 160 |                                     label={({ name, percent }) =>
        |                                                     ^^^^^^^
    161 |                                         `${name}: ${(percent * 100).toFixed(0)}%`
    162 |                                     }
    163 |                                     outerRadius={80}

ERROR in src/components/Security/SecurityCharts.tsx:180:13
TS2769: No overload matches this call.
  Overload 1 of 2, '(props: { component: ElementType<any, keyof IntrinsicElements>; } & GridBaseProps & { sx?: SxProps<Theme> | undefined; } & SystemProps<...> & Omit<...>): Element | null', gave the following error.
    Property 'component' is missing in type '{ children: Element; item: true; xs: number; md: number; }' but required in type '{ component: ElementType<any, keyof IntrinsicElements>; }'.
  Overload 2 of 2, '(props: DefaultComponentProps<GridTypeMap<{}, "div">>): Element | null', gave the following error.
    Type '{ children: Element; item: true; xs: number; md: number; }' is not assignable to type 'IntrinsicAttributes & GridBaseProps & { sx?: SxProps<Theme> | undefined; } & SystemProps<Theme> & Omit<...>'.
      Property 'item' does not exist on type 'IntrinsicAttributes & GridBaseProps & { sx?: SxProps<Theme> | undefined; } & SystemProps<Theme> & Omit<...>'.
    178 |
    179 |             {/* 알림 타입별 분포 */}
  > 180 |             <Grid item xs={12} md={6}>
        |             ^^^^^^^^^^^^^^^^^^^^^^^^^^
    181 |                 <Card>
    182 |                     <CardContent>
    183 |                         <Typography variant="h6" gutterBottom>

ERROR in src/components/Security/SecurityCharts.tsx:201:13
TS2769: No overload matches this call.
  Overload 1 of 2, '(props: { component: ElementType<any, keyof IntrinsicElements>; } & GridBaseProps & { sx?: SxProps<Theme> | undefined; } & SystemProps<...> & Omit<...>): Element | null', gave the following error.
    Property 'component' is missing in type '{ children: Element; item: true; xs: number; }' but required in type '{ component: ElementType<any, keyof IntrinsicElements>; }'.
  Overload 2 of 2, '(props: DefaultComponentProps<GridTypeMap<{}, "div">>): Element | null', gave the following error.
    Type '{ children: Element; item: true; xs: number; }' is not assignable to type 'IntrinsicAttributes & GridBaseProps & { sx?: SxProps<Theme> | undefined; } & SystemProps<Theme> & Omit<...>'.
      Property 'item' does not exist on type 'IntrinsicAttributes & GridBaseProps & { sx?: SxProps<Theme> | undefined; } & SystemProps<Theme> & Omit<...>'.
    199 |
    200 |             {/* 위협 발생 추이 */}
  > 201 |             <Grid item xs={12}>
        |             ^^^^^^^^^^^^^^^^^^^
    202 |                 <Card>
    203 |                     <CardContent>
    204 |                         <Typography variant="h6" gutterBottom>

ERROR in src/components/Security/SecurityCharts.tsx:249:13
TS2769: No overload matches this call.
  Overload 1 of 2, '(props: { component: ElementType<any, keyof IntrinsicElements>; } & GridBaseProps & { sx?: SxProps<Theme> | undefined; } & SystemProps<...> & Omit<...>): Element | null', gave the following error.
    Property 'component' is missing in type '{ children: Element; item: true; xs: number; md: number; }' but required in type '{ component: ElementType<any, keyof IntrinsicElements>; }'.
  Overload 2 of 2, '(props: DefaultComponentProps<GridTypeMap<{}, "div">>): Element | null', gave the following error.
    Type '{ children: Element; item: true; xs: number; md: number; }' is not assignable to type 'IntrinsicAttributes & GridBaseProps & { sx?: SxProps<Theme> | undefined; } & SystemProps<Theme> & Omit<...>'.
      Property 'item' does not exist on type 'IntrinsicAttributes & GridBaseProps & { sx?: SxProps<Theme> | undefined; } & SystemProps<Theme> & Omit<...>'.
    247 |
    248 |             {/* 이벤트 위험 수준 분포 */}
  > 249 |             <Grid item xs={12} md={6}>
        |             ^^^^^^^^^^^^^^^^^^^^^^^^^^
    250 |                 <Card>
    251 |                     <CardContent>
    252 |                         <Typography variant="h6" gutterBottom>

ERROR in src/components/Security/SecurityCharts.tsx:274:17
TS2769: No overload matches this call.
  Overload 1 of 2, '(props: { component: ElementType<any, keyof IntrinsicElements>; } & GridBaseProps & { sx?: SxProps<Theme> | undefined; } & SystemProps<...> & Omit<...>): Element | null', gave the following error.
    Property 'component' is missing in type '{ children: Element; item: true; xs: number; md: number; }' but required in type '{ component: ElementType<any, keyof IntrinsicElements>; }'.
  Overload 2 of 2, '(props: DefaultComponentProps<GridTypeMap<{}, "div">>): Element | null', gave the following error.
    Type '{ children: Element; item: true; xs: number; md: number; }' is not assignable to type 'IntrinsicAttributes & GridBaseProps & { sx?: SxProps<Theme> | undefined; } & SystemProps<Theme> & Omit<...>'.
      Property 'item' does not exist on type 'IntrinsicAttributes & GridBaseProps & { sx?: SxProps<Theme> | undefined; } & SystemProps<Theme> & Omit<...>'.
    272 |             {/* 보안 점수 추이 */}
    273 |             {securityScoreData.length > 0 && (
  > 274 |                 <Grid item xs={12} md={6}>
        |                 ^^^^^^^^^^^^^^^^^^^^^^^^^^
    275 |                     <Card>
    276 |                         <CardContent>
    277 |                             <Typography variant="h6" gutterBottom>

ERROR in src/components/Security/SecurityReportGenerator.tsx:243:31
TS17002: Expected corresponding JSX closing tag for 'Grid'.
    241 |                                     </CardContent>
    242 |                                 </Card>
  > 243 |                             </Grid2>
        |                               ^^^^^
    244 |                             <Grid2 xs={12} md={6}>
    245 |                                 <Card variant="outlined">
    246 |                                     <CardContent>

ERROR in src/components/Security/SecurityReportGenerator.tsx:243:31
TS2552: Cannot find name 'Grid2'. Did you mean 'Grid'?
    241 |                                     </CardContent>
    242 |                                 </Card>
  > 243 |                             </Grid2>
        |                               ^^^^^
    244 |                             <Grid2 xs={12} md={6}>
    245 |                                 <Card variant="outlined">
    246 |                                     <CardContent>

ERROR in src/components/Security/SecurityReportGenerator.tsx:244:30
TS2552: Cannot find name 'Grid2'. Did you mean 'Grid'?
    242 |                                 </Card>
    243 |                             </Grid2>
  > 244 |                             <Grid2 xs={12} md={6}>
        |                              ^^^^^
    245 |                                 <Card variant="outlined">
    246 |                                     <CardContent>
    247 |                                         <Typography variant="subtitle2" color="text.secondary" gutterBottom>

ERROR in src/components/Security/SecurityReportGenerator.tsx:271:31
TS2552: Cannot find name 'Grid2'. Did you mean 'Grid'?
    269 |                                     </CardContent>
    270 |                                 </Card>
  > 271 |                             </Grid2>
        |                               ^^^^^
    272 |                             <Grid2 xs={12} md={6}>
    273 |                                 <Card variant="outlined">
    274 |                                     <CardContent>

ERROR in src/components/Security/SecurityReportGenerator.tsx:272:30
TS2552: Cannot find name 'Grid2'. Did you mean 'Grid'?
    270 |                                 </Card>
    271 |                             </Grid2>
  > 272 |                             <Grid2 xs={12} md={6}>
        |                              ^^^^^
    273 |                                 <Card variant="outlined">
    274 |                                     <CardContent>
    275 |                                         <Typography variant="subtitle2" color="text.secondary" gutterBottom>

ERROR in src/components/Security/SecurityReportGenerator.tsx:281:31
TS2552: Cannot find name 'Grid2'. Did you mean 'Grid'?
    279 |                                     </CardContent>
    280 |                                 </Card>
  > 281 |                             </Grid2>
        |                               ^^^^^
    282 |                             <Grid2 xs={12} md={6}>
    283 |                                 <Card variant="outlined">
    284 |                                     <CardContent>

ERROR in src/components/Security/SecurityReportGenerator.tsx:282:30
TS2552: Cannot find name 'Grid2'. Did you mean 'Grid'?
    280 |                                 </Card>
    281 |                             </Grid2>
  > 282 |                             <Grid2 xs={12} md={6}>
        |                              ^^^^^
    283 |                                 <Card variant="outlined">
    284 |                                     <CardContent>
    285 |                                         <Typography variant="subtitle2" color="text.secondary" gutterBottom>

ERROR in src/components/Security/SecurityReportGenerator.tsx:291:31
TS2552: Cannot find name 'Grid2'. Did you mean 'Grid'?
    289 |                                     </CardContent>
    290 |                                 </Card>
  > 291 |                             </Grid2>
        |                               ^^^^^
    292 |                         </Grid2>
    293 |
    294 |                         {report.recommendations.length > 0 && (

ERROR in src/components/Security/SecurityReportGenerator.tsx:292:27
TS17002: Expected corresponding JSX closing tag for 'Grid'.
    290 |                                 </Card>
    291 |                             </Grid2>
  > 292 |                         </Grid2>
        |                           ^^^^^
    293 |
    294 |                         {report.recommendations.length > 0 && (
    295 |                             <Alert severity="info" sx={{ mt: 2 }}>

ERROR in src/components/Security/SecurityReportGenerator.tsx:292:27
TS2552: Cannot find name 'Grid2'. Did you mean 'Grid'?
    290 |                                 </Card>
    291 |                             </Grid2>
  > 292 |                         </Grid2>
        |                           ^^^^^
    293 |
    294 |                         {report.recommendations.length > 0 && (
    295 |                             <Alert severity="info" sx={{ mt: 2 }}>

ERROR in src/services/aiHealthMonitor.ts:53:14
TS2300: Duplicate identifier 'AIHealthMonitor'.
    51 |
    52 | // AI 시스템 헬스 모니터 클래스
  > 53 | export class AIHealthMonitor extends EventEmitter {
       |              ^^^^^^^^^^^^^^^
    54 |     private services: Map<string, ServiceHealth> = new Map();
    55 |     private thresholds: Map<string, HealthThreshold> = new Map();
    56 |     private healthHistory: Map<string, HealthCheckResult[]> = new Map();

Compiling...
Compiled successfully!
webpack compiled successfully
Files successfully emitted, waiting for typecheck results...
Issues checking in progress...
ERROR in src/components/AnalyticsDashboard.tsx:42:16
TS7009: 'new' expression, whose target lacks a construct signature, implicitly has an 'any' type.
    40 |     } catch {
    41 |         // 최후의 수단
  > 42 |         return new Error(String(err));
       |                ^^^^^^^^^^^^^^^^^^^^^^
    43 |     }
    44 | };
    45 |

ERROR in src/components/AnalyticsDashboard.tsx:42:26
TS2769: No overload matches this call.
  Overload 1 of 2, '(props: { component: ElementType<any, keyof IntrinsicElements>; } & SvgIconOwnProps & CommonProps & Omit<any, "className" | ... 10 more ... | "viewBox">): Element | null', gave the following error.
    Argument of type 'string' is not assignable to parameter of type '{ component: ElementType<any, keyof IntrinsicElements>; } & SvgIconOwnProps & CommonProps & Omit<any, "className" | ... 10 more ... | "viewBox">'.
      Type 'string' is not assignable to type '{ component: ElementType<any, keyof IntrinsicElements>; }'.
  Overload 2 of 2, '(props: DefaultComponentProps<SvgIconTypeMap<{}, "svg">>): Element | null', gave the following error.
    Type 'string' has no properties in common with type 'DefaultComponentProps<SvgIconTypeMap<{}, "svg">>'.
    40 |     } catch {
    41 |         // 최후의 수단
  > 42 |         return new Error(String(err));
       |                          ^^^^^^^^^^^
    43 |     }
    44 | };
    45 |

ERROR in src/components/PWAInstallPrompt.tsx:299:24
TS2322: Type '{ children: Element[]; component: string; sx: { border: "none"; p: number; }; "aria-label": string; }' is not assignable to type 'IntrinsicAttributes & DialogActionsProps'.
  Property 'component' does not exist on type 'IntrinsicAttributes & DialogActionsProps'.
    297 |           </Alert>
    298 |         </DialogContent>
  > 299 |         <DialogActions component="fieldset" sx={{ border: 'none', p: 0 }} aria-label="업데이트 액션">
        |                        ^^^^^^^^^
    300 |           <Button 
    301 |             onClick={() => setShowUpdateDialog(false)}
    302 |             aria-label="업데이트 다이얼로그 닫기"

ERROR in src/components/RealEstate/ApartmentCommunityAnalysisDashboard.tsx:224:21
TS2769: No overload matches this call.
  Overload 1 of 2, '(props: { component: ElementType<any, keyof IntrinsicElements>; } & GridBaseProps & { sx?: SxProps<Theme> | undefined; } & SystemProps<...> & Omit<...>): Element | null', gave the following error.
    Property 'component' is missing in type '{ children: Element; item: true; xs: number; sm: number; md: number; }' but required in type '{ component: ElementType<any, keyof IntrinsicElements>; }'.
  Overload 2 of 2, '(props: DefaultComponentProps<GridTypeMap<{}, "div">>): Element | null', gave the following error.
    Type '{ children: Element; item: true; xs: number; sm: number; md: number; }' is not assignable to type 'IntrinsicAttributes & GridBaseProps & { sx?: SxProps<Theme> | undefined; } & SystemProps<Theme> & Omit<...>'.
      Property 'item' does not exist on type 'IntrinsicAttributes & GridBaseProps & { sx?: SxProps<Theme> | undefined; } & SystemProps<Theme> & Omit<...>'.
    222 |             {analytics && (
    223 |                 <Grid container spacing={3} sx={{ mb: 3 }}>
  > 224 |                     <Grid item xs={12} sm={6} md={3}>
        |                     ^^^^^^^^^^^^^^^^^^^^^^^^^^^^^^^^^
    225 |                         <Card>
    226 |                             <CardContent>
    227 |                                 <Typography color="textSecondary" gutterBottom>

ERROR in src/components/RealEstate/ApartmentCommunityAnalysisDashboard.tsx:237:21
TS2769: No overload matches this call.
  Overload 1 of 2, '(props: { component: ElementType<any, keyof IntrinsicElements>; } & GridBaseProps & { sx?: SxProps<Theme> | undefined; } & SystemProps<...> & Omit<...>): Element | null', gave the following error.
    Property 'component' is missing in type '{ children: Element; item: true; xs: number; sm: number; md: number; }' but required in type '{ component: ElementType<any, keyof IntrinsicElements>; }'.
  Overload 2 of 2, '(props: DefaultComponentProps<GridTypeMap<{}, "div">>): Element | null', gave the following error.
    Type '{ children: Element; item: true; xs: number; sm: number; md: number; }' is not assignable to type 'IntrinsicAttributes & GridBaseProps & { sx?: SxProps<Theme> | undefined; } & SystemProps<Theme> & Omit<...>'.
      Property 'item' does not exist on type 'IntrinsicAttributes & GridBaseProps & { sx?: SxProps<Theme> | undefined; } & SystemProps<Theme> & Omit<...>'.
    235 |                         </Card>
    236 |                     </Grid>
  > 237 |                     <Grid item xs={12} sm={6} md={3}>
        |                     ^^^^^^^^^^^^^^^^^^^^^^^^^^^^^^^^^
    238 |                         <Card>
    239 |                             <CardContent>
    240 |                                 <Typography color="textSecondary" gutterBottom>

ERROR in src/components/RealEstate/ApartmentCommunityAnalysisDashboard.tsx:247:21
TS2769: No overload matches this call.
  Overload 1 of 2, '(props: { component: ElementType<any, keyof IntrinsicElements>; } & GridBaseProps & { sx?: SxProps<Theme> | undefined; } & SystemProps<...> & Omit<...>): Element | null', gave the following error.
    Property 'component' is missing in type '{ children: Element; item: true; xs: number; sm: number; md: number; }' but required in type '{ component: ElementType<any, keyof IntrinsicElements>; }'.
  Overload 2 of 2, '(props: DefaultComponentProps<GridTypeMap<{}, "div">>): Element | null', gave the following error.
    Type '{ children: Element; item: true; xs: number; sm: number; md: number; }' is not assignable to type 'IntrinsicAttributes & GridBaseProps & { sx?: SxProps<Theme> | undefined; } & SystemProps<Theme> & Omit<...>'.
      Property 'item' does not exist on type 'IntrinsicAttributes & GridBaseProps & { sx?: SxProps<Theme> | undefined; } & SystemProps<Theme> & Omit<...>'.
    245 |                         </Card>
    246 |                     </Grid>
  > 247 |                     <Grid item xs={12} sm={6} md={3}>
        |                     ^^^^^^^^^^^^^^^^^^^^^^^^^^^^^^^^^
    248 |                         <Card>
    249 |                             <CardContent>
    250 |                                 <Typography color="textSecondary" gutterBottom>

ERROR in src/components/RealEstate/ApartmentCommunityAnalysisDashboard.tsx:259:21
TS2769: No overload matches this call.
  Overload 1 of 2, '(props: { component: ElementType<any, keyof IntrinsicElements>; } & GridBaseProps & { sx?: SxProps<Theme> | undefined; } & SystemProps<...> & Omit<...>): Element | null', gave the following error.
    Property 'component' is missing in type '{ children: Element; item: true; xs: number; sm: number; md: number; }' but required in type '{ component: ElementType<any, keyof IntrinsicElements>; }'.
  Overload 2 of 2, '(props: DefaultComponentProps<GridTypeMap<{}, "div">>): Element | null', gave the following error.
    Type '{ children: Element; item: true; xs: number; sm: number; md: number; }' is not assignable to type 'IntrinsicAttributes & GridBaseProps & { sx?: SxProps<Theme> | undefined; } & SystemProps<Theme> & Omit<...>'.
      Property 'item' does not exist on type 'IntrinsicAttributes & GridBaseProps & { sx?: SxProps<Theme> | undefined; } & SystemProps<Theme> & Omit<...>'.
    257 |                         </Card>
    258 |                     </Grid>
  > 259 |                     <Grid item xs={12} sm={6} md={3}>
        |                     ^^^^^^^^^^^^^^^^^^^^^^^^^^^^^^^^^
    260 |                         <Card>
    261 |                             <CardContent>
    262 |                                 <Typography color="textSecondary" gutterBottom>

ERROR in src/components/RealEstate/ApartmentCommunityAnalysisDashboard.tsx:473:25
TS2769: No overload matches this call.
  Overload 1 of 2, '(props: { component: ElementType<any, keyof IntrinsicElements>; } & GridBaseProps & { sx?: SxProps<Theme> | undefined; } & SystemProps<...> & Omit<...>): Element | null', gave the following error.
    Property 'component' is missing in type '{ children: Element; item: true; xs: number; md: number; }' but required in type '{ component: ElementType<any, keyof IntrinsicElements>; }'.
  Overload 2 of 2, '(props: DefaultComponentProps<GridTypeMap<{}, "div">>): Element | null', gave the following error.
    Type '{ children: Element; item: true; xs: number; md: number; }' is not assignable to type 'IntrinsicAttributes & GridBaseProps & { sx?: SxProps<Theme> | undefined; } & SystemProps<Theme> & Omit<...>'.
      Property 'item' does not exist on type 'IntrinsicAttributes & GridBaseProps & { sx?: SxProps<Theme> | undefined; } & SystemProps<Theme> & Omit<...>'.
    471 |                 {analytics ? (
    472 |                     <Grid container spacing={3}>
  > 473 |                         <Grid item xs={12} md={6}>
        |                         ^^^^^^^^^^^^^^^^^^^^^^^^^^
    474 |                             <Card>
    475 |                                 <CardContent>
    476 |                                     <Typography variant="h6" gutterBottom>

ERROR in src/components/RealEstate/ApartmentCommunityAnalysisDashboard.tsx:505:25
TS2769: No overload matches this call.
  Overload 1 of 2, '(props: { component: ElementType<any, keyof IntrinsicElements>; } & GridBaseProps & { sx?: SxProps<Theme> | undefined; } & SystemProps<...> & Omit<...>): Element | null', gave the following error.
    Property 'component' is missing in type '{ children: Element; item: true; xs: number; md: number; }' but required in type '{ component: ElementType<any, keyof IntrinsicElements>; }'.
  Overload 2 of 2, '(props: DefaultComponentProps<GridTypeMap<{}, "div">>): Element | null', gave the following error.
    Type '{ children: Element; item: true; xs: number; md: number; }' is not assignable to type 'IntrinsicAttributes & GridBaseProps & { sx?: SxProps<Theme> | undefined; } & SystemProps<Theme> & Omit<...>'.
      Property 'item' does not exist on type 'IntrinsicAttributes & GridBaseProps & { sx?: SxProps<Theme> | undefined; } & SystemProps<Theme> & Omit<...>'.
    503 |                             </Card>
    504 |                         </Grid>
  > 505 |                         <Grid item xs={12} md={6}>
        |                         ^^^^^^^^^^^^^^^^^^^^^^^^^^
    506 |                             <Card>
    507 |                                 <CardContent>
    508 |                                     <Typography variant="h6" gutterBottom>

ERROR in src/components/RealEstate/ApartmentCommunityAnalysisDashboard.tsx:524:25
TS2769: No overload matches this call.
  Overload 1 of 2, '(props: { component: ElementType<any, keyof IntrinsicElements>; } & GridBaseProps & { sx?: SxProps<Theme> | undefined; } & SystemProps<...> & Omit<...>): Element | null', gave the following error.
    Property 'component' is missing in type '{ children: Element; item: true; xs: number; }' but required in type '{ component: ElementType<any, keyof IntrinsicElements>; }'.
  Overload 2 of 2, '(props: DefaultComponentProps<GridTypeMap<{}, "div">>): Element | null', gave the following error.
    Type '{ children: Element; item: true; xs: number; }' is not assignable to type 'IntrinsicAttributes & GridBaseProps & { sx?: SxProps<Theme> | undefined; } & SystemProps<Theme> & Omit<...>'.
      Property 'item' does not exist on type 'IntrinsicAttributes & GridBaseProps & { sx?: SxProps<Theme> | undefined; } & SystemProps<Theme> & Omit<...>'.
    522 |                             </Card>
    523 |                         </Grid>
  > 524 |                         <Grid item xs={12}>
        |                         ^^^^^^^^^^^^^^^^^^^
    525 |                             <Card>
    526 |                                 <CardContent>
    527 |                                     <Typography variant="h6" gutterBottom>

ERROR in src/components/RealEstate/ConstructionCompanyDashboard.tsx:327:25
TS2769: No overload matches this call.
  Overload 1 of 2, '(props: { component: ElementType<any, keyof IntrinsicElements>; } & GridBaseProps & { sx?: SxProps<Theme> | undefined; } & SystemProps<...> & Omit<...>): Element | null', gave the following error.
    Property 'component' is missing in type '{ children: Element; item: true; xs: number; md: number; key: string; }' but required in type '{ component: ElementType<any, keyof IntrinsicElements>; }'.
  Overload 2 of 2, '(props: DefaultComponentProps<GridTypeMap<{}, "div">>): Element | null', gave the following error.
    Type '{ children: Element; item: true; xs: number; md: number; key: string; }' is not assignable to type 'IntrinsicAttributes & GridBaseProps & { sx?: SxProps<Theme> | undefined; } & SystemProps<Theme> & Omit<...>'.
      Property 'item' does not exist on type 'IntrinsicAttributes & GridBaseProps & { sx?: SxProps<Theme> | undefined; } & SystemProps<Theme> & Omit<...>'.
    325 |                 <Grid container spacing={3}>
    326 |                     {companies.map((company) => (
  > 327 |                         <Grid item xs={12} md={6} key={company.id}>
        |                         ^^^^^^^^^^^^^^^^^^^^^^^^^^^^^^^^^^^^^^^^^^^
    328 |                             <Card>
    329 |                                 <CardContent>
    330 |                                     <Box sx={{ display: 'flex', justifyContent: 'space-between', mb: 2 }}>

ERROR in src/components/RealEstate/ConstructionCompanyDashboard.tsx:348:41
TS2769: No overload matches this call.
  Overload 1 of 2, '(props: { component: ElementType<any, keyof IntrinsicElements>; } & GridBaseProps & { sx?: SxProps<Theme> | undefined; } & SystemProps<...> & Omit<...>): Element | null', gave the following error.
    Property 'component' is missing in type '{ children: Element[]; item: true; xs: number; }' but required in type '{ component: ElementType<any, keyof IntrinsicElements>; }'.
  Overload 2 of 2, '(props: DefaultComponentProps<GridTypeMap<{}, "div">>): Element | null', gave the following error.
    Type '{ children: Element[]; item: true; xs: number; }' is not assignable to type 'IntrinsicAttributes & GridBaseProps & { sx?: SxProps<Theme> | undefined; } & SystemProps<Theme> & Omit<...>'.
      Property 'item' does not exist on type 'IntrinsicAttributes & GridBaseProps & { sx?: SxProps<Theme> | undefined; } & SystemProps<Theme> & Omit<...>'.
    346 |                                     </Box>
    347 |                                     <Grid container spacing={2}>
  > 348 |                                         <Grid item xs={6}>
        |                                         ^^^^^^^^^^^^^^^^^^
    349 |                                             <Typography variant="body2" color="text.secondary">
    350 |                                                 총 프로젝트
    351 |                                             </Typography>

ERROR in src/components/RealEstate/ConstructionCompanyDashboard.tsx:354:41
TS2769: No overload matches this call.
  Overload 1 of 2, '(props: { component: ElementType<any, keyof IntrinsicElements>; } & GridBaseProps & { sx?: SxProps<Theme> | undefined; } & SystemProps<...> & Omit<...>): Element | null', gave the following error.
    Property 'component' is missing in type '{ children: Element[]; item: true; xs: number; }' but required in type '{ component: ElementType<any, keyof IntrinsicElements>; }'.
  Overload 2 of 2, '(props: DefaultComponentProps<GridTypeMap<{}, "div">>): Element | null', gave the following error.
    Type '{ children: Element[]; item: true; xs: number; }' is not assignable to type 'IntrinsicAttributes & GridBaseProps & { sx?: SxProps<Theme> | undefined; } & SystemProps<Theme> & Omit<...>'.
      Property 'item' does not exist on type 'IntrinsicAttributes & GridBaseProps & { sx?: SxProps<Theme> | undefined; } & SystemProps<Theme> & Omit<...>'.
    352 |                                             <Typography variant="h6">{company.total_projects}</Typography>
    353 |                                         </Grid>
  > 354 |                                         <Grid item xs={6}>
        |                                         ^^^^^^^^^^^^^^^^^^
    355 |                                             <Typography variant="body2" color="text.secondary">
    356 |                                                 완료 프로젝트
    357 |                                             </Typography>

ERROR in src/components/RealEstate/ConstructionCompanyDashboard.tsx:362:41
TS2769: No overload matches this call.
  Overload 1 of 2, '(props: { component: ElementType<any, keyof IntrinsicElements>; } & GridBaseProps & { sx?: SxProps<Theme> | undefined; } & SystemProps<...> & Omit<...>): Element | null', gave the following error.
    Property 'component' is missing in type '{ children: Element[]; item: true; xs: number; }' but required in type '{ component: ElementType<any, keyof IntrinsicElements>; }'.
  Overload 2 of 2, '(props: DefaultComponentProps<GridTypeMap<{}, "div">>): Element | null', gave the following error.
    Type '{ children: Element[]; item: true; xs: number; }' is not assignable to type 'IntrinsicAttributes & GridBaseProps & { sx?: SxProps<Theme> | undefined; } & SystemProps<Theme> & Omit<...>'.
      Property 'item' does not exist on type 'IntrinsicAttributes & GridBaseProps & { sx?: SxProps<Theme> | undefined; } & SystemProps<Theme> & Omit<...>'.
    360 |                                             </Typography>
    361 |                                         </Grid>
  > 362 |                                         <Grid item xs={6}>
        |                                         ^^^^^^^^^^^^^^^^^^
    363 |                                             <Typography variant="body2" color="text.secondary">
    364 |                                                 평판 점수
    365 |                                             </Typography>

ERROR in src/components/RealEstate/ConstructionCompanyDashboard.tsx:368:41
TS2769: No overload matches this call.
  Overload 1 of 2, '(props: { component: ElementType<any, keyof IntrinsicElements>; } & GridBaseProps & { sx?: SxProps<Theme> | undefined; } & SystemProps<...> & Omit<...>): Element | null', gave the following error.
    Property 'component' is missing in type '{ children: Element[]; item: true; xs: number; }' but required in type '{ component: ElementType<any, keyof IntrinsicElements>; }'.
  Overload 2 of 2, '(props: DefaultComponentProps<GridTypeMap<{}, "div">>): Element | null', gave the following error.
    Type '{ children: Element[]; item: true; xs: number; }' is not assignable to type 'IntrinsicAttributes & GridBaseProps & { sx?: SxProps<Theme> | undefined; } & SystemProps<Theme> & Omit<...>'.
      Property 'item' does not exist on type 'IntrinsicAttributes & GridBaseProps & { sx?: SxProps<Theme> | undefined; } & SystemProps<Theme> & Omit<...>'.
    366 |                                             <Typography variant="h6">{company.reputation_score.toFixed(1)}</Typography>
    367 |                                         </Grid>
  > 368 |                                         <Grid item xs={6}>
        |                                         ^^^^^^^^^^^^^^^^^^
    369 |                                             <Typography variant="body2" color="text.secondary">
    370 |                                                 품질 점수
    371 |                                             </Typography>

ERROR in src/components/RealEstate/ConstructionCompanyDashboard.tsx:603:29
TS2769: No overload matches this call.
  Overload 1 of 2, '(props: { component: ElementType<any, keyof IntrinsicElements>; } & GridBaseProps & { sx?: SxProps<Theme> | undefined; } & SystemProps<...> & Omit<...>): Element | null', gave the following error.
    Property 'component' is missing in type '{ children: Element; item: true; xs: number; md: number; key: string; }' but required in type '{ component: ElementType<any, keyof IntrinsicElements>; }'.
  Overload 2 of 2, '(props: DefaultComponentProps<GridTypeMap<{}, "div">>): Element | null', gave the following error.
    Type '{ children: Element; item: true; xs: number; md: number; key: string; }' is not assignable to type 'IntrinsicAttributes & GridBaseProps & { sx?: SxProps<Theme> | undefined; } & SystemProps<Theme> & Omit<...>'.
      Property 'item' does not exist on type 'IntrinsicAttributes & GridBaseProps & { sx?: SxProps<Theme> | undefined; } & SystemProps<Theme> & Omit<...>'.
    601 |                     <Grid container spacing={3}>
    602 |                         {selectionAnalyses.map((analysis) => (
  > 603 |                             <Grid item xs={12} md={6} key={analysis.company_id}>
        |                             ^^^^^^^^^^^^^^^^^^^^^^^^^^^^^^^^^^^^^^^^^^^^^^^^^^^^
    604 |                                 <Card>
    605 |                                     <CardContent>
    606 |                                         <Typography variant="h6" gutterBottom>

ERROR in src/components/Security/AdvancedSecurityPanel.tsx:397:21
TS2769: No overload matches this call.
  Overload 1 of 2, '(props: { component: ElementType<any, keyof IntrinsicElements>; } & GridBaseProps & { sx?: SxProps<Theme> | undefined; } & SystemProps<...> & Omit<...>): Element | null', gave the following error.
    Property 'component' is missing in type '{ children: Element; item: true; xs: number; md: number; }' but required in type '{ component: ElementType<any, keyof IntrinsicElements>; }'.
  Overload 2 of 2, '(props: DefaultComponentProps<GridTypeMap<{}, "div">>): Element | null', gave the following error.
    Type '{ children: Element; item: true; xs: number; md: number; }' is not assignable to type 'IntrinsicAttributes & GridBaseProps & { sx?: SxProps<Theme> | undefined; } & SystemProps<Theme> & Omit<...>'.
      Property 'item' does not exist on type 'IntrinsicAttributes & GridBaseProps & { sx?: SxProps<Theme> | undefined; } & SystemProps<Theme> & Omit<...>'.
    395 |             {securityStatus && (
    396 |                 <Grid container spacing={3} sx={{ mb: 3 }}>
  > 397 |                     <Grid item xs={12} md={3}>
        |                     ^^^^^^^^^^^^^^^^^^^^^^^^^^
    398 |                         <Card role="region" aria-label="보안 점수">
    399 |                             <CardContent>
    400 |                                 <Typography color="textSecondary" gutterBottom>

ERROR in src/components/Security/AdvancedSecurityPanel.tsx:415:21
TS2769: No overload matches this call.
  Overload 1 of 2, '(props: { component: ElementType<any, keyof IntrinsicElements>; } & GridBaseProps & { sx?: SxProps<Theme> | undefined; } & SystemProps<...> & Omit<...>): Element | null', gave the following error.
    Property 'component' is missing in type '{ children: Element; item: true; xs: number; md: number; }' but required in type '{ component: ElementType<any, keyof IntrinsicElements>; }'.
  Overload 2 of 2, '(props: DefaultComponentProps<GridTypeMap<{}, "div">>): Element | null', gave the following error.
    Type '{ children: Element; item: true; xs: number; md: number; }' is not assignable to type 'IntrinsicAttributes & GridBaseProps & { sx?: SxProps<Theme> | undefined; } & SystemProps<Theme> & Omit<...>'.
      Property 'item' does not exist on type 'IntrinsicAttributes & GridBaseProps & { sx?: SxProps<Theme> | undefined; } & SystemProps<Theme> & Omit<...>'.
    413 |                         </Card>
    414 |                     </Grid>
  > 415 |                     <Grid item xs={12} md={3}>
        |                     ^^^^^^^^^^^^^^^^^^^^^^^^^^
    416 |                         <Card role="region" aria-label="활성 위협">
    417 |                             <CardContent>
    418 |                                 <Typography color="textSecondary" gutterBottom>

ERROR in src/components/Security/AdvancedSecurityPanel.tsx:438:21
TS2769: No overload matches this call.
  Overload 1 of 2, '(props: { component: ElementType<any, keyof IntrinsicElements>; } & GridBaseProps & { sx?: SxProps<Theme> | undefined; } & SystemProps<...> & Omit<...>): Element | null', gave the following error.
    Property 'component' is missing in type '{ children: Element; item: true; xs: number; md: number; }' but required in type '{ component: ElementType<any, keyof IntrinsicElements>; }'.
  Overload 2 of 2, '(props: DefaultComponentProps<GridTypeMap<{}, "div">>): Element | null', gave the following error.
    Type '{ children: Element; item: true; xs: number; md: number; }' is not assignable to type 'IntrinsicAttributes & GridBaseProps & { sx?: SxProps<Theme> | undefined; } & SystemProps<Theme> & Omit<...>'.
      Property 'item' does not exist on type 'IntrinsicAttributes & GridBaseProps & { sx?: SxProps<Theme> | undefined; } & SystemProps<Theme> & Omit<...>'.
    436 |                         </Card>
    437 |                     </Grid>
  > 438 |                     <Grid item xs={12} md={3}>
        |                     ^^^^^^^^^^^^^^^^^^^^^^^^^^
    439 |                         <Card role="region" aria-label="고위험 이벤트">
    440 |                             <CardContent>
    441 |                                 <Typography color="textSecondary" gutterBottom>

ERROR in src/components/Security/AdvancedSecurityPanel.tsx:453:21
TS2769: No overload matches this call.
  Overload 1 of 2, '(props: { component: ElementType<any, keyof IntrinsicElements>; } & GridBaseProps & { sx?: SxProps<Theme> | undefined; } & SystemProps<...> & Omit<...>): Element | null', gave the following error.
    Property 'component' is missing in type '{ children: Element; item: true; xs: number; md: number; }' but required in type '{ component: ElementType<any, keyof IntrinsicElements>; }'.
  Overload 2 of 2, '(props: DefaultComponentProps<GridTypeMap<{}, "div">>): Element | null', gave the following error.
    Type '{ children: Element; item: true; xs: number; md: number; }' is not assignable to type 'IntrinsicAttributes & GridBaseProps & { sx?: SxProps<Theme> | undefined; } & SystemProps<Theme> & Omit<...>'.
      Property 'item' does not exist on type 'IntrinsicAttributes & GridBaseProps & { sx?: SxProps<Theme> | undefined; } & SystemProps<Theme> & Omit<...>'.
    451 |                         </Card>
    452 |                     </Grid>
  > 453 |                     <Grid item xs={12} md={3}>
        |                     ^^^^^^^^^^^^^^^^^^^^^^^^^^
    454 |                         <Card role="region" aria-label="암호화 키">
    455 |                             <CardContent>
    456 |                                 <Typography color="textSecondary" gutterBottom>

ERROR in src/components/Security/AdvancedSecurityPanel.tsx:789:53
TS2367: This comparison appears to be unintentional because the types '"disabled" | "enabled"' and '""' have no overlap.
    787 |                                 value={policyFilter.enabled === undefined ? '' : policyFilter.enabled ? 'enabled' : 'disabled'}
    788 |                                 onChange={(e) => {
  > 789 |                                     const enabled = e.target.value === '' ? undefined : e.target.value === 'enabled';
        |                                                     ^^^^^^^^^^^^^^^^^^^^^
    790 |                                     handlePolicyFilterChange(policyFilter.type, enabled, policyFilter.search);
    791 |                                 }}
    792 |                                 label="상태"

ERROR in src/components/Security/AdvancedSecurityPanel.tsx:824:29
TS2769: No overload matches this call.
  Overload 1 of 2, '(props: { component: ElementType<any, keyof IntrinsicElements>; } & GridBaseProps & { sx?: SxProps<Theme> | undefined; } & SystemProps<...> & Omit<...>): Element | null', gave the following error.
    Property 'component' is missing in type '{ children: Element; item: true; xs: number; md: number; key: string; }' but required in type '{ component: ElementType<any, keyof IntrinsicElements>; }'.
  Overload 2 of 2, '(props: DefaultComponentProps<GridTypeMap<{}, "div">>): Element | null', gave the following error.
    Type '{ children: Element; item: true; xs: number; md: number; key: string; }' is not assignable to type 'IntrinsicAttributes & GridBaseProps & { sx?: SxProps<Theme> | undefined; } & SystemProps<Theme> & Omit<...>'.
      Property 'item' does not exist on type 'IntrinsicAttributes & GridBaseProps & { sx?: SxProps<Theme> | undefined; } & SystemProps<Theme> & Omit<...>'.
    822 |                     <Grid container spacing={2}>
    823 |                         {filteredPolicies.map((policy) => (
  > 824 |                             <Grid item xs={12} md={6} key={policy.id}>
        |                             ^^^^^^^^^^^^^^^^^^^^^^^^^^^^^^^^^^^^^^^^^^
    825 |                                 <Card>
    826 |                                     <CardContent>
    827 |                                         <Box sx={{ display: 'flex', justifyContent: 'space-between', mb: 1 }}>

ERROR in src/components/Security/SecurityAnalyticsPanel.tsx:105:25
TS2769: No overload matches this call.
  Overload 1 of 2, '(props: { component: ElementType<any, keyof IntrinsicElements>; } & GridBaseProps & { sx?: SxProps<Theme> | undefined; } & SystemProps<...> & Omit<...>): Element | null', gave the following error.
    Property 'component' is missing in type '{ children: Element; item: true; xs: number; sm: number; }' but required in type '{ component: ElementType<any, keyof IntrinsicElements>; }'.
  Overload 2 of 2, '(props: DefaultComponentProps<GridTypeMap<{}, "div">>): Element | null', gave the following error.
    Type '{ children: Element; item: true; xs: number; sm: number; }' is not assignable to type 'IntrinsicAttributes & GridBaseProps & { sx?: SxProps<Theme> | undefined; } & SystemProps<Theme> & Omit<...>'.
      Property 'item' does not exist on type 'IntrinsicAttributes & GridBaseProps & { sx?: SxProps<Theme> | undefined; } & SystemProps<Theme> & Omit<...>'.
    103 |                 <CardContent>
    104 |                     <Grid container spacing={2} alignItems="center">
  > 105 |                         <Grid item xs={12} sm={4}>
        |                         ^^^^^^^^^^^^^^^^^^^^^^^^^^
    106 |                             <Box>
    107 |                                 <Typography variant="body2" sx={{ mb: 1 }}>
    108 |                                     시작 날짜

ERROR in src/components/Security/SecurityAnalyticsPanel.tsx:125:25
TS2769: No overload matches this call.
  Overload 1 of 2, '(props: { component: ElementType<any, keyof IntrinsicElements>; } & GridBaseProps & { sx?: SxProps<Theme> | undefined; } & SystemProps<...> & Omit<...>): Element | null', gave the following error.
    Property 'component' is missing in type '{ children: Element; item: true; xs: number; sm: number; }' but required in type '{ component: ElementType<any, keyof IntrinsicElements>; }'.
  Overload 2 of 2, '(props: DefaultComponentProps<GridTypeMap<{}, "div">>): Element | null', gave the following error.
    Type '{ children: Element; item: true; xs: number; sm: number; }' is not assignable to type 'IntrinsicAttributes & GridBaseProps & { sx?: SxProps<Theme> | undefined; } & SystemProps<Theme> & Omit<...>'.
      Property 'item' does not exist on type 'IntrinsicAttributes & GridBaseProps & { sx?: SxProps<Theme> | undefined; } & SystemProps<Theme> & Omit<...>'.
    123 |                             </Box>
    124 |                         </Grid>
  > 125 |                         <Grid item xs={12} sm={4}>
        |                         ^^^^^^^^^^^^^^^^^^^^^^^^^^
    126 |                             <Box>
    127 |                                 <Typography variant="body2" sx={{ mb: 1 }}>
    128 |                                     종료 날짜

ERROR in src/components/Security/SecurityAnalyticsPanel.tsx:145:25
TS2769: No overload matches this call.
  Overload 1 of 2, '(props: { component: ElementType<any, keyof IntrinsicElements>; } & GridBaseProps & { sx?: SxProps<Theme> | undefined; } & SystemProps<...> & Omit<...>): Element | null', gave the following error.
    Property 'component' is missing in type '{ children: Element; item: true; xs: number; sm: number; }' but required in type '{ component: ElementType<any, keyof IntrinsicElements>; }'.
  Overload 2 of 2, '(props: DefaultComponentProps<GridTypeMap<{}, "div">>): Element | null', gave the following error.
    Type '{ children: Element; item: true; xs: number; sm: number; }' is not assignable to type 'IntrinsicAttributes & GridBaseProps & { sx?: SxProps<Theme> | undefined; } & SystemProps<Theme> & Omit<...>'.
      Property 'item' does not exist on type 'IntrinsicAttributes & GridBaseProps & { sx?: SxProps<Theme> | undefined; } & SystemProps<Theme> & Omit<...>'.
    143 |                             </Box>
    144 |                         </Grid>
  > 145 |                         <Grid item xs={12} sm={4}>
        |                         ^^^^^^^^^^^^^^^^^^^^^^^^^^
    146 |                             <Button
    147 |                                 variant="contained"
    148 |                                 fullWidth

ERROR in src/components/Security/SecurityAnalyticsPanel.tsx:180:17
TS2769: No overload matches this call.
  Overload 1 of 2, '(props: { component: ElementType<any, keyof IntrinsicElements>; } & GridBaseProps & { sx?: SxProps<Theme> | undefined; } & SystemProps<...> & Omit<...>): Element | null', gave the following error.
    Property 'component' is missing in type '{ children: Element; item: true; xs: number; md: number; }' but required in type '{ component: ElementType<any, keyof IntrinsicElements>; }'.
  Overload 2 of 2, '(props: DefaultComponentProps<GridTypeMap<{}, "div">>): Element | null', gave the following error.
    Type '{ children: Element; item: true; xs: number; md: number; }' is not assignable to type 'IntrinsicAttributes & GridBaseProps & { sx?: SxProps<Theme> | undefined; } & SystemProps<Theme> & Omit<...>'.
      Property 'item' does not exist on type 'IntrinsicAttributes & GridBaseProps & { sx?: SxProps<Theme> | undefined; } & SystemProps<Theme> & Omit<...>'.
    178 |             {/* 위협 통계 */}
    179 |             <Grid container spacing={3} sx={{ mb: 3 }}>
  > 180 |                 <Grid item xs={12} md={6}>
        |                 ^^^^^^^^^^^^^^^^^^^^^^^^^^
    181 |                     <Card>
    182 |                         <CardContent>
    183 |                             <Typography variant="h6" gutterBottom>

ERROR in src/components/Security/SecurityAnalyticsPanel.tsx:204:17
TS2769: No overload matches this call.
  Overload 1 of 2, '(props: { component: ElementType<any, keyof IntrinsicElements>; } & GridBaseProps & { sx?: SxProps<Theme> | undefined; } & SystemProps<...> & Omit<...>): Element | null', gave the following error.
    Property 'component' is missing in type '{ children: Element; item: true; xs: number; md: number; }' but required in type '{ component: ElementType<any, keyof IntrinsicElements>; }'.
  Overload 2 of 2, '(props: DefaultComponentProps<GridTypeMap<{}, "div">>): Element | null', gave the following error.
    Type '{ children: Element; item: true; xs: number; md: number; }' is not assignable to type 'IntrinsicAttributes & GridBaseProps & { sx?: SxProps<Theme> | undefined; } & SystemProps<Theme> & Omit<...>'.
      Property 'item' does not exist on type 'IntrinsicAttributes & GridBaseProps & { sx?: SxProps<Theme> | undefined; } & SystemProps<Theme> & Omit<...>'.
    202 |                 </Grid>
    203 |
  > 204 |                 <Grid item xs={12} md={6}>
        |                 ^^^^^^^^^^^^^^^^^^^^^^^^^^
    205 |                     <Card>
    206 |                         <CardContent>
    207 |                             <Typography variant="h6" gutterBottom>

ERROR in src/components/Security/SecurityAnalyticsPanel.tsx:262:17
TS2769: No overload matches this call.
  Overload 1 of 2, '(props: { component: ElementType<any, keyof IntrinsicElements>; } & GridBaseProps & { sx?: SxProps<Theme> | undefined; } & SystemProps<...> & Omit<...>): Element | null', gave the following error.
    Property 'component' is missing in type '{ children: Element; item: true; xs: number; md: number; }' but required in type '{ component: ElementType<any, keyof IntrinsicElements>; }'.
  Overload 2 of 2, '(props: DefaultComponentProps<GridTypeMap<{}, "div">>): Element | null', gave the following error.
    Type '{ children: Element; item: true; xs: number; md: number; }' is not assignable to type 'IntrinsicAttributes & GridBaseProps & { sx?: SxProps<Theme> | undefined; } & SystemProps<Theme> & Omit<...>'.
      Property 'item' does not exist on type 'IntrinsicAttributes & GridBaseProps & { sx?: SxProps<Theme> | undefined; } & SystemProps<Theme> & Omit<...>'.
    260 |             {/* 이벤트 통계 */}
    261 |             <Grid container spacing={3} sx={{ mb: 3 }}>
  > 262 |                 <Grid item xs={12} md={6}>
        |                 ^^^^^^^^^^^^^^^^^^^^^^^^^^
    263 |                     <Card>
    264 |                         <CardContent>
    265 |                             <Typography variant="h6" gutterBottom>

ERROR in src/components/Security/SecurityAnalyticsPanel.tsx:286:17
TS2769: No overload matches this call.
  Overload 1 of 2, '(props: { component: ElementType<any, keyof IntrinsicElements>; } & GridBaseProps & { sx?: SxProps<Theme> | undefined; } & SystemProps<...> & Omit<...>): Element | null', gave the following error.
    Property 'component' is missing in type '{ children: Element; item: true; xs: number; md: number; }' but required in type '{ component: ElementType<any, keyof IntrinsicElements>; }'.
  Overload 2 of 2, '(props: DefaultComponentProps<GridTypeMap<{}, "div">>): Element | null', gave the following error.
    Type '{ children: Element; item: true; xs: number; md: number; }' is not assignable to type 'IntrinsicAttributes & GridBaseProps & { sx?: SxProps<Theme> | undefined; } & SystemProps<Theme> & Omit<...>'.
      Property 'item' does not exist on type 'IntrinsicAttributes & GridBaseProps & { sx?: SxProps<Theme> | undefined; } & SystemProps<Theme> & Omit<...>'.
    284 |                 </Grid>
    285 |
  > 286 |                 <Grid item xs={12} md={6}>
        |                 ^^^^^^^^^^^^^^^^^^^^^^^^^^
    287 |                     <Card>
    288 |                         <CardContent>
    289 |                             <Typography variant="h6" gutterBottom>

ERROR in src/components/Security/SecurityAnalyticsPanel.tsx:320:25
TS2769: No overload matches this call.
  Overload 1 of 2, '(props: { component: ElementType<any, keyof IntrinsicElements>; } & GridBaseProps & { sx?: SxProps<Theme> | undefined; } & SystemProps<...> & Omit<...>): Element | null', gave the following error.
    Property 'component' is missing in type '{ children: Element[]; item: true; xs: number; sm: number; }' but required in type '{ component: ElementType<any, keyof IntrinsicElements>; }'.
  Overload 2 of 2, '(props: DefaultComponentProps<GridTypeMap<{}, "div">>): Element | null', gave the following error.
    Type '{ children: Element[]; item: true; xs: number; sm: number; }' is not assignable to type 'IntrinsicAttributes & GridBaseProps & { sx?: SxProps<Theme> | undefined; } & SystemProps<Theme> & Omit<...>'.
      Property 'item' does not exist on type 'IntrinsicAttributes & GridBaseProps & { sx?: SxProps<Theme> | undefined; } & SystemProps<Theme> & Omit<...>'.
    318 |                     </Typography>
    319 |                     <Grid container spacing={2}>
  > 320 |                         <Grid item xs={12} sm={4}>
        |                         ^^^^^^^^^^^^^^^^^^^^^^^^^^
    321 |                             <Typography variant="body2" color="text.secondary">
    322 |                                 총 알림 수
    323 |                             </Typography>

ERROR in src/components/Security/SecurityAnalyticsPanel.tsx:326:25
TS2769: No overload matches this call.
  Overload 1 of 2, '(props: { component: ElementType<any, keyof IntrinsicElements>; } & GridBaseProps & { sx?: SxProps<Theme> | undefined; } & SystemProps<...> & Omit<...>): Element | null', gave the following error.
    Property 'component' is missing in type '{ children: Element[]; item: true; xs: number; sm: number; }' but required in type '{ component: ElementType<any, keyof IntrinsicElements>; }'.
  Overload 2 of 2, '(props: DefaultComponentProps<GridTypeMap<{}, "div">>): Element | null', gave the following error.
    Type '{ children: Element[]; item: true; xs: number; sm: number; }' is not assignable to type 'IntrinsicAttributes & GridBaseProps & { sx?: SxProps<Theme> | undefined; } & SystemProps<Theme> & Omit<...>'.
      Property 'item' does not exist on type 'IntrinsicAttributes & GridBaseProps & { sx?: SxProps<Theme> | undefined; } & SystemProps<Theme> & Omit<...>'.
    324 |                             <Typography variant="h4">{statistics.alerts.total}</Typography>
    325 |                         </Grid>
  > 326 |                         <Grid item xs={12} sm={4}>
        |                         ^^^^^^^^^^^^^^^^^^^^^^^^^^
    327 |                             <Typography variant="body2" color="text.secondary">
    328 |                                 미확인 알림
    329 |                             </Typography>

ERROR in src/components/Security/SecurityAnalyticsPanel.tsx:334:25
TS2769: No overload matches this call.
  Overload 1 of 2, '(props: { component: ElementType<any, keyof IntrinsicElements>; } & GridBaseProps & { sx?: SxProps<Theme> | undefined; } & SystemProps<...> & Omit<...>): Element | null', gave the following error.
    Property 'component' is missing in type '{ children: Element[]; item: true; xs: number; sm: number; }' but required in type '{ component: ElementType<any, keyof IntrinsicElements>; }'.
  Overload 2 of 2, '(props: DefaultComponentProps<GridTypeMap<{}, "div">>): Element | null', gave the following error.
    Type '{ children: Element[]; item: true; xs: number; sm: number; }' is not assignable to type 'IntrinsicAttributes & GridBaseProps & { sx?: SxProps<Theme> | undefined; } & SystemProps<Theme> & Omit<...>'.
      Property 'item' does not exist on type 'IntrinsicAttributes & GridBaseProps & { sx?: SxProps<Theme> | undefined; } & SystemProps<Theme> & Omit<...>'.
    332 |                             </Typography>
    333 |                         </Grid>
  > 334 |                         <Grid item xs={12} sm={4}>
        |                         ^^^^^^^^^^^^^^^^^^^^^^^^^^
    335 |                             <Typography variant="body2" color="text.secondary">
    336 |                                 심각도별 분포
    337 |                             </Typography>

ERROR in src/components/Security/SecurityAnalyticsPanel.tsx:365:21
TS2769: No overload matches this call.
  Overload 1 of 2, '(props: { component: ElementType<any, keyof IntrinsicElements>; } & GridBaseProps & { sx?: SxProps<Theme> | undefined; } & SystemProps<...> & Omit<...>): Element | null', gave the following error.
    Property 'component' is missing in type '{ children: Element; item: true; xs: number; md: number; }' but required in type '{ component: ElementType<any, keyof IntrinsicElements>; }'.
  Overload 2 of 2, '(props: DefaultComponentProps<GridTypeMap<{}, "div">>): Element | null', gave the following error.
    Type '{ children: Element; item: true; xs: number; md: number; }' is not assignable to type 'IntrinsicAttributes & GridBaseProps & { sx?: SxProps<Theme> | undefined; } & SystemProps<Theme> & Omit<...>'.
      Property 'item' does not exist on type 'IntrinsicAttributes & GridBaseProps & { sx?: SxProps<Theme> | undefined; } & SystemProps<Theme> & Omit<...>'.
    363 |             {statistics.audit.topUsers.length > 0 && (
    364 |                 <Grid container spacing={3} sx={{ mb: 3 }}>
  > 365 |                     <Grid item xs={12} md={6}>
        |                     ^^^^^^^^^^^^^^^^^^^^^^^^^^
    366 |                         <Card>
    367 |                             <CardContent>
    368 |                                 <Typography variant="h6" gutterBottom>

ERROR in src/components/Security/SecurityAnalyticsPanel.tsx:393:21
TS2769: No overload matches this call.
  Overload 1 of 2, '(props: { component: ElementType<any, keyof IntrinsicElements>; } & GridBaseProps & { sx?: SxProps<Theme> | undefined; } & SystemProps<...> & Omit<...>): Element | null', gave the following error.
    Property 'component' is missing in type '{ children: Element; item: true; xs: number; md: number; }' but required in type '{ component: ElementType<any, keyof IntrinsicElements>; }'.
  Overload 2 of 2, '(props: DefaultComponentProps<GridTypeMap<{}, "div">>): Element | null', gave the following error.
    Type '{ children: Element; item: true; xs: number; md: number; }' is not assignable to type 'IntrinsicAttributes & GridBaseProps & { sx?: SxProps<Theme> | undefined; } & SystemProps<Theme> & Omit<...>'.
      Property 'item' does not exist on type 'IntrinsicAttributes & GridBaseProps & { sx?: SxProps<Theme> | undefined; } & SystemProps<Theme> & Omit<...>'.
    391 |                     </Grid>
    392 |
  > 393 |                     <Grid item xs={12} md={6}>
        |                     ^^^^^^^^^^^^^^^^^^^^^^^^^^
    394 |                         <Card>
    395 |                             <CardContent>
    396 |                                 <Typography variant="h6" gutterBottom>

ERROR in src/components/Security/SecurityAutomationPanel.tsx:103:17
TS2322: Type '{ type: "threat" | "alert" | "event" | "metric"; condition: string; severity?: "low" | "medium" | "high" | "critical" | undefined; }' is not assignable to type '{ type: "threat" | "alert" | "event" | "metric"; condition: string; severity: "low" | "medium" | "high" | "critical"; }'.
  Types of property 'severity' are incompatible.
    Type '"low" | "medium" | "high" | "critical" | undefined' is not assignable to type '"low" | "medium" | "high" | "critical"'.
      Type 'undefined' is not assignable to type '"low" | "medium" | "high" | "critical"'.
    101 |                 name: rule.name,
    102 |                 description: rule.description,
  > 103 |                 trigger: rule.trigger,
        |                 ^^^^^^^
    104 |                 actions: rule.actions,
    105 |                 enabled: rule.enabled,
    106 |             });

ERROR in src/components/Security/SecurityAutomationPanel.tsx:209:17
TS2769: No overload matches this call.
  Overload 1 of 2, '(props: { component: ElementType<any, keyof IntrinsicElements>; } & GridBaseProps & { sx?: SxProps<Theme> | undefined; } & SystemProps<...> & Omit<...>): Element | null', gave the following error.
    Property 'component' is missing in type '{ children: Element; item: true; xs: number; }' but required in type '{ component: ElementType<any, keyof IntrinsicElements>; }'.
  Overload 2 of 2, '(props: DefaultComponentProps<GridTypeMap<{}, "div">>): Element | null', gave the following error.
    Type '{ children: Element; item: true; xs: number; }' is not assignable to type 'IntrinsicAttributes & GridBaseProps & { sx?: SxProps<Theme> | undefined; } & SystemProps<Theme> & Omit<...>'.
      Property 'item' does not exist on type 'IntrinsicAttributes & GridBaseProps & { sx?: SxProps<Theme> | undefined; } & SystemProps<Theme> & Omit<...>'.
    207 |
    208 |             <Grid container spacing={3}>
  > 209 |                 <Grid item xs={12}>
        |                 ^^^^^^^^^^^^^^^^^^^
    210 |                     <Card>
    211 |                         <CardContent>
    212 |                             <Typography variant="h6" gutterBottom>

ERROR in src/components/Security/SecurityCharts.tsx:147:13
TS2769: No overload matches this call.
  Overload 1 of 2, '(props: { component: ElementType<any, keyof IntrinsicElements>; } & GridBaseProps & { sx?: SxProps<Theme> | undefined; } & SystemProps<...> & Omit<...>): Element | null', gave the following error.
    Property 'component' is missing in type '{ children: Element; item: true; xs: number; md: number; }' but required in type '{ component: ElementType<any, keyof IntrinsicElements>; }'.
  Overload 2 of 2, '(props: DefaultComponentProps<GridTypeMap<{}, "div">>): Element | null', gave the following error.
    Type '{ children: Element; item: true; xs: number; md: number; }' is not assignable to type 'IntrinsicAttributes & GridBaseProps & { sx?: SxProps<Theme> | undefined; } & SystemProps<Theme> & Omit<...>'.
      Property 'item' does not exist on type 'IntrinsicAttributes & GridBaseProps & { sx?: SxProps<Theme> | undefined; } & SystemProps<Theme> & Omit<...>'.
    145 |         <Grid container spacing={3}>
    146 |             {/* 위협 심각도 분포 */}
  > 147 |             <Grid item xs={12} md={6}>
        |             ^^^^^^^^^^^^^^^^^^^^^^^^^^
    148 |                 <Card>
    149 |                     <CardContent>
    150 |                         <Typography variant="h6" gutterBottom>

ERROR in src/components/Security/SecurityCharts.tsx:160:53
TS2339: Property 'percent' does not exist on type 'Props'.
    158 |                                     cy="50%"
    159 |                                     labelLine={false}
  > 160 |                                     label={({ name, percent }) =>
        |                                                     ^^^^^^^
    161 |                                         `${name}: ${(percent * 100).toFixed(0)}%`
    162 |                                     }
    163 |                                     outerRadius={80}

ERROR in src/components/Security/SecurityCharts.tsx:180:13
TS2769: No overload matches this call.
  Overload 1 of 2, '(props: { component: ElementType<any, keyof IntrinsicElements>; } & GridBaseProps & { sx?: SxProps<Theme> | undefined; } & SystemProps<...> & Omit<...>): Element | null', gave the following error.
    Property 'component' is missing in type '{ children: Element; item: true; xs: number; md: number; }' but required in type '{ component: ElementType<any, keyof IntrinsicElements>; }'.
  Overload 2 of 2, '(props: DefaultComponentProps<GridTypeMap<{}, "div">>): Element | null', gave the following error.
    Type '{ children: Element; item: true; xs: number; md: number; }' is not assignable to type 'IntrinsicAttributes & GridBaseProps & { sx?: SxProps<Theme> | undefined; } & SystemProps<Theme> & Omit<...>'.
      Property 'item' does not exist on type 'IntrinsicAttributes & GridBaseProps & { sx?: SxProps<Theme> | undefined; } & SystemProps<Theme> & Omit<...>'.
    178 |
    179 |             {/* 알림 타입별 분포 */}
  > 180 |             <Grid item xs={12} md={6}>
        |             ^^^^^^^^^^^^^^^^^^^^^^^^^^
    181 |                 <Card>
    182 |                     <CardContent>
    183 |                         <Typography variant="h6" gutterBottom>

ERROR in src/components/Security/SecurityCharts.tsx:201:13
TS2769: No overload matches this call.
  Overload 1 of 2, '(props: { component: ElementType<any, keyof IntrinsicElements>; } & GridBaseProps & { sx?: SxProps<Theme> | undefined; } & SystemProps<...> & Omit<...>): Element | null', gave the following error.
    Property 'component' is missing in type '{ children: Element; item: true; xs: number; }' but required in type '{ component: ElementType<any, keyof IntrinsicElements>; }'.
  Overload 2 of 2, '(props: DefaultComponentProps<GridTypeMap<{}, "div">>): Element | null', gave the following error.
    Type '{ children: Element; item: true; xs: number; }' is not assignable to type 'IntrinsicAttributes & GridBaseProps & { sx?: SxProps<Theme> | undefined; } & SystemProps<Theme> & Omit<...>'.
      Property 'item' does not exist on type 'IntrinsicAttributes & GridBaseProps & { sx?: SxProps<Theme> | undefined; } & SystemProps<Theme> & Omit<...>'.
    199 |
    200 |             {/* 위협 발생 추이 */}
  > 201 |             <Grid item xs={12}>
        |             ^^^^^^^^^^^^^^^^^^^
    202 |                 <Card>
    203 |                     <CardContent>
    204 |                         <Typography variant="h6" gutterBottom>

ERROR in src/components/Security/SecurityCharts.tsx:249:13
TS2769: No overload matches this call.
  Overload 1 of 2, '(props: { component: ElementType<any, keyof IntrinsicElements>; } & GridBaseProps & { sx?: SxProps<Theme> | undefined; } & SystemProps<...> & Omit<...>): Element | null', gave the following error.
    Property 'component' is missing in type '{ children: Element; item: true; xs: number; md: number; }' but required in type '{ component: ElementType<any, keyof IntrinsicElements>; }'.
  Overload 2 of 2, '(props: DefaultComponentProps<GridTypeMap<{}, "div">>): Element | null', gave the following error.
    Type '{ children: Element; item: true; xs: number; md: number; }' is not assignable to type 'IntrinsicAttributes & GridBaseProps & { sx?: SxProps<Theme> | undefined; } & SystemProps<Theme> & Omit<...>'.
      Property 'item' does not exist on type 'IntrinsicAttributes & GridBaseProps & { sx?: SxProps<Theme> | undefined; } & SystemProps<Theme> & Omit<...>'.
    247 |
    248 |             {/* 이벤트 위험 수준 분포 */}
  > 249 |             <Grid item xs={12} md={6}>
        |             ^^^^^^^^^^^^^^^^^^^^^^^^^^
    250 |                 <Card>
    251 |                     <CardContent>
    252 |                         <Typography variant="h6" gutterBottom>

ERROR in src/components/Security/SecurityCharts.tsx:274:17
TS2769: No overload matches this call.
  Overload 1 of 2, '(props: { component: ElementType<any, keyof IntrinsicElements>; } & GridBaseProps & { sx?: SxProps<Theme> | undefined; } & SystemProps<...> & Omit<...>): Element | null', gave the following error.
    Property 'component' is missing in type '{ children: Element; item: true; xs: number; md: number; }' but required in type '{ component: ElementType<any, keyof IntrinsicElements>; }'.
  Overload 2 of 2, '(props: DefaultComponentProps<GridTypeMap<{}, "div">>): Element | null', gave the following error.
    Type '{ children: Element; item: true; xs: number; md: number; }' is not assignable to type 'IntrinsicAttributes & GridBaseProps & { sx?: SxProps<Theme> | undefined; } & SystemProps<Theme> & Omit<...>'.
      Property 'item' does not exist on type 'IntrinsicAttributes & GridBaseProps & { sx?: SxProps<Theme> | undefined; } & SystemProps<Theme> & Omit<...>'.
    272 |             {/* 보안 점수 추이 */}
    273 |             {securityScoreData.length > 0 && (
  > 274 |                 <Grid item xs={12} md={6}>
        |                 ^^^^^^^^^^^^^^^^^^^^^^^^^^
    275 |                     <Card>
    276 |                         <CardContent>
    277 |                             <Typography variant="h6" gutterBottom>

ERROR in src/components/Security/SecurityReportGenerator.tsx:291:31
TS17002: Expected corresponding JSX closing tag for 'Grid'.
    289 |                                     </CardContent>
    290 |                                 </Card>
  > 291 |                             </Grid2>
        |                               ^^^^^
    292 |                         </Grid2>
    293 |
    294 |                         {report.recommendations.length > 0 && (

ERROR in src/components/Security/SecurityReportGenerator.tsx:291:31
TS2552: Cannot find name 'Grid2'. Did you mean 'Grid'?
    289 |                                     </CardContent>
    290 |                                 </Card>
  > 291 |                             </Grid2>
        |                               ^^^^^
    292 |                         </Grid2>
    293 |
    294 |                         {report.recommendations.length > 0 && (

ERROR in src/components/Security/SecurityReportGenerator.tsx:292:27
TS17002: Expected corresponding JSX closing tag for 'Grid'.
    290 |                                 </Card>
    291 |                             </Grid2>
  > 292 |                         </Grid2>
        |                           ^^^^^
    293 |
    294 |                         {report.recommendations.length > 0 && (
    295 |                             <Alert severity="info" sx={{ mt: 2 }}>

ERROR in src/components/Security/SecurityReportGenerator.tsx:292:27
TS2552: Cannot find name 'Grid2'. Did you mean 'Grid'?
    290 |                                 </Card>
    291 |                             </Grid2>
  > 292 |                         </Grid2>
        |                           ^^^^^
    293 |
    294 |                         {report.recommendations.length > 0 && (
    295 |                             <Alert severity="info" sx={{ mt: 2 }}>

ERROR in src/services/aiHealthMonitor.ts:53:14
TS2300: Duplicate identifier 'AIHealthMonitor'.
    51 |
    52 | // AI 시스템 헬스 모니터 클래스
  > 53 | export class AIHealthMonitor extends EventEmitter {
       |              ^^^^^^^^^^^^^^^
    54 |     private services: Map<string, ServiceHealth> = new Map();
    55 |     private thresholds: Map<string, HealthThreshold> = new Map();
    56 |     private healthHistory: Map<string, HealthCheckResult[]> = new Map();

Compiling...
Compiled successfully!
webpack compiled successfully
Files successfully emitted, waiting for typecheck results...
Issues checking in progress...
ERROR in src/components/AnalyticsDashboard.tsx:42:16
TS7009: 'new' expression, whose target lacks a construct signature, implicitly has an 'any' type.
    40 |     } catch {
    41 |         // 최후의 수단
  > 42 |         return new Error(String(err));
       |                ^^^^^^^^^^^^^^^^^^^^^^
    43 |     }
    44 | };
    45 |

ERROR in src/components/AnalyticsDashboard.tsx:42:26
TS2769: No overload matches this call.
  Overload 1 of 2, '(props: { component: ElementType<any, keyof IntrinsicElements>; } & SvgIconOwnProps & CommonProps & Omit<any, "className" | ... 10 more ... | "viewBox">): Element | null', gave the following error.
    Argument of type 'string' is not assignable to parameter of type '{ component: ElementType<any, keyof IntrinsicElements>; } & SvgIconOwnProps & CommonProps & Omit<any, "className" | ... 10 more ... | "viewBox">'.
      Type 'string' is not assignable to type '{ component: ElementType<any, keyof IntrinsicElements>; }'.
  Overload 2 of 2, '(props: DefaultComponentProps<SvgIconTypeMap<{}, "svg">>): Element | null', gave the following error.
    Type 'string' has no properties in common with type 'DefaultComponentProps<SvgIconTypeMap<{}, "svg">>'.
    40 |     } catch {
    41 |         // 최후의 수단
  > 42 |         return new Error(String(err));
       |                          ^^^^^^^^^^^
    43 |     }
    44 | };
    45 |

ERROR in src/components/PWAInstallPrompt.tsx:299:24
TS2322: Type '{ children: Element[]; component: string; sx: { border: "none"; p: number; }; "aria-label": string; }' is not assignable to type 'IntrinsicAttributes & DialogActionsProps'.
  Property 'component' does not exist on type 'IntrinsicAttributes & DialogActionsProps'.
    297 |           </Alert>
    298 |         </DialogContent>
  > 299 |         <DialogActions component="fieldset" sx={{ border: 'none', p: 0 }} aria-label="업데이트 액션">
        |                        ^^^^^^^^^
    300 |           <Button 
    301 |             onClick={() => setShowUpdateDialog(false)}
    302 |             aria-label="업데이트 다이얼로그 닫기"

ERROR in src/components/RealEstate/ApartmentCommunityAnalysisDashboard.tsx:224:21
TS2769: No overload matches this call.
  Overload 1 of 2, '(props: { component: ElementType<any, keyof IntrinsicElements>; } & GridBaseProps & { sx?: SxProps<Theme> | undefined; } & SystemProps<...> & Omit<...>): Element | null', gave the following error.
    Property 'component' is missing in type '{ children: Element; item: true; xs: number; sm: number; md: number; }' but required in type '{ component: ElementType<any, keyof IntrinsicElements>; }'.
  Overload 2 of 2, '(props: DefaultComponentProps<GridTypeMap<{}, "div">>): Element | null', gave the following error.
    Type '{ children: Element; item: true; xs: number; sm: number; md: number; }' is not assignable to type 'IntrinsicAttributes & GridBaseProps & { sx?: SxProps<Theme> | undefined; } & SystemProps<Theme> & Omit<...>'.
      Property 'item' does not exist on type 'IntrinsicAttributes & GridBaseProps & { sx?: SxProps<Theme> | undefined; } & SystemProps<Theme> & Omit<...>'.
    222 |             {analytics && (
    223 |                 <Grid container spacing={3} sx={{ mb: 3 }}>
  > 224 |                     <Grid item xs={12} sm={6} md={3}>
        |                     ^^^^^^^^^^^^^^^^^^^^^^^^^^^^^^^^^
    225 |                         <Card>
    226 |                             <CardContent>
    227 |                                 <Typography color="textSecondary" gutterBottom>

ERROR in src/components/RealEstate/ApartmentCommunityAnalysisDashboard.tsx:237:21
TS2769: No overload matches this call.
  Overload 1 of 2, '(props: { component: ElementType<any, keyof IntrinsicElements>; } & GridBaseProps & { sx?: SxProps<Theme> | undefined; } & SystemProps<...> & Omit<...>): Element | null', gave the following error.
    Property 'component' is missing in type '{ children: Element; item: true; xs: number; sm: number; md: number; }' but required in type '{ component: ElementType<any, keyof IntrinsicElements>; }'.
  Overload 2 of 2, '(props: DefaultComponentProps<GridTypeMap<{}, "div">>): Element | null', gave the following error.
    Type '{ children: Element; item: true; xs: number; sm: number; md: number; }' is not assignable to type 'IntrinsicAttributes & GridBaseProps & { sx?: SxProps<Theme> | undefined; } & SystemProps<Theme> & Omit<...>'.
      Property 'item' does not exist on type 'IntrinsicAttributes & GridBaseProps & { sx?: SxProps<Theme> | undefined; } & SystemProps<Theme> & Omit<...>'.
    235 |                         </Card>
    236 |                     </Grid>
  > 237 |                     <Grid item xs={12} sm={6} md={3}>
        |                     ^^^^^^^^^^^^^^^^^^^^^^^^^^^^^^^^^
    238 |                         <Card>
    239 |                             <CardContent>
    240 |                                 <Typography color="textSecondary" gutterBottom>

ERROR in src/components/RealEstate/ApartmentCommunityAnalysisDashboard.tsx:247:21
TS2769: No overload matches this call.
  Overload 1 of 2, '(props: { component: ElementType<any, keyof IntrinsicElements>; } & GridBaseProps & { sx?: SxProps<Theme> | undefined; } & SystemProps<...> & Omit<...>): Element | null', gave the following error.
    Property 'component' is missing in type '{ children: Element; item: true; xs: number; sm: number; md: number; }' but required in type '{ component: ElementType<any, keyof IntrinsicElements>; }'.
  Overload 2 of 2, '(props: DefaultComponentProps<GridTypeMap<{}, "div">>): Element | null', gave the following error.
    Type '{ children: Element; item: true; xs: number; sm: number; md: number; }' is not assignable to type 'IntrinsicAttributes & GridBaseProps & { sx?: SxProps<Theme> | undefined; } & SystemProps<Theme> & Omit<...>'.
      Property 'item' does not exist on type 'IntrinsicAttributes & GridBaseProps & { sx?: SxProps<Theme> | undefined; } & SystemProps<Theme> & Omit<...>'.
    245 |                         </Card>
    246 |                     </Grid>
  > 247 |                     <Grid item xs={12} sm={6} md={3}>
        |                     ^^^^^^^^^^^^^^^^^^^^^^^^^^^^^^^^^
    248 |                         <Card>
    249 |                             <CardContent>
    250 |                                 <Typography color="textSecondary" gutterBottom>

ERROR in src/components/RealEstate/ApartmentCommunityAnalysisDashboard.tsx:259:21
TS2769: No overload matches this call.
  Overload 1 of 2, '(props: { component: ElementType<any, keyof IntrinsicElements>; } & GridBaseProps & { sx?: SxProps<Theme> | undefined; } & SystemProps<...> & Omit<...>): Element | null', gave the following error.
    Property 'component' is missing in type '{ children: Element; item: true; xs: number; sm: number; md: number; }' but required in type '{ component: ElementType<any, keyof IntrinsicElements>; }'.
  Overload 2 of 2, '(props: DefaultComponentProps<GridTypeMap<{}, "div">>): Element | null', gave the following error.
    Type '{ children: Element; item: true; xs: number; sm: number; md: number; }' is not assignable to type 'IntrinsicAttributes & GridBaseProps & { sx?: SxProps<Theme> | undefined; } & SystemProps<Theme> & Omit<...>'.
      Property 'item' does not exist on type 'IntrinsicAttributes & GridBaseProps & { sx?: SxProps<Theme> | undefined; } & SystemProps<Theme> & Omit<...>'.
    257 |                         </Card>
    258 |                     </Grid>
  > 259 |                     <Grid item xs={12} sm={6} md={3}>
        |                     ^^^^^^^^^^^^^^^^^^^^^^^^^^^^^^^^^
    260 |                         <Card>
    261 |                             <CardContent>
    262 |                                 <Typography color="textSecondary" gutterBottom>

ERROR in src/components/RealEstate/ApartmentCommunityAnalysisDashboard.tsx:473:25
TS2769: No overload matches this call.
  Overload 1 of 2, '(props: { component: ElementType<any, keyof IntrinsicElements>; } & GridBaseProps & { sx?: SxProps<Theme> | undefined; } & SystemProps<...> & Omit<...>): Element | null', gave the following error.
    Property 'component' is missing in type '{ children: Element; item: true; xs: number; md: number; }' but required in type '{ component: ElementType<any, keyof IntrinsicElements>; }'.
  Overload 2 of 2, '(props: DefaultComponentProps<GridTypeMap<{}, "div">>): Element | null', gave the following error.
    Type '{ children: Element; item: true; xs: number; md: number; }' is not assignable to type 'IntrinsicAttributes & GridBaseProps & { sx?: SxProps<Theme> | undefined; } & SystemProps<Theme> & Omit<...>'.
      Property 'item' does not exist on type 'IntrinsicAttributes & GridBaseProps & { sx?: SxProps<Theme> | undefined; } & SystemProps<Theme> & Omit<...>'.
    471 |                 {analytics ? (
    472 |                     <Grid container spacing={3}>
  > 473 |                         <Grid item xs={12} md={6}>
        |                         ^^^^^^^^^^^^^^^^^^^^^^^^^^
    474 |                             <Card>
    475 |                                 <CardContent>
    476 |                                     <Typography variant="h6" gutterBottom>

ERROR in src/components/RealEstate/ApartmentCommunityAnalysisDashboard.tsx:505:25
TS2769: No overload matches this call.
  Overload 1 of 2, '(props: { component: ElementType<any, keyof IntrinsicElements>; } & GridBaseProps & { sx?: SxProps<Theme> | undefined; } & SystemProps<...> & Omit<...>): Element | null', gave the following error.
    Property 'component' is missing in type '{ children: Element; item: true; xs: number; md: number; }' but required in type '{ component: ElementType<any, keyof IntrinsicElements>; }'.
  Overload 2 of 2, '(props: DefaultComponentProps<GridTypeMap<{}, "div">>): Element | null', gave the following error.
    Type '{ children: Element; item: true; xs: number; md: number; }' is not assignable to type 'IntrinsicAttributes & GridBaseProps & { sx?: SxProps<Theme> | undefined; } & SystemProps<Theme> & Omit<...>'.
      Property 'item' does not exist on type 'IntrinsicAttributes & GridBaseProps & { sx?: SxProps<Theme> | undefined; } & SystemProps<Theme> & Omit<...>'.
    503 |                             </Card>
    504 |                         </Grid>
  > 505 |                         <Grid item xs={12} md={6}>
        |                         ^^^^^^^^^^^^^^^^^^^^^^^^^^
    506 |                             <Card>
    507 |                                 <CardContent>
    508 |                                     <Typography variant="h6" gutterBottom>

ERROR in src/components/RealEstate/ApartmentCommunityAnalysisDashboard.tsx:524:25
TS2769: No overload matches this call.
  Overload 1 of 2, '(props: { component: ElementType<any, keyof IntrinsicElements>; } & GridBaseProps & { sx?: SxProps<Theme> | undefined; } & SystemProps<...> & Omit<...>): Element | null', gave the following error.
    Property 'component' is missing in type '{ children: Element; item: true; xs: number; }' but required in type '{ component: ElementType<any, keyof IntrinsicElements>; }'.
  Overload 2 of 2, '(props: DefaultComponentProps<GridTypeMap<{}, "div">>): Element | null', gave the following error.
    Type '{ children: Element; item: true; xs: number; }' is not assignable to type 'IntrinsicAttributes & GridBaseProps & { sx?: SxProps<Theme> | undefined; } & SystemProps<Theme> & Omit<...>'.
      Property 'item' does not exist on type 'IntrinsicAttributes & GridBaseProps & { sx?: SxProps<Theme> | undefined; } & SystemProps<Theme> & Omit<...>'.
    522 |                             </Card>
    523 |                         </Grid>
  > 524 |                         <Grid item xs={12}>
        |                         ^^^^^^^^^^^^^^^^^^^
    525 |                             <Card>
    526 |                                 <CardContent>
    527 |                                     <Typography variant="h6" gutterBottom>

ERROR in src/components/RealEstate/ConstructionCompanyDashboard.tsx:327:25
TS2769: No overload matches this call.
  Overload 1 of 2, '(props: { component: ElementType<any, keyof IntrinsicElements>; } & GridBaseProps & { sx?: SxProps<Theme> | undefined; } & SystemProps<...> & Omit<...>): Element | null', gave the following error.
    Property 'component' is missing in type '{ children: Element; item: true; xs: number; md: number; key: string; }' but required in type '{ component: ElementType<any, keyof IntrinsicElements>; }'.
  Overload 2 of 2, '(props: DefaultComponentProps<GridTypeMap<{}, "div">>): Element | null', gave the following error.
    Type '{ children: Element; item: true; xs: number; md: number; key: string; }' is not assignable to type 'IntrinsicAttributes & GridBaseProps & { sx?: SxProps<Theme> | undefined; } & SystemProps<Theme> & Omit<...>'.
      Property 'item' does not exist on type 'IntrinsicAttributes & GridBaseProps & { sx?: SxProps<Theme> | undefined; } & SystemProps<Theme> & Omit<...>'.
    325 |                 <Grid container spacing={3}>
    326 |                     {companies.map((company) => (
  > 327 |                         <Grid item xs={12} md={6} key={company.id}>
        |                         ^^^^^^^^^^^^^^^^^^^^^^^^^^^^^^^^^^^^^^^^^^^
    328 |                             <Card>
    329 |                                 <CardContent>
    330 |                                     <Box sx={{ display: 'flex', justifyContent: 'space-between', mb: 2 }}>

ERROR in src/components/RealEstate/ConstructionCompanyDashboard.tsx:348:41
TS2769: No overload matches this call.
  Overload 1 of 2, '(props: { component: ElementType<any, keyof IntrinsicElements>; } & GridBaseProps & { sx?: SxProps<Theme> | undefined; } & SystemProps<...> & Omit<...>): Element | null', gave the following error.
    Property 'component' is missing in type '{ children: Element[]; item: true; xs: number; }' but required in type '{ component: ElementType<any, keyof IntrinsicElements>; }'.
  Overload 2 of 2, '(props: DefaultComponentProps<GridTypeMap<{}, "div">>): Element | null', gave the following error.
    Type '{ children: Element[]; item: true; xs: number; }' is not assignable to type 'IntrinsicAttributes & GridBaseProps & { sx?: SxProps<Theme> | undefined; } & SystemProps<Theme> & Omit<...>'.
      Property 'item' does not exist on type 'IntrinsicAttributes & GridBaseProps & { sx?: SxProps<Theme> | undefined; } & SystemProps<Theme> & Omit<...>'.
    346 |                                     </Box>
    347 |                                     <Grid container spacing={2}>
  > 348 |                                         <Grid item xs={6}>
        |                                         ^^^^^^^^^^^^^^^^^^
    349 |                                             <Typography variant="body2" color="text.secondary">
    350 |                                                 총 프로젝트
    351 |                                             </Typography>

ERROR in src/components/RealEstate/ConstructionCompanyDashboard.tsx:354:41
TS2769: No overload matches this call.
  Overload 1 of 2, '(props: { component: ElementType<any, keyof IntrinsicElements>; } & GridBaseProps & { sx?: SxProps<Theme> | undefined; } & SystemProps<...> & Omit<...>): Element | null', gave the following error.
    Property 'component' is missing in type '{ children: Element[]; item: true; xs: number; }' but required in type '{ component: ElementType<any, keyof IntrinsicElements>; }'.
  Overload 2 of 2, '(props: DefaultComponentProps<GridTypeMap<{}, "div">>): Element | null', gave the following error.
    Type '{ children: Element[]; item: true; xs: number; }' is not assignable to type 'IntrinsicAttributes & GridBaseProps & { sx?: SxProps<Theme> | undefined; } & SystemProps<Theme> & Omit<...>'.
      Property 'item' does not exist on type 'IntrinsicAttributes & GridBaseProps & { sx?: SxProps<Theme> | undefined; } & SystemProps<Theme> & Omit<...>'.
    352 |                                             <Typography variant="h6">{company.total_projects}</Typography>
    353 |                                         </Grid>
  > 354 |                                         <Grid item xs={6}>
        |                                         ^^^^^^^^^^^^^^^^^^
    355 |                                             <Typography variant="body2" color="text.secondary">
    356 |                                                 완료 프로젝트
    357 |                                             </Typography>

ERROR in src/components/RealEstate/ConstructionCompanyDashboard.tsx:362:41
TS2769: No overload matches this call.
  Overload 1 of 2, '(props: { component: ElementType<any, keyof IntrinsicElements>; } & GridBaseProps & { sx?: SxProps<Theme> | undefined; } & SystemProps<...> & Omit<...>): Element | null', gave the following error.
    Property 'component' is missing in type '{ children: Element[]; item: true; xs: number; }' but required in type '{ component: ElementType<any, keyof IntrinsicElements>; }'.
  Overload 2 of 2, '(props: DefaultComponentProps<GridTypeMap<{}, "div">>): Element | null', gave the following error.
    Type '{ children: Element[]; item: true; xs: number; }' is not assignable to type 'IntrinsicAttributes & GridBaseProps & { sx?: SxProps<Theme> | undefined; } & SystemProps<Theme> & Omit<...>'.
      Property 'item' does not exist on type 'IntrinsicAttributes & GridBaseProps & { sx?: SxProps<Theme> | undefined; } & SystemProps<Theme> & Omit<...>'.
    360 |                                             </Typography>
    361 |                                         </Grid>
  > 362 |                                         <Grid item xs={6}>
        |                                         ^^^^^^^^^^^^^^^^^^
    363 |                                             <Typography variant="body2" color="text.secondary">
    364 |                                                 평판 점수
    365 |                                             </Typography>

ERROR in src/components/RealEstate/ConstructionCompanyDashboard.tsx:368:41
TS2769: No overload matches this call.
  Overload 1 of 2, '(props: { component: ElementType<any, keyof IntrinsicElements>; } & GridBaseProps & { sx?: SxProps<Theme> | undefined; } & SystemProps<...> & Omit<...>): Element | null', gave the following error.
    Property 'component' is missing in type '{ children: Element[]; item: true; xs: number; }' but required in type '{ component: ElementType<any, keyof IntrinsicElements>; }'.
  Overload 2 of 2, '(props: DefaultComponentProps<GridTypeMap<{}, "div">>): Element | null', gave the following error.
    Type '{ children: Element[]; item: true; xs: number; }' is not assignable to type 'IntrinsicAttributes & GridBaseProps & { sx?: SxProps<Theme> | undefined; } & SystemProps<Theme> & Omit<...>'.
      Property 'item' does not exist on type 'IntrinsicAttributes & GridBaseProps & { sx?: SxProps<Theme> | undefined; } & SystemProps<Theme> & Omit<...>'.
    366 |                                             <Typography variant="h6">{company.reputation_score.toFixed(1)}</Typography>
    367 |                                         </Grid>
  > 368 |                                         <Grid item xs={6}>
        |                                         ^^^^^^^^^^^^^^^^^^
    369 |                                             <Typography variant="body2" color="text.secondary">
    370 |                                                 품질 점수
    371 |                                             </Typography>

ERROR in src/components/RealEstate/ConstructionCompanyDashboard.tsx:603:29
TS2769: No overload matches this call.
  Overload 1 of 2, '(props: { component: ElementType<any, keyof IntrinsicElements>; } & GridBaseProps & { sx?: SxProps<Theme> | undefined; } & SystemProps<...> & Omit<...>): Element | null', gave the following error.
    Property 'component' is missing in type '{ children: Element; item: true; xs: number; md: number; key: string; }' but required in type '{ component: ElementType<any, keyof IntrinsicElements>; }'.
  Overload 2 of 2, '(props: DefaultComponentProps<GridTypeMap<{}, "div">>): Element | null', gave the following error.
    Type '{ children: Element; item: true; xs: number; md: number; key: string; }' is not assignable to type 'IntrinsicAttributes & GridBaseProps & { sx?: SxProps<Theme> | undefined; } & SystemProps<Theme> & Omit<...>'.
      Property 'item' does not exist on type 'IntrinsicAttributes & GridBaseProps & { sx?: SxProps<Theme> | undefined; } & SystemProps<Theme> & Omit<...>'.
    601 |                     <Grid container spacing={3}>
    602 |                         {selectionAnalyses.map((analysis) => (
  > 603 |                             <Grid item xs={12} md={6} key={analysis.company_id}>
        |                             ^^^^^^^^^^^^^^^^^^^^^^^^^^^^^^^^^^^^^^^^^^^^^^^^^^^^
    604 |                                 <Card>
    605 |                                     <CardContent>
    606 |                                         <Typography variant="h6" gutterBottom>

ERROR in src/components/Security/AdvancedSecurityPanel.tsx:397:21
TS2769: No overload matches this call.
  Overload 1 of 2, '(props: { component: ElementType<any, keyof IntrinsicElements>; } & GridBaseProps & { sx?: SxProps<Theme> | undefined; } & SystemProps<...> & Omit<...>): Element | null', gave the following error.
    Property 'component' is missing in type '{ children: Element; item: true; xs: number; md: number; }' but required in type '{ component: ElementType<any, keyof IntrinsicElements>; }'.
  Overload 2 of 2, '(props: DefaultComponentProps<GridTypeMap<{}, "div">>): Element | null', gave the following error.
    Type '{ children: Element; item: true; xs: number; md: number; }' is not assignable to type 'IntrinsicAttributes & GridBaseProps & { sx?: SxProps<Theme> | undefined; } & SystemProps<Theme> & Omit<...>'.
      Property 'item' does not exist on type 'IntrinsicAttributes & GridBaseProps & { sx?: SxProps<Theme> | undefined; } & SystemProps<Theme> & Omit<...>'.
    395 |             {securityStatus && (
    396 |                 <Grid container spacing={3} sx={{ mb: 3 }}>
  > 397 |                     <Grid item xs={12} md={3}>
        |                     ^^^^^^^^^^^^^^^^^^^^^^^^^^
    398 |                         <Card role="region" aria-label="보안 점수">
    399 |                             <CardContent>
    400 |                                 <Typography color="textSecondary" gutterBottom>

ERROR in src/components/Security/AdvancedSecurityPanel.tsx:415:21
TS2769: No overload matches this call.
  Overload 1 of 2, '(props: { component: ElementType<any, keyof IntrinsicElements>; } & GridBaseProps & { sx?: SxProps<Theme> | undefined; } & SystemProps<...> & Omit<...>): Element | null', gave the following error.
    Property 'component' is missing in type '{ children: Element; item: true; xs: number; md: number; }' but required in type '{ component: ElementType<any, keyof IntrinsicElements>; }'.
  Overload 2 of 2, '(props: DefaultComponentProps<GridTypeMap<{}, "div">>): Element | null', gave the following error.
    Type '{ children: Element; item: true; xs: number; md: number; }' is not assignable to type 'IntrinsicAttributes & GridBaseProps & { sx?: SxProps<Theme> | undefined; } & SystemProps<Theme> & Omit<...>'.
      Property 'item' does not exist on type 'IntrinsicAttributes & GridBaseProps & { sx?: SxProps<Theme> | undefined; } & SystemProps<Theme> & Omit<...>'.
    413 |                         </Card>
    414 |                     </Grid>
  > 415 |                     <Grid item xs={12} md={3}>
        |                     ^^^^^^^^^^^^^^^^^^^^^^^^^^
    416 |                         <Card role="region" aria-label="활성 위협">
    417 |                             <CardContent>
    418 |                                 <Typography color="textSecondary" gutterBottom>

ERROR in src/components/Security/AdvancedSecurityPanel.tsx:438:21
TS2769: No overload matches this call.
  Overload 1 of 2, '(props: { component: ElementType<any, keyof IntrinsicElements>; } & GridBaseProps & { sx?: SxProps<Theme> | undefined; } & SystemProps<...> & Omit<...>): Element | null', gave the following error.
    Property 'component' is missing in type '{ children: Element; item: true; xs: number; md: number; }' but required in type '{ component: ElementType<any, keyof IntrinsicElements>; }'.
  Overload 2 of 2, '(props: DefaultComponentProps<GridTypeMap<{}, "div">>): Element | null', gave the following error.
    Type '{ children: Element; item: true; xs: number; md: number; }' is not assignable to type 'IntrinsicAttributes & GridBaseProps & { sx?: SxProps<Theme> | undefined; } & SystemProps<Theme> & Omit<...>'.
      Property 'item' does not exist on type 'IntrinsicAttributes & GridBaseProps & { sx?: SxProps<Theme> | undefined; } & SystemProps<Theme> & Omit<...>'.
    436 |                         </Card>
    437 |                     </Grid>
  > 438 |                     <Grid item xs={12} md={3}>
        |                     ^^^^^^^^^^^^^^^^^^^^^^^^^^
    439 |                         <Card role="region" aria-label="고위험 이벤트">
    440 |                             <CardContent>
    441 |                                 <Typography color="textSecondary" gutterBottom>

ERROR in src/components/Security/AdvancedSecurityPanel.tsx:453:21
TS2769: No overload matches this call.
  Overload 1 of 2, '(props: { component: ElementType<any, keyof IntrinsicElements>; } & GridBaseProps & { sx?: SxProps<Theme> | undefined; } & SystemProps<...> & Omit<...>): Element | null', gave the following error.
    Property 'component' is missing in type '{ children: Element; item: true; xs: number; md: number; }' but required in type '{ component: ElementType<any, keyof IntrinsicElements>; }'.
  Overload 2 of 2, '(props: DefaultComponentProps<GridTypeMap<{}, "div">>): Element | null', gave the following error.
    Type '{ children: Element; item: true; xs: number; md: number; }' is not assignable to type 'IntrinsicAttributes & GridBaseProps & { sx?: SxProps<Theme> | undefined; } & SystemProps<Theme> & Omit<...>'.
      Property 'item' does not exist on type 'IntrinsicAttributes & GridBaseProps & { sx?: SxProps<Theme> | undefined; } & SystemProps<Theme> & Omit<...>'.
    451 |                         </Card>
    452 |                     </Grid>
  > 453 |                     <Grid item xs={12} md={3}>
        |                     ^^^^^^^^^^^^^^^^^^^^^^^^^^
    454 |                         <Card role="region" aria-label="암호화 키">
    455 |                             <CardContent>
    456 |                                 <Typography color="textSecondary" gutterBottom>

ERROR in src/components/Security/AdvancedSecurityPanel.tsx:789:53
TS2367: This comparison appears to be unintentional because the types '"disabled" | "enabled"' and '""' have no overlap.
    787 |                                 value={policyFilter.enabled === undefined ? '' : policyFilter.enabled ? 'enabled' : 'disabled'}
    788 |                                 onChange={(e) => {
  > 789 |                                     const enabled = e.target.value === '' ? undefined : e.target.value === 'enabled';
        |                                                     ^^^^^^^^^^^^^^^^^^^^^
    790 |                                     handlePolicyFilterChange(policyFilter.type, enabled, policyFilter.search);
    791 |                                 }}
    792 |                                 label="상태"

ERROR in src/components/Security/AdvancedSecurityPanel.tsx:824:29
TS2769: No overload matches this call.
  Overload 1 of 2, '(props: { component: ElementType<any, keyof IntrinsicElements>; } & GridBaseProps & { sx?: SxProps<Theme> | undefined; } & SystemProps<...> & Omit<...>): Element | null', gave the following error.
    Property 'component' is missing in type '{ children: Element; item: true; xs: number; md: number; key: string; }' but required in type '{ component: ElementType<any, keyof IntrinsicElements>; }'.
  Overload 2 of 2, '(props: DefaultComponentProps<GridTypeMap<{}, "div">>): Element | null', gave the following error.
    Type '{ children: Element; item: true; xs: number; md: number; key: string; }' is not assignable to type 'IntrinsicAttributes & GridBaseProps & { sx?: SxProps<Theme> | undefined; } & SystemProps<Theme> & Omit<...>'.
      Property 'item' does not exist on type 'IntrinsicAttributes & GridBaseProps & { sx?: SxProps<Theme> | undefined; } & SystemProps<Theme> & Omit<...>'.
    822 |                     <Grid container spacing={2}>
    823 |                         {filteredPolicies.map((policy) => (
  > 824 |                             <Grid item xs={12} md={6} key={policy.id}>
        |                             ^^^^^^^^^^^^^^^^^^^^^^^^^^^^^^^^^^^^^^^^^^
    825 |                                 <Card>
    826 |                                     <CardContent>
    827 |                                         <Box sx={{ display: 'flex', justifyContent: 'space-between', mb: 1 }}>

ERROR in src/components/Security/SecurityAnalyticsPanel.tsx:105:25
TS2769: No overload matches this call.
  Overload 1 of 2, '(props: { component: ElementType<any, keyof IntrinsicElements>; } & GridBaseProps & { sx?: SxProps<Theme> | undefined; } & SystemProps<...> & Omit<...>): Element | null', gave the following error.
    Property 'component' is missing in type '{ children: Element; item: true; xs: number; sm: number; }' but required in type '{ component: ElementType<any, keyof IntrinsicElements>; }'.
  Overload 2 of 2, '(props: DefaultComponentProps<GridTypeMap<{}, "div">>): Element | null', gave the following error.
    Type '{ children: Element; item: true; xs: number; sm: number; }' is not assignable to type 'IntrinsicAttributes & GridBaseProps & { sx?: SxProps<Theme> | undefined; } & SystemProps<Theme> & Omit<...>'.
      Property 'item' does not exist on type 'IntrinsicAttributes & GridBaseProps & { sx?: SxProps<Theme> | undefined; } & SystemProps<Theme> & Omit<...>'.
    103 |                 <CardContent>
    104 |                     <Grid container spacing={2} alignItems="center">
  > 105 |                         <Grid item xs={12} sm={4}>
        |                         ^^^^^^^^^^^^^^^^^^^^^^^^^^
    106 |                             <Box>
    107 |                                 <Typography variant="body2" sx={{ mb: 1 }}>
    108 |                                     시작 날짜

ERROR in src/components/Security/SecurityAnalyticsPanel.tsx:125:25
TS2769: No overload matches this call.
  Overload 1 of 2, '(props: { component: ElementType<any, keyof IntrinsicElements>; } & GridBaseProps & { sx?: SxProps<Theme> | undefined; } & SystemProps<...> & Omit<...>): Element | null', gave the following error.
    Property 'component' is missing in type '{ children: Element; item: true; xs: number; sm: number; }' but required in type '{ component: ElementType<any, keyof IntrinsicElements>; }'.
  Overload 2 of 2, '(props: DefaultComponentProps<GridTypeMap<{}, "div">>): Element | null', gave the following error.
    Type '{ children: Element; item: true; xs: number; sm: number; }' is not assignable to type 'IntrinsicAttributes & GridBaseProps & { sx?: SxProps<Theme> | undefined; } & SystemProps<Theme> & Omit<...>'.
      Property 'item' does not exist on type 'IntrinsicAttributes & GridBaseProps & { sx?: SxProps<Theme> | undefined; } & SystemProps<Theme> & Omit<...>'.
    123 |                             </Box>
    124 |                         </Grid>
  > 125 |                         <Grid item xs={12} sm={4}>
        |                         ^^^^^^^^^^^^^^^^^^^^^^^^^^
    126 |                             <Box>
    127 |                                 <Typography variant="body2" sx={{ mb: 1 }}>
    128 |                                     종료 날짜

ERROR in src/components/Security/SecurityAnalyticsPanel.tsx:145:25
TS2769: No overload matches this call.
  Overload 1 of 2, '(props: { component: ElementType<any, keyof IntrinsicElements>; } & GridBaseProps & { sx?: SxProps<Theme> | undefined; } & SystemProps<...> & Omit<...>): Element | null', gave the following error.
    Property 'component' is missing in type '{ children: Element; item: true; xs: number; sm: number; }' but required in type '{ component: ElementType<any, keyof IntrinsicElements>; }'.
  Overload 2 of 2, '(props: DefaultComponentProps<GridTypeMap<{}, "div">>): Element | null', gave the following error.
    Type '{ children: Element; item: true; xs: number; sm: number; }' is not assignable to type 'IntrinsicAttributes & GridBaseProps & { sx?: SxProps<Theme> | undefined; } & SystemProps<Theme> & Omit<...>'.
      Property 'item' does not exist on type 'IntrinsicAttributes & GridBaseProps & { sx?: SxProps<Theme> | undefined; } & SystemProps<Theme> & Omit<...>'.
    143 |                             </Box>
    144 |                         </Grid>
  > 145 |                         <Grid item xs={12} sm={4}>
        |                         ^^^^^^^^^^^^^^^^^^^^^^^^^^
    146 |                             <Button
    147 |                                 variant="contained"
    148 |                                 fullWidth

ERROR in src/components/Security/SecurityAnalyticsPanel.tsx:180:17
TS2769: No overload matches this call.
  Overload 1 of 2, '(props: { component: ElementType<any, keyof IntrinsicElements>; } & GridBaseProps & { sx?: SxProps<Theme> | undefined; } & SystemProps<...> & Omit<...>): Element | null', gave the following error.
    Property 'component' is missing in type '{ children: Element; item: true; xs: number; md: number; }' but required in type '{ component: ElementType<any, keyof IntrinsicElements>; }'.
  Overload 2 of 2, '(props: DefaultComponentProps<GridTypeMap<{}, "div">>): Element | null', gave the following error.
    Type '{ children: Element; item: true; xs: number; md: number; }' is not assignable to type 'IntrinsicAttributes & GridBaseProps & { sx?: SxProps<Theme> | undefined; } & SystemProps<Theme> & Omit<...>'.
      Property 'item' does not exist on type 'IntrinsicAttributes & GridBaseProps & { sx?: SxProps<Theme> | undefined; } & SystemProps<Theme> & Omit<...>'.
    178 |             {/* 위협 통계 */}
    179 |             <Grid container spacing={3} sx={{ mb: 3 }}>
  > 180 |                 <Grid item xs={12} md={6}>
        |                 ^^^^^^^^^^^^^^^^^^^^^^^^^^
    181 |                     <Card>
    182 |                         <CardContent>
    183 |                             <Typography variant="h6" gutterBottom>

ERROR in src/components/Security/SecurityAnalyticsPanel.tsx:204:17
TS2769: No overload matches this call.
  Overload 1 of 2, '(props: { component: ElementType<any, keyof IntrinsicElements>; } & GridBaseProps & { sx?: SxProps<Theme> | undefined; } & SystemProps<...> & Omit<...>): Element | null', gave the following error.
    Property 'component' is missing in type '{ children: Element; item: true; xs: number; md: number; }' but required in type '{ component: ElementType<any, keyof IntrinsicElements>; }'.
  Overload 2 of 2, '(props: DefaultComponentProps<GridTypeMap<{}, "div">>): Element | null', gave the following error.
    Type '{ children: Element; item: true; xs: number; md: number; }' is not assignable to type 'IntrinsicAttributes & GridBaseProps & { sx?: SxProps<Theme> | undefined; } & SystemProps<Theme> & Omit<...>'.
      Property 'item' does not exist on type 'IntrinsicAttributes & GridBaseProps & { sx?: SxProps<Theme> | undefined; } & SystemProps<Theme> & Omit<...>'.
    202 |                 </Grid>
    203 |
  > 204 |                 <Grid item xs={12} md={6}>
        |                 ^^^^^^^^^^^^^^^^^^^^^^^^^^
    205 |                     <Card>
    206 |                         <CardContent>
    207 |                             <Typography variant="h6" gutterBottom>

ERROR in src/components/Security/SecurityAnalyticsPanel.tsx:262:17
TS2769: No overload matches this call.
  Overload 1 of 2, '(props: { component: ElementType<any, keyof IntrinsicElements>; } & GridBaseProps & { sx?: SxProps<Theme> | undefined; } & SystemProps<...> & Omit<...>): Element | null', gave the following error.
    Property 'component' is missing in type '{ children: Element; item: true; xs: number; md: number; }' but required in type '{ component: ElementType<any, keyof IntrinsicElements>; }'.
  Overload 2 of 2, '(props: DefaultComponentProps<GridTypeMap<{}, "div">>): Element | null', gave the following error.
    Type '{ children: Element; item: true; xs: number; md: number; }' is not assignable to type 'IntrinsicAttributes & GridBaseProps & { sx?: SxProps<Theme> | undefined; } & SystemProps<Theme> & Omit<...>'.
      Property 'item' does not exist on type 'IntrinsicAttributes & GridBaseProps & { sx?: SxProps<Theme> | undefined; } & SystemProps<Theme> & Omit<...>'.
    260 |             {/* 이벤트 통계 */}
    261 |             <Grid container spacing={3} sx={{ mb: 3 }}>
  > 262 |                 <Grid item xs={12} md={6}>
        |                 ^^^^^^^^^^^^^^^^^^^^^^^^^^
    263 |                     <Card>
    264 |                         <CardContent>
    265 |                             <Typography variant="h6" gutterBottom>

ERROR in src/components/Security/SecurityAnalyticsPanel.tsx:286:17
TS2769: No overload matches this call.
  Overload 1 of 2, '(props: { component: ElementType<any, keyof IntrinsicElements>; } & GridBaseProps & { sx?: SxProps<Theme> | undefined; } & SystemProps<...> & Omit<...>): Element | null', gave the following error.
    Property 'component' is missing in type '{ children: Element; item: true; xs: number; md: number; }' but required in type '{ component: ElementType<any, keyof IntrinsicElements>; }'.
  Overload 2 of 2, '(props: DefaultComponentProps<GridTypeMap<{}, "div">>): Element | null', gave the following error.
    Type '{ children: Element; item: true; xs: number; md: number; }' is not assignable to type 'IntrinsicAttributes & GridBaseProps & { sx?: SxProps<Theme> | undefined; } & SystemProps<Theme> & Omit<...>'.
      Property 'item' does not exist on type 'IntrinsicAttributes & GridBaseProps & { sx?: SxProps<Theme> | undefined; } & SystemProps<Theme> & Omit<...>'.
    284 |                 </Grid>
    285 |
  > 286 |                 <Grid item xs={12} md={6}>
        |                 ^^^^^^^^^^^^^^^^^^^^^^^^^^
    287 |                     <Card>
    288 |                         <CardContent>
    289 |                             <Typography variant="h6" gutterBottom>

ERROR in src/components/Security/SecurityAnalyticsPanel.tsx:320:25
TS2769: No overload matches this call.
  Overload 1 of 2, '(props: { component: ElementType<any, keyof IntrinsicElements>; } & GridBaseProps & { sx?: SxProps<Theme> | undefined; } & SystemProps<...> & Omit<...>): Element | null', gave the following error.
    Property 'component' is missing in type '{ children: Element[]; item: true; xs: number; sm: number; }' but required in type '{ component: ElementType<any, keyof IntrinsicElements>; }'.
  Overload 2 of 2, '(props: DefaultComponentProps<GridTypeMap<{}, "div">>): Element | null', gave the following error.
    Type '{ children: Element[]; item: true; xs: number; sm: number; }' is not assignable to type 'IntrinsicAttributes & GridBaseProps & { sx?: SxProps<Theme> | undefined; } & SystemProps<Theme> & Omit<...>'.
      Property 'item' does not exist on type 'IntrinsicAttributes & GridBaseProps & { sx?: SxProps<Theme> | undefined; } & SystemProps<Theme> & Omit<...>'.
    318 |                     </Typography>
    319 |                     <Grid container spacing={2}>
  > 320 |                         <Grid item xs={12} sm={4}>
        |                         ^^^^^^^^^^^^^^^^^^^^^^^^^^
    321 |                             <Typography variant="body2" color="text.secondary">
    322 |                                 총 알림 수
    323 |                             </Typography>

ERROR in src/components/Security/SecurityAnalyticsPanel.tsx:326:25
TS2769: No overload matches this call.
  Overload 1 of 2, '(props: { component: ElementType<any, keyof IntrinsicElements>; } & GridBaseProps & { sx?: SxProps<Theme> | undefined; } & SystemProps<...> & Omit<...>): Element | null', gave the following error.
    Property 'component' is missing in type '{ children: Element[]; item: true; xs: number; sm: number; }' but required in type '{ component: ElementType<any, keyof IntrinsicElements>; }'.
  Overload 2 of 2, '(props: DefaultComponentProps<GridTypeMap<{}, "div">>): Element | null', gave the following error.
    Type '{ children: Element[]; item: true; xs: number; sm: number; }' is not assignable to type 'IntrinsicAttributes & GridBaseProps & { sx?: SxProps<Theme> | undefined; } & SystemProps<Theme> & Omit<...>'.
      Property 'item' does not exist on type 'IntrinsicAttributes & GridBaseProps & { sx?: SxProps<Theme> | undefined; } & SystemProps<Theme> & Omit<...>'.
    324 |                             <Typography variant="h4">{statistics.alerts.total}</Typography>
    325 |                         </Grid>
  > 326 |                         <Grid item xs={12} sm={4}>
        |                         ^^^^^^^^^^^^^^^^^^^^^^^^^^
    327 |                             <Typography variant="body2" color="text.secondary">
    328 |                                 미확인 알림
    329 |                             </Typography>

ERROR in src/components/Security/SecurityAnalyticsPanel.tsx:334:25
TS2769: No overload matches this call.
  Overload 1 of 2, '(props: { component: ElementType<any, keyof IntrinsicElements>; } & GridBaseProps & { sx?: SxProps<Theme> | undefined; } & SystemProps<...> & Omit<...>): Element | null', gave the following error.
    Property 'component' is missing in type '{ children: Element[]; item: true; xs: number; sm: number; }' but required in type '{ component: ElementType<any, keyof IntrinsicElements>; }'.
  Overload 2 of 2, '(props: DefaultComponentProps<GridTypeMap<{}, "div">>): Element | null', gave the following error.
    Type '{ children: Element[]; item: true; xs: number; sm: number; }' is not assignable to type 'IntrinsicAttributes & GridBaseProps & { sx?: SxProps<Theme> | undefined; } & SystemProps<Theme> & Omit<...>'.
      Property 'item' does not exist on type 'IntrinsicAttributes & GridBaseProps & { sx?: SxProps<Theme> | undefined; } & SystemProps<Theme> & Omit<...>'.
    332 |                             </Typography>
    333 |                         </Grid>
  > 334 |                         <Grid item xs={12} sm={4}>
        |                         ^^^^^^^^^^^^^^^^^^^^^^^^^^
    335 |                             <Typography variant="body2" color="text.secondary">
    336 |                                 심각도별 분포
    337 |                             </Typography>

ERROR in src/components/Security/SecurityAnalyticsPanel.tsx:365:21
TS2769: No overload matches this call.
  Overload 1 of 2, '(props: { component: ElementType<any, keyof IntrinsicElements>; } & GridBaseProps & { sx?: SxProps<Theme> | undefined; } & SystemProps<...> & Omit<...>): Element | null', gave the following error.
    Property 'component' is missing in type '{ children: Element; item: true; xs: number; md: number; }' but required in type '{ component: ElementType<any, keyof IntrinsicElements>; }'.
  Overload 2 of 2, '(props: DefaultComponentProps<GridTypeMap<{}, "div">>): Element | null', gave the following error.
    Type '{ children: Element; item: true; xs: number; md: number; }' is not assignable to type 'IntrinsicAttributes & GridBaseProps & { sx?: SxProps<Theme> | undefined; } & SystemProps<Theme> & Omit<...>'.
      Property 'item' does not exist on type 'IntrinsicAttributes & GridBaseProps & { sx?: SxProps<Theme> | undefined; } & SystemProps<Theme> & Omit<...>'.
    363 |             {statistics.audit.topUsers.length > 0 && (
    364 |                 <Grid container spacing={3} sx={{ mb: 3 }}>
  > 365 |                     <Grid item xs={12} md={6}>
        |                     ^^^^^^^^^^^^^^^^^^^^^^^^^^
    366 |                         <Card>
    367 |                             <CardContent>
    368 |                                 <Typography variant="h6" gutterBottom>

ERROR in src/components/Security/SecurityAnalyticsPanel.tsx:393:21
TS2769: No overload matches this call.
  Overload 1 of 2, '(props: { component: ElementType<any, keyof IntrinsicElements>; } & GridBaseProps & { sx?: SxProps<Theme> | undefined; } & SystemProps<...> & Omit<...>): Element | null', gave the following error.
    Property 'component' is missing in type '{ children: Element; item: true; xs: number; md: number; }' but required in type '{ component: ElementType<any, keyof IntrinsicElements>; }'.
  Overload 2 of 2, '(props: DefaultComponentProps<GridTypeMap<{}, "div">>): Element | null', gave the following error.
    Type '{ children: Element; item: true; xs: number; md: number; }' is not assignable to type 'IntrinsicAttributes & GridBaseProps & { sx?: SxProps<Theme> | undefined; } & SystemProps<Theme> & Omit<...>'.
      Property 'item' does not exist on type 'IntrinsicAttributes & GridBaseProps & { sx?: SxProps<Theme> | undefined; } & SystemProps<Theme> & Omit<...>'.
    391 |                     </Grid>
    392 |
  > 393 |                     <Grid item xs={12} md={6}>
        |                     ^^^^^^^^^^^^^^^^^^^^^^^^^^
    394 |                         <Card>
    395 |                             <CardContent>
    396 |                                 <Typography variant="h6" gutterBottom>

ERROR in src/components/Security/SecurityAutomationPanel.tsx:103:17
TS2322: Type '{ type: "threat" | "alert" | "event" | "metric"; condition: string; severity?: "low" | "medium" | "high" | "critical" | undefined; }' is not assignable to type '{ type: "threat" | "alert" | "event" | "metric"; condition: string; severity: "low" | "medium" | "high" | "critical"; }'.
  Types of property 'severity' are incompatible.
    Type '"low" | "medium" | "high" | "critical" | undefined' is not assignable to type '"low" | "medium" | "high" | "critical"'.
      Type 'undefined' is not assignable to type '"low" | "medium" | "high" | "critical"'.
    101 |                 name: rule.name,
    102 |                 description: rule.description,
  > 103 |                 trigger: rule.trigger,
        |                 ^^^^^^^
    104 |                 actions: rule.actions,
    105 |                 enabled: rule.enabled,
    106 |             });

ERROR in src/components/Security/SecurityAutomationPanel.tsx:209:17
TS2769: No overload matches this call.
  Overload 1 of 2, '(props: { component: ElementType<any, keyof IntrinsicElements>; } & GridBaseProps & { sx?: SxProps<Theme> | undefined; } & SystemProps<...> & Omit<...>): Element | null', gave the following error.
    Property 'component' is missing in type '{ children: Element; item: true; xs: number; }' but required in type '{ component: ElementType<any, keyof IntrinsicElements>; }'.
  Overload 2 of 2, '(props: DefaultComponentProps<GridTypeMap<{}, "div">>): Element | null', gave the following error.
    Type '{ children: Element; item: true; xs: number; }' is not assignable to type 'IntrinsicAttributes & GridBaseProps & { sx?: SxProps<Theme> | undefined; } & SystemProps<Theme> & Omit<...>'.
      Property 'item' does not exist on type 'IntrinsicAttributes & GridBaseProps & { sx?: SxProps<Theme> | undefined; } & SystemProps<Theme> & Omit<...>'.
    207 |
    208 |             <Grid container spacing={3}>
  > 209 |                 <Grid item xs={12}>
        |                 ^^^^^^^^^^^^^^^^^^^
    210 |                     <Card>
    211 |                         <CardContent>
    212 |                             <Typography variant="h6" gutterBottom>

ERROR in src/components/Security/SecurityCharts.tsx:147:13
TS2769: No overload matches this call.
  Overload 1 of 2, '(props: { component: ElementType<any, keyof IntrinsicElements>; } & GridBaseProps & { sx?: SxProps<Theme> | undefined; } & SystemProps<...> & Omit<...>): Element | null', gave the following error.
    Property 'component' is missing in type '{ children: Element; item: true; xs: number; md: number; }' but required in type '{ component: ElementType<any, keyof IntrinsicElements>; }'.
  Overload 2 of 2, '(props: DefaultComponentProps<GridTypeMap<{}, "div">>): Element | null', gave the following error.
    Type '{ children: Element; item: true; xs: number; md: number; }' is not assignable to type 'IntrinsicAttributes & GridBaseProps & { sx?: SxProps<Theme> | undefined; } & SystemProps<Theme> & Omit<...>'.
      Property 'item' does not exist on type 'IntrinsicAttributes & GridBaseProps & { sx?: SxProps<Theme> | undefined; } & SystemProps<Theme> & Omit<...>'.
    145 |         <Grid container spacing={3}>
    146 |             {/* 위협 심각도 분포 */}
  > 147 |             <Grid item xs={12} md={6}>
        |             ^^^^^^^^^^^^^^^^^^^^^^^^^^
    148 |                 <Card>
    149 |                     <CardContent>
    150 |                         <Typography variant="h6" gutterBottom>

ERROR in src/components/Security/SecurityCharts.tsx:160:53
TS2339: Property 'percent' does not exist on type 'Props'.
    158 |                                     cy="50%"
    159 |                                     labelLine={false}
  > 160 |                                     label={({ name, percent }) =>
        |                                                     ^^^^^^^
    161 |                                         `${name}: ${(percent * 100).toFixed(0)}%`
    162 |                                     }
    163 |                                     outerRadius={80}

ERROR in src/components/Security/SecurityCharts.tsx:180:13
TS2769: No overload matches this call.
  Overload 1 of 2, '(props: { component: ElementType<any, keyof IntrinsicElements>; } & GridBaseProps & { sx?: SxProps<Theme> | undefined; } & SystemProps<...> & Omit<...>): Element | null', gave the following error.
    Property 'component' is missing in type '{ children: Element; item: true; xs: number; md: number; }' but required in type '{ component: ElementType<any, keyof IntrinsicElements>; }'.
  Overload 2 of 2, '(props: DefaultComponentProps<GridTypeMap<{}, "div">>): Element | null', gave the following error.
    Type '{ children: Element; item: true; xs: number; md: number; }' is not assignable to type 'IntrinsicAttributes & GridBaseProps & { sx?: SxProps<Theme> | undefined; } & SystemProps<Theme> & Omit<...>'.
      Property 'item' does not exist on type 'IntrinsicAttributes & GridBaseProps & { sx?: SxProps<Theme> | undefined; } & SystemProps<Theme> & Omit<...>'.
    178 |
    179 |             {/* 알림 타입별 분포 */}
  > 180 |             <Grid item xs={12} md={6}>
        |             ^^^^^^^^^^^^^^^^^^^^^^^^^^
    181 |                 <Card>
    182 |                     <CardContent>
    183 |                         <Typography variant="h6" gutterBottom>

ERROR in src/components/Security/SecurityCharts.tsx:201:13
TS2769: No overload matches this call.
  Overload 1 of 2, '(props: { component: ElementType<any, keyof IntrinsicElements>; } & GridBaseProps & { sx?: SxProps<Theme> | undefined; } & SystemProps<...> & Omit<...>): Element | null', gave the following error.
    Property 'component' is missing in type '{ children: Element; item: true; xs: number; }' but required in type '{ component: ElementType<any, keyof IntrinsicElements>; }'.
  Overload 2 of 2, '(props: DefaultComponentProps<GridTypeMap<{}, "div">>): Element | null', gave the following error.
    Type '{ children: Element; item: true; xs: number; }' is not assignable to type 'IntrinsicAttributes & GridBaseProps & { sx?: SxProps<Theme> | undefined; } & SystemProps<Theme> & Omit<...>'.
      Property 'item' does not exist on type 'IntrinsicAttributes & GridBaseProps & { sx?: SxProps<Theme> | undefined; } & SystemProps<Theme> & Omit<...>'.
    199 |
    200 |             {/* 위협 발생 추이 */}
  > 201 |             <Grid item xs={12}>
        |             ^^^^^^^^^^^^^^^^^^^
    202 |                 <Card>
    203 |                     <CardContent>
    204 |                         <Typography variant="h6" gutterBottom>

ERROR in src/components/Security/SecurityCharts.tsx:249:13
TS2769: No overload matches this call.
  Overload 1 of 2, '(props: { component: ElementType<any, keyof IntrinsicElements>; } & GridBaseProps & { sx?: SxProps<Theme> | undefined; } & SystemProps<...> & Omit<...>): Element | null', gave the following error.
    Property 'component' is missing in type '{ children: Element; item: true; xs: number; md: number; }' but required in type '{ component: ElementType<any, keyof IntrinsicElements>; }'.
  Overload 2 of 2, '(props: DefaultComponentProps<GridTypeMap<{}, "div">>): Element | null', gave the following error.
    Type '{ children: Element; item: true; xs: number; md: number; }' is not assignable to type 'IntrinsicAttributes & GridBaseProps & { sx?: SxProps<Theme> | undefined; } & SystemProps<Theme> & Omit<...>'.
      Property 'item' does not exist on type 'IntrinsicAttributes & GridBaseProps & { sx?: SxProps<Theme> | undefined; } & SystemProps<Theme> & Omit<...>'.
    247 |
    248 |             {/* 이벤트 위험 수준 분포 */}
  > 249 |             <Grid item xs={12} md={6}>
        |             ^^^^^^^^^^^^^^^^^^^^^^^^^^
    250 |                 <Card>
    251 |                     <CardContent>
    252 |                         <Typography variant="h6" gutterBottom>

ERROR in src/components/Security/SecurityCharts.tsx:274:17
TS2769: No overload matches this call.
  Overload 1 of 2, '(props: { component: ElementType<any, keyof IntrinsicElements>; } & GridBaseProps & { sx?: SxProps<Theme> | undefined; } & SystemProps<...> & Omit<...>): Element | null', gave the following error.
    Property 'component' is missing in type '{ children: Element; item: true; xs: number; md: number; }' but required in type '{ component: ElementType<any, keyof IntrinsicElements>; }'.
  Overload 2 of 2, '(props: DefaultComponentProps<GridTypeMap<{}, "div">>): Element | null', gave the following error.
    Type '{ children: Element; item: true; xs: number; md: number; }' is not assignable to type 'IntrinsicAttributes & GridBaseProps & { sx?: SxProps<Theme> | undefined; } & SystemProps<Theme> & Omit<...>'.
      Property 'item' does not exist on type 'IntrinsicAttributes & GridBaseProps & { sx?: SxProps<Theme> | undefined; } & SystemProps<Theme> & Omit<...>'.
    272 |             {/* 보안 점수 추이 */}
    273 |             {securityScoreData.length > 0 && (
  > 274 |                 <Grid item xs={12} md={6}>
        |                 ^^^^^^^^^^^^^^^^^^^^^^^^^^
    275 |                     <Card>
    276 |                         <CardContent>
    277 |                             <Typography variant="h6" gutterBottom>

ERROR in src/services/aiHealthMonitor.ts:53:14
TS2300: Duplicate identifier 'AIHealthMonitor'.
    51 |
    52 | // AI 시스템 헬스 모니터 클래스
  > 53 | export class AIHealthMonitor extends EventEmitter {
       |              ^^^^^^^^^^^^^^^
    54 |     private services: Map<string, ServiceHealth> = new Map();
    55 |     private thresholds: Map<string, HealthThreshold> = new Map();
    56 |     private healthHistory: Map<string, HealthCheckResult[]> = new Map();

Compiling...
Compiled successfully!
webpack compiled successfully
Files successfully emitted, waiting for typecheck results...
Issues checking in progress...
ERROR in src/components/AnalyticsDashboard.tsx:42:16
TS7009: 'new' expression, whose target lacks a construct signature, implicitly has an 'any' type.
    40 |     } catch {
    41 |         // 최후의 수단
  > 42 |         return new Error(String(err));
       |                ^^^^^^^^^^^^^^^^^^^^^^
    43 |     }
    44 | };
    45 |

ERROR in src/components/AnalyticsDashboard.tsx:42:26
TS2769: No overload matches this call.
  Overload 1 of 2, '(props: { component: ElementType<any, keyof IntrinsicElements>; } & SvgIconOwnProps & CommonProps & Omit<any, "className" | ... 10 more ... | "viewBox">): Element | null', gave the following error.
    Argument of type 'string' is not assignable to parameter of type '{ component: ElementType<any, keyof IntrinsicElements>; } & SvgIconOwnProps & CommonProps & Omit<any, "className" | ... 10 more ... | "viewBox">'.
      Type 'string' is not assignable to type '{ component: ElementType<any, keyof IntrinsicElements>; }'.
  Overload 2 of 2, '(props: DefaultComponentProps<SvgIconTypeMap<{}, "svg">>): Element | null', gave the following error.
    Type 'string' has no properties in common with type 'DefaultComponentProps<SvgIconTypeMap<{}, "svg">>'.
    40 |     } catch {
    41 |         // 최후의 수단
  > 42 |         return new Error(String(err));
       |                          ^^^^^^^^^^^
    43 |     }
    44 | };
    45 |

ERROR in src/components/PWAInstallPrompt.tsx:299:24
TS2322: Type '{ children: Element[]; component: string; sx: { border: "none"; p: number; }; "aria-label": string; }' is not assignable to type 'IntrinsicAttributes & DialogActionsProps'.
  Property 'component' does not exist on type 'IntrinsicAttributes & DialogActionsProps'.
    297 |           </Alert>
    298 |         </DialogContent>
  > 299 |         <DialogActions component="fieldset" sx={{ border: 'none', p: 0 }} aria-label="업데이트 액션">
        |                        ^^^^^^^^^
    300 |           <Button 
    301 |             onClick={() => setShowUpdateDialog(false)}
    302 |             aria-label="업데이트 다이얼로그 닫기"

ERROR in src/components/RealEstate/ApartmentCommunityAnalysisDashboard.tsx:224:21
TS2769: No overload matches this call.
  Overload 1 of 2, '(props: { component: ElementType<any, keyof IntrinsicElements>; } & GridBaseProps & { sx?: SxProps<Theme> | undefined; } & SystemProps<...> & Omit<...>): Element | null', gave the following error.
    Property 'component' is missing in type '{ children: Element; item: true; xs: number; sm: number; md: number; }' but required in type '{ component: ElementType<any, keyof IntrinsicElements>; }'.
  Overload 2 of 2, '(props: DefaultComponentProps<GridTypeMap<{}, "div">>): Element | null', gave the following error.
    Type '{ children: Element; item: true; xs: number; sm: number; md: number; }' is not assignable to type 'IntrinsicAttributes & GridBaseProps & { sx?: SxProps<Theme> | undefined; } & SystemProps<Theme> & Omit<...>'.
      Property 'item' does not exist on type 'IntrinsicAttributes & GridBaseProps & { sx?: SxProps<Theme> | undefined; } & SystemProps<Theme> & Omit<...>'.
    222 |             {analytics && (
    223 |                 <Grid container spacing={3} sx={{ mb: 3 }}>
  > 224 |                     <Grid item xs={12} sm={6} md={3}>
        |                     ^^^^^^^^^^^^^^^^^^^^^^^^^^^^^^^^^
    225 |                         <Card>
    226 |                             <CardContent>
    227 |                                 <Typography color="textSecondary" gutterBottom>

ERROR in src/components/RealEstate/ApartmentCommunityAnalysisDashboard.tsx:237:21
TS2769: No overload matches this call.
  Overload 1 of 2, '(props: { component: ElementType<any, keyof IntrinsicElements>; } & GridBaseProps & { sx?: SxProps<Theme> | undefined; } & SystemProps<...> & Omit<...>): Element | null', gave the following error.
    Property 'component' is missing in type '{ children: Element; item: true; xs: number; sm: number; md: number; }' but required in type '{ component: ElementType<any, keyof IntrinsicElements>; }'.
  Overload 2 of 2, '(props: DefaultComponentProps<GridTypeMap<{}, "div">>): Element | null', gave the following error.
    Type '{ children: Element; item: true; xs: number; sm: number; md: number; }' is not assignable to type 'IntrinsicAttributes & GridBaseProps & { sx?: SxProps<Theme> | undefined; } & SystemProps<Theme> & Omit<...>'.
      Property 'item' does not exist on type 'IntrinsicAttributes & GridBaseProps & { sx?: SxProps<Theme> | undefined; } & SystemProps<Theme> & Omit<...>'.
    235 |                         </Card>
    236 |                     </Grid>
  > 237 |                     <Grid item xs={12} sm={6} md={3}>
        |                     ^^^^^^^^^^^^^^^^^^^^^^^^^^^^^^^^^
    238 |                         <Card>
    239 |                             <CardContent>
    240 |                                 <Typography color="textSecondary" gutterBottom>

ERROR in src/components/RealEstate/ApartmentCommunityAnalysisDashboard.tsx:247:21
TS2769: No overload matches this call.
  Overload 1 of 2, '(props: { component: ElementType<any, keyof IntrinsicElements>; } & GridBaseProps & { sx?: SxProps<Theme> | undefined; } & SystemProps<...> & Omit<...>): Element | null', gave the following error.
    Property 'component' is missing in type '{ children: Element; item: true; xs: number; sm: number; md: number; }' but required in type '{ component: ElementType<any, keyof IntrinsicElements>; }'.
  Overload 2 of 2, '(props: DefaultComponentProps<GridTypeMap<{}, "div">>): Element | null', gave the following error.
    Type '{ children: Element; item: true; xs: number; sm: number; md: number; }' is not assignable to type 'IntrinsicAttributes & GridBaseProps & { sx?: SxProps<Theme> | undefined; } & SystemProps<Theme> & Omit<...>'.
      Property 'item' does not exist on type 'IntrinsicAttributes & GridBaseProps & { sx?: SxProps<Theme> | undefined; } & SystemProps<Theme> & Omit<...>'.
    245 |                         </Card>
    246 |                     </Grid>
  > 247 |                     <Grid item xs={12} sm={6} md={3}>
        |                     ^^^^^^^^^^^^^^^^^^^^^^^^^^^^^^^^^
    248 |                         <Card>
    249 |                             <CardContent>
    250 |                                 <Typography color="textSecondary" gutterBottom>

ERROR in src/components/RealEstate/ApartmentCommunityAnalysisDashboard.tsx:259:21
TS2769: No overload matches this call.
  Overload 1 of 2, '(props: { component: ElementType<any, keyof IntrinsicElements>; } & GridBaseProps & { sx?: SxProps<Theme> | undefined; } & SystemProps<...> & Omit<...>): Element | null', gave the following error.
    Property 'component' is missing in type '{ children: Element; item: true; xs: number; sm: number; md: number; }' but required in type '{ component: ElementType<any, keyof IntrinsicElements>; }'.
  Overload 2 of 2, '(props: DefaultComponentProps<GridTypeMap<{}, "div">>): Element | null', gave the following error.
    Type '{ children: Element; item: true; xs: number; sm: number; md: number; }' is not assignable to type 'IntrinsicAttributes & GridBaseProps & { sx?: SxProps<Theme> | undefined; } & SystemProps<Theme> & Omit<...>'.
      Property 'item' does not exist on type 'IntrinsicAttributes & GridBaseProps & { sx?: SxProps<Theme> | undefined; } & SystemProps<Theme> & Omit<...>'.
    257 |                         </Card>
    258 |                     </Grid>
  > 259 |                     <Grid item xs={12} sm={6} md={3}>
        |                     ^^^^^^^^^^^^^^^^^^^^^^^^^^^^^^^^^
    260 |                         <Card>
    261 |                             <CardContent>
    262 |                                 <Typography color="textSecondary" gutterBottom>

ERROR in src/components/RealEstate/ApartmentCommunityAnalysisDashboard.tsx:473:25
TS2769: No overload matches this call.
  Overload 1 of 2, '(props: { component: ElementType<any, keyof IntrinsicElements>; } & GridBaseProps & { sx?: SxProps<Theme> | undefined; } & SystemProps<...> & Omit<...>): Element | null', gave the following error.
    Property 'component' is missing in type '{ children: Element; item: true; xs: number; md: number; }' but required in type '{ component: ElementType<any, keyof IntrinsicElements>; }'.
  Overload 2 of 2, '(props: DefaultComponentProps<GridTypeMap<{}, "div">>): Element | null', gave the following error.
    Type '{ children: Element; item: true; xs: number; md: number; }' is not assignable to type 'IntrinsicAttributes & GridBaseProps & { sx?: SxProps<Theme> | undefined; } & SystemProps<Theme> & Omit<...>'.
      Property 'item' does not exist on type 'IntrinsicAttributes & GridBaseProps & { sx?: SxProps<Theme> | undefined; } & SystemProps<Theme> & Omit<...>'.
    471 |                 {analytics ? (
    472 |                     <Grid container spacing={3}>
  > 473 |                         <Grid item xs={12} md={6}>
        |                         ^^^^^^^^^^^^^^^^^^^^^^^^^^
    474 |                             <Card>
    475 |                                 <CardContent>
    476 |                                     <Typography variant="h6" gutterBottom>

ERROR in src/components/RealEstate/ApartmentCommunityAnalysisDashboard.tsx:505:25
TS2769: No overload matches this call.
  Overload 1 of 2, '(props: { component: ElementType<any, keyof IntrinsicElements>; } & GridBaseProps & { sx?: SxProps<Theme> | undefined; } & SystemProps<...> & Omit<...>): Element | null', gave the following error.
    Property 'component' is missing in type '{ children: Element; item: true; xs: number; md: number; }' but required in type '{ component: ElementType<any, keyof IntrinsicElements>; }'.
  Overload 2 of 2, '(props: DefaultComponentProps<GridTypeMap<{}, "div">>): Element | null', gave the following error.
    Type '{ children: Element; item: true; xs: number; md: number; }' is not assignable to type 'IntrinsicAttributes & GridBaseProps & { sx?: SxProps<Theme> | undefined; } & SystemProps<Theme> & Omit<...>'.
      Property 'item' does not exist on type 'IntrinsicAttributes & GridBaseProps & { sx?: SxProps<Theme> | undefined; } & SystemProps<Theme> & Omit<...>'.
    503 |                             </Card>
    504 |                         </Grid>
  > 505 |                         <Grid item xs={12} md={6}>
        |                         ^^^^^^^^^^^^^^^^^^^^^^^^^^
    506 |                             <Card>
    507 |                                 <CardContent>
    508 |                                     <Typography variant="h6" gutterBottom>

ERROR in src/components/RealEstate/ApartmentCommunityAnalysisDashboard.tsx:524:25
TS2769: No overload matches this call.
  Overload 1 of 2, '(props: { component: ElementType<any, keyof IntrinsicElements>; } & GridBaseProps & { sx?: SxProps<Theme> | undefined; } & SystemProps<...> & Omit<...>): Element | null', gave the following error.
    Property 'component' is missing in type '{ children: Element; item: true; xs: number; }' but required in type '{ component: ElementType<any, keyof IntrinsicElements>; }'.
  Overload 2 of 2, '(props: DefaultComponentProps<GridTypeMap<{}, "div">>): Element | null', gave the following error.
    Type '{ children: Element; item: true; xs: number; }' is not assignable to type 'IntrinsicAttributes & GridBaseProps & { sx?: SxProps<Theme> | undefined; } & SystemProps<Theme> & Omit<...>'.
      Property 'item' does not exist on type 'IntrinsicAttributes & GridBaseProps & { sx?: SxProps<Theme> | undefined; } & SystemProps<Theme> & Omit<...>'.
    522 |                             </Card>
    523 |                         </Grid>
  > 524 |                         <Grid item xs={12}>
        |                         ^^^^^^^^^^^^^^^^^^^
    525 |                             <Card>
    526 |                                 <CardContent>
    527 |                                     <Typography variant="h6" gutterBottom>

ERROR in src/components/RealEstate/ConstructionCompanyDashboard.tsx:327:25
TS2769: No overload matches this call.
  Overload 1 of 2, '(props: { component: ElementType<any, keyof IntrinsicElements>; } & GridBaseProps & { sx?: SxProps<Theme> | undefined; } & SystemProps<...> & Omit<...>): Element | null', gave the following error.
    Property 'component' is missing in type '{ children: Element; item: true; xs: number; md: number; key: string; }' but required in type '{ component: ElementType<any, keyof IntrinsicElements>; }'.
  Overload 2 of 2, '(props: DefaultComponentProps<GridTypeMap<{}, "div">>): Element | null', gave the following error.
    Type '{ children: Element; item: true; xs: number; md: number; key: string; }' is not assignable to type 'IntrinsicAttributes & GridBaseProps & { sx?: SxProps<Theme> | undefined; } & SystemProps<Theme> & Omit<...>'.
      Property 'item' does not exist on type 'IntrinsicAttributes & GridBaseProps & { sx?: SxProps<Theme> | undefined; } & SystemProps<Theme> & Omit<...>'.
    325 |                 <Grid container spacing={3}>
    326 |                     {companies.map((company) => (
  > 327 |                         <Grid item xs={12} md={6} key={company.id}>
        |                         ^^^^^^^^^^^^^^^^^^^^^^^^^^^^^^^^^^^^^^^^^^^
    328 |                             <Card>
    329 |                                 <CardContent>
    330 |                                     <Box sx={{ display: 'flex', justifyContent: 'space-between', mb: 2 }}>

ERROR in src/components/RealEstate/ConstructionCompanyDashboard.tsx:348:41
TS2769: No overload matches this call.
  Overload 1 of 2, '(props: { component: ElementType<any, keyof IntrinsicElements>; } & GridBaseProps & { sx?: SxProps<Theme> | undefined; } & SystemProps<...> & Omit<...>): Element | null', gave the following error.
    Property 'component' is missing in type '{ children: Element[]; item: true; xs: number; }' but required in type '{ component: ElementType<any, keyof IntrinsicElements>; }'.
  Overload 2 of 2, '(props: DefaultComponentProps<GridTypeMap<{}, "div">>): Element | null', gave the following error.
    Type '{ children: Element[]; item: true; xs: number; }' is not assignable to type 'IntrinsicAttributes & GridBaseProps & { sx?: SxProps<Theme> | undefined; } & SystemProps<Theme> & Omit<...>'.
      Property 'item' does not exist on type 'IntrinsicAttributes & GridBaseProps & { sx?: SxProps<Theme> | undefined; } & SystemProps<Theme> & Omit<...>'.
    346 |                                     </Box>
    347 |                                     <Grid container spacing={2}>
  > 348 |                                         <Grid item xs={6}>
        |                                         ^^^^^^^^^^^^^^^^^^
    349 |                                             <Typography variant="body2" color="text.secondary">
    350 |                                                 총 프로젝트
    351 |                                             </Typography>

ERROR in src/components/RealEstate/ConstructionCompanyDashboard.tsx:354:41
TS2769: No overload matches this call.
  Overload 1 of 2, '(props: { component: ElementType<any, keyof IntrinsicElements>; } & GridBaseProps & { sx?: SxProps<Theme> | undefined; } & SystemProps<...> & Omit<...>): Element | null', gave the following error.
    Property 'component' is missing in type '{ children: Element[]; item: true; xs: number; }' but required in type '{ component: ElementType<any, keyof IntrinsicElements>; }'.
  Overload 2 of 2, '(props: DefaultComponentProps<GridTypeMap<{}, "div">>): Element | null', gave the following error.
    Type '{ children: Element[]; item: true; xs: number; }' is not assignable to type 'IntrinsicAttributes & GridBaseProps & { sx?: SxProps<Theme> | undefined; } & SystemProps<Theme> & Omit<...>'.
      Property 'item' does not exist on type 'IntrinsicAttributes & GridBaseProps & { sx?: SxProps<Theme> | undefined; } & SystemProps<Theme> & Omit<...>'.
    352 |                                             <Typography variant="h6">{company.total_projects}</Typography>
    353 |                                         </Grid>
  > 354 |                                         <Grid item xs={6}>
        |                                         ^^^^^^^^^^^^^^^^^^
    355 |                                             <Typography variant="body2" color="text.secondary">
    356 |                                                 완료 프로젝트
    357 |                                             </Typography>

ERROR in src/components/RealEstate/ConstructionCompanyDashboard.tsx:362:41
TS2769: No overload matches this call.
  Overload 1 of 2, '(props: { component: ElementType<any, keyof IntrinsicElements>; } & GridBaseProps & { sx?: SxProps<Theme> | undefined; } & SystemProps<...> & Omit<...>): Element | null', gave the following error.
    Property 'component' is missing in type '{ children: Element[]; item: true; xs: number; }' but required in type '{ component: ElementType<any, keyof IntrinsicElements>; }'.
  Overload 2 of 2, '(props: DefaultComponentProps<GridTypeMap<{}, "div">>): Element | null', gave the following error.
    Type '{ children: Element[]; item: true; xs: number; }' is not assignable to type 'IntrinsicAttributes & GridBaseProps & { sx?: SxProps<Theme> | undefined; } & SystemProps<Theme> & Omit<...>'.
      Property 'item' does not exist on type 'IntrinsicAttributes & GridBaseProps & { sx?: SxProps<Theme> | undefined; } & SystemProps<Theme> & Omit<...>'.
    360 |                                             </Typography>
    361 |                                         </Grid>
  > 362 |                                         <Grid item xs={6}>
        |                                         ^^^^^^^^^^^^^^^^^^
    363 |                                             <Typography variant="body2" color="text.secondary">
    364 |                                                 평판 점수
    365 |                                             </Typography>

ERROR in src/components/RealEstate/ConstructionCompanyDashboard.tsx:368:41
TS2769: No overload matches this call.
  Overload 1 of 2, '(props: { component: ElementType<any, keyof IntrinsicElements>; } & GridBaseProps & { sx?: SxProps<Theme> | undefined; } & SystemProps<...> & Omit<...>): Element | null', gave the following error.
    Property 'component' is missing in type '{ children: Element[]; item: true; xs: number; }' but required in type '{ component: ElementType<any, keyof IntrinsicElements>; }'.
  Overload 2 of 2, '(props: DefaultComponentProps<GridTypeMap<{}, "div">>): Element | null', gave the following error.
    Type '{ children: Element[]; item: true; xs: number; }' is not assignable to type 'IntrinsicAttributes & GridBaseProps & { sx?: SxProps<Theme> | undefined; } & SystemProps<Theme> & Omit<...>'.
      Property 'item' does not exist on type 'IntrinsicAttributes & GridBaseProps & { sx?: SxProps<Theme> | undefined; } & SystemProps<Theme> & Omit<...>'.
    366 |                                             <Typography variant="h6">{company.reputation_score.toFixed(1)}</Typography>
    367 |                                         </Grid>
  > 368 |                                         <Grid item xs={6}>
        |                                         ^^^^^^^^^^^^^^^^^^
    369 |                                             <Typography variant="body2" color="text.secondary">
    370 |                                                 품질 점수
    371 |                                             </Typography>

ERROR in src/components/RealEstate/ConstructionCompanyDashboard.tsx:603:29
TS2769: No overload matches this call.
  Overload 1 of 2, '(props: { component: ElementType<any, keyof IntrinsicElements>; } & GridBaseProps & { sx?: SxProps<Theme> | undefined; } & SystemProps<...> & Omit<...>): Element | null', gave the following error.
    Property 'component' is missing in type '{ children: Element; item: true; xs: number; md: number; key: string; }' but required in type '{ component: ElementType<any, keyof IntrinsicElements>; }'.
  Overload 2 of 2, '(props: DefaultComponentProps<GridTypeMap<{}, "div">>): Element | null', gave the following error.
    Type '{ children: Element; item: true; xs: number; md: number; key: string; }' is not assignable to type 'IntrinsicAttributes & GridBaseProps & { sx?: SxProps<Theme> | undefined; } & SystemProps<Theme> & Omit<...>'.
      Property 'item' does not exist on type 'IntrinsicAttributes & GridBaseProps & { sx?: SxProps<Theme> | undefined; } & SystemProps<Theme> & Omit<...>'.
    601 |                     <Grid container spacing={3}>
    602 |                         {selectionAnalyses.map((analysis) => (
  > 603 |                             <Grid item xs={12} md={6} key={analysis.company_id}>
        |                             ^^^^^^^^^^^^^^^^^^^^^^^^^^^^^^^^^^^^^^^^^^^^^^^^^^^^
    604 |                                 <Card>
    605 |                                     <CardContent>
    606 |                                         <Typography variant="h6" gutterBottom>

ERROR in src/components/Security/AdvancedSecurityPanel.tsx:397:21
TS2769: No overload matches this call.
  Overload 1 of 2, '(props: { component: ElementType<any, keyof IntrinsicElements>; } & GridBaseProps & { sx?: SxProps<Theme> | undefined; } & SystemProps<...> & Omit<...>): Element | null', gave the following error.
    Property 'component' is missing in type '{ children: Element; item: true; xs: number; md: number; }' but required in type '{ component: ElementType<any, keyof IntrinsicElements>; }'.
  Overload 2 of 2, '(props: DefaultComponentProps<GridTypeMap<{}, "div">>): Element | null', gave the following error.
    Type '{ children: Element; item: true; xs: number; md: number; }' is not assignable to type 'IntrinsicAttributes & GridBaseProps & { sx?: SxProps<Theme> | undefined; } & SystemProps<Theme> & Omit<...>'.
      Property 'item' does not exist on type 'IntrinsicAttributes & GridBaseProps & { sx?: SxProps<Theme> | undefined; } & SystemProps<Theme> & Omit<...>'.
    395 |             {securityStatus && (
    396 |                 <Grid container spacing={3} sx={{ mb: 3 }}>
  > 397 |                     <Grid item xs={12} md={3}>
        |                     ^^^^^^^^^^^^^^^^^^^^^^^^^^
    398 |                         <Card role="region" aria-label="보안 점수">
    399 |                             <CardContent>
    400 |                                 <Typography color="textSecondary" gutterBottom>

ERROR in src/components/Security/AdvancedSecurityPanel.tsx:415:21
TS2769: No overload matches this call.
  Overload 1 of 2, '(props: { component: ElementType<any, keyof IntrinsicElements>; } & GridBaseProps & { sx?: SxProps<Theme> | undefined; } & SystemProps<...> & Omit<...>): Element | null', gave the following error.
    Property 'component' is missing in type '{ children: Element; item: true; xs: number; md: number; }' but required in type '{ component: ElementType<any, keyof IntrinsicElements>; }'.
  Overload 2 of 2, '(props: DefaultComponentProps<GridTypeMap<{}, "div">>): Element | null', gave the following error.
    Type '{ children: Element; item: true; xs: number; md: number; }' is not assignable to type 'IntrinsicAttributes & GridBaseProps & { sx?: SxProps<Theme> | undefined; } & SystemProps<Theme> & Omit<...>'.
      Property 'item' does not exist on type 'IntrinsicAttributes & GridBaseProps & { sx?: SxProps<Theme> | undefined; } & SystemProps<Theme> & Omit<...>'.
    413 |                         </Card>
    414 |                     </Grid>
  > 415 |                     <Grid item xs={12} md={3}>
        |                     ^^^^^^^^^^^^^^^^^^^^^^^^^^
    416 |                         <Card role="region" aria-label="활성 위협">
    417 |                             <CardContent>
    418 |                                 <Typography color="textSecondary" gutterBottom>

ERROR in src/components/Security/AdvancedSecurityPanel.tsx:438:21
TS2769: No overload matches this call.
  Overload 1 of 2, '(props: { component: ElementType<any, keyof IntrinsicElements>; } & GridBaseProps & { sx?: SxProps<Theme> | undefined; } & SystemProps<...> & Omit<...>): Element | null', gave the following error.
    Property 'component' is missing in type '{ children: Element; item: true; xs: number; md: number; }' but required in type '{ component: ElementType<any, keyof IntrinsicElements>; }'.
  Overload 2 of 2, '(props: DefaultComponentProps<GridTypeMap<{}, "div">>): Element | null', gave the following error.
    Type '{ children: Element; item: true; xs: number; md: number; }' is not assignable to type 'IntrinsicAttributes & GridBaseProps & { sx?: SxProps<Theme> | undefined; } & SystemProps<Theme> & Omit<...>'.
      Property 'item' does not exist on type 'IntrinsicAttributes & GridBaseProps & { sx?: SxProps<Theme> | undefined; } & SystemProps<Theme> & Omit<...>'.
    436 |                         </Card>
    437 |                     </Grid>
  > 438 |                     <Grid item xs={12} md={3}>
        |                     ^^^^^^^^^^^^^^^^^^^^^^^^^^
    439 |                         <Card role="region" aria-label="고위험 이벤트">
    440 |                             <CardContent>
    441 |                                 <Typography color="textSecondary" gutterBottom>

ERROR in src/components/Security/AdvancedSecurityPanel.tsx:453:21
TS2769: No overload matches this call.
  Overload 1 of 2, '(props: { component: ElementType<any, keyof IntrinsicElements>; } & GridBaseProps & { sx?: SxProps<Theme> | undefined; } & SystemProps<...> & Omit<...>): Element | null', gave the following error.
    Property 'component' is missing in type '{ children: Element; item: true; xs: number; md: number; }' but required in type '{ component: ElementType<any, keyof IntrinsicElements>; }'.
  Overload 2 of 2, '(props: DefaultComponentProps<GridTypeMap<{}, "div">>): Element | null', gave the following error.
    Type '{ children: Element; item: true; xs: number; md: number; }' is not assignable to type 'IntrinsicAttributes & GridBaseProps & { sx?: SxProps<Theme> | undefined; } & SystemProps<Theme> & Omit<...>'.
      Property 'item' does not exist on type 'IntrinsicAttributes & GridBaseProps & { sx?: SxProps<Theme> | undefined; } & SystemProps<Theme> & Omit<...>'.
    451 |                         </Card>
    452 |                     </Grid>
  > 453 |                     <Grid item xs={12} md={3}>
        |                     ^^^^^^^^^^^^^^^^^^^^^^^^^^
    454 |                         <Card role="region" aria-label="암호화 키">
    455 |                             <CardContent>
    456 |                                 <Typography color="textSecondary" gutterBottom>

ERROR in src/components/Security/AdvancedSecurityPanel.tsx:789:53
TS2367: This comparison appears to be unintentional because the types '"disabled" | "enabled"' and '""' have no overlap.
    787 |                                 value={policyFilter.enabled === undefined ? '' : policyFilter.enabled ? 'enabled' : 'disabled'}
    788 |                                 onChange={(e) => {
  > 789 |                                     const enabled = e.target.value === '' ? undefined : e.target.value === 'enabled';
        |                                                     ^^^^^^^^^^^^^^^^^^^^^
    790 |                                     handlePolicyFilterChange(policyFilter.type, enabled, policyFilter.search);
    791 |                                 }}
    792 |                                 label="상태"

ERROR in src/components/Security/AdvancedSecurityPanel.tsx:824:29
TS2769: No overload matches this call.
  Overload 1 of 2, '(props: { component: ElementType<any, keyof IntrinsicElements>; } & GridBaseProps & { sx?: SxProps<Theme> | undefined; } & SystemProps<...> & Omit<...>): Element | null', gave the following error.
    Property 'component' is missing in type '{ children: Element; item: true; xs: number; md: number; key: string; }' but required in type '{ component: ElementType<any, keyof IntrinsicElements>; }'.
  Overload 2 of 2, '(props: DefaultComponentProps<GridTypeMap<{}, "div">>): Element | null', gave the following error.
    Type '{ children: Element; item: true; xs: number; md: number; key: string; }' is not assignable to type 'IntrinsicAttributes & GridBaseProps & { sx?: SxProps<Theme> | undefined; } & SystemProps<Theme> & Omit<...>'.
      Property 'item' does not exist on type 'IntrinsicAttributes & GridBaseProps & { sx?: SxProps<Theme> | undefined; } & SystemProps<Theme> & Omit<...>'.
    822 |                     <Grid container spacing={2}>
    823 |                         {filteredPolicies.map((policy) => (
  > 824 |                             <Grid item xs={12} md={6} key={policy.id}>
        |                             ^^^^^^^^^^^^^^^^^^^^^^^^^^^^^^^^^^^^^^^^^^
    825 |                                 <Card>
    826 |                                     <CardContent>
    827 |                                         <Box sx={{ display: 'flex', justifyContent: 'space-between', mb: 1 }}>

ERROR in src/components/Security/SecurityAnalyticsPanel.tsx:105:25
TS2769: No overload matches this call.
  Overload 1 of 2, '(props: { component: ElementType<any, keyof IntrinsicElements>; } & GridBaseProps & { sx?: SxProps<Theme> | undefined; } & SystemProps<...> & Omit<...>): Element | null', gave the following error.
    Property 'component' is missing in type '{ children: Element; item: true; xs: number; sm: number; }' but required in type '{ component: ElementType<any, keyof IntrinsicElements>; }'.
  Overload 2 of 2, '(props: DefaultComponentProps<GridTypeMap<{}, "div">>): Element | null', gave the following error.
    Type '{ children: Element; item: true; xs: number; sm: number; }' is not assignable to type 'IntrinsicAttributes & GridBaseProps & { sx?: SxProps<Theme> | undefined; } & SystemProps<Theme> & Omit<...>'.
      Property 'item' does not exist on type 'IntrinsicAttributes & GridBaseProps & { sx?: SxProps<Theme> | undefined; } & SystemProps<Theme> & Omit<...>'.
    103 |                 <CardContent>
    104 |                     <Grid container spacing={2} alignItems="center">
  > 105 |                         <Grid item xs={12} sm={4}>
        |                         ^^^^^^^^^^^^^^^^^^^^^^^^^^
    106 |                             <Box>
    107 |                                 <Typography variant="body2" sx={{ mb: 1 }}>
    108 |                                     시작 날짜

ERROR in src/components/Security/SecurityAnalyticsPanel.tsx:125:25
TS2769: No overload matches this call.
  Overload 1 of 2, '(props: { component: ElementType<any, keyof IntrinsicElements>; } & GridBaseProps & { sx?: SxProps<Theme> | undefined; } & SystemProps<...> & Omit<...>): Element | null', gave the following error.
    Property 'component' is missing in type '{ children: Element; item: true; xs: number; sm: number; }' but required in type '{ component: ElementType<any, keyof IntrinsicElements>; }'.
  Overload 2 of 2, '(props: DefaultComponentProps<GridTypeMap<{}, "div">>): Element | null', gave the following error.
    Type '{ children: Element; item: true; xs: number; sm: number; }' is not assignable to type 'IntrinsicAttributes & GridBaseProps & { sx?: SxProps<Theme> | undefined; } & SystemProps<Theme> & Omit<...>'.
      Property 'item' does not exist on type 'IntrinsicAttributes & GridBaseProps & { sx?: SxProps<Theme> | undefined; } & SystemProps<Theme> & Omit<...>'.
    123 |                             </Box>
    124 |                         </Grid>
  > 125 |                         <Grid item xs={12} sm={4}>
        |                         ^^^^^^^^^^^^^^^^^^^^^^^^^^
    126 |                             <Box>
    127 |                                 <Typography variant="body2" sx={{ mb: 1 }}>
    128 |                                     종료 날짜

ERROR in src/components/Security/SecurityAnalyticsPanel.tsx:145:25
TS2769: No overload matches this call.
  Overload 1 of 2, '(props: { component: ElementType<any, keyof IntrinsicElements>; } & GridBaseProps & { sx?: SxProps<Theme> | undefined; } & SystemProps<...> & Omit<...>): Element | null', gave the following error.
    Property 'component' is missing in type '{ children: Element; item: true; xs: number; sm: number; }' but required in type '{ component: ElementType<any, keyof IntrinsicElements>; }'.
  Overload 2 of 2, '(props: DefaultComponentProps<GridTypeMap<{}, "div">>): Element | null', gave the following error.
    Type '{ children: Element; item: true; xs: number; sm: number; }' is not assignable to type 'IntrinsicAttributes & GridBaseProps & { sx?: SxProps<Theme> | undefined; } & SystemProps<Theme> & Omit<...>'.
      Property 'item' does not exist on type 'IntrinsicAttributes & GridBaseProps & { sx?: SxProps<Theme> | undefined; } & SystemProps<Theme> & Omit<...>'.
    143 |                             </Box>
    144 |                         </Grid>
  > 145 |                         <Grid item xs={12} sm={4}>
        |                         ^^^^^^^^^^^^^^^^^^^^^^^^^^
    146 |                             <Button
    147 |                                 variant="contained"
    148 |                                 fullWidth

ERROR in src/components/Security/SecurityAnalyticsPanel.tsx:180:17
TS2769: No overload matches this call.
  Overload 1 of 2, '(props: { component: ElementType<any, keyof IntrinsicElements>; } & GridBaseProps & { sx?: SxProps<Theme> | undefined; } & SystemProps<...> & Omit<...>): Element | null', gave the following error.
    Property 'component' is missing in type '{ children: Element; item: true; xs: number; md: number; }' but required in type '{ component: ElementType<any, keyof IntrinsicElements>; }'.
  Overload 2 of 2, '(props: DefaultComponentProps<GridTypeMap<{}, "div">>): Element | null', gave the following error.
    Type '{ children: Element; item: true; xs: number; md: number; }' is not assignable to type 'IntrinsicAttributes & GridBaseProps & { sx?: SxProps<Theme> | undefined; } & SystemProps<Theme> & Omit<...>'.
      Property 'item' does not exist on type 'IntrinsicAttributes & GridBaseProps & { sx?: SxProps<Theme> | undefined; } & SystemProps<Theme> & Omit<...>'.
    178 |             {/* 위협 통계 */}
    179 |             <Grid container spacing={3} sx={{ mb: 3 }}>
  > 180 |                 <Grid item xs={12} md={6}>
        |                 ^^^^^^^^^^^^^^^^^^^^^^^^^^
    181 |                     <Card>
    182 |                         <CardContent>
    183 |                             <Typography variant="h6" gutterBottom>

ERROR in src/components/Security/SecurityAnalyticsPanel.tsx:204:17
TS2769: No overload matches this call.
  Overload 1 of 2, '(props: { component: ElementType<any, keyof IntrinsicElements>; } & GridBaseProps & { sx?: SxProps<Theme> | undefined; } & SystemProps<...> & Omit<...>): Element | null', gave the following error.
    Property 'component' is missing in type '{ children: Element; item: true; xs: number; md: number; }' but required in type '{ component: ElementType<any, keyof IntrinsicElements>; }'.
  Overload 2 of 2, '(props: DefaultComponentProps<GridTypeMap<{}, "div">>): Element | null', gave the following error.
    Type '{ children: Element; item: true; xs: number; md: number; }' is not assignable to type 'IntrinsicAttributes & GridBaseProps & { sx?: SxProps<Theme> | undefined; } & SystemProps<Theme> & Omit<...>'.
      Property 'item' does not exist on type 'IntrinsicAttributes & GridBaseProps & { sx?: SxProps<Theme> | undefined; } & SystemProps<Theme> & Omit<...>'.
    202 |                 </Grid>
    203 |
  > 204 |                 <Grid item xs={12} md={6}>
        |                 ^^^^^^^^^^^^^^^^^^^^^^^^^^
    205 |                     <Card>
    206 |                         <CardContent>
    207 |                             <Typography variant="h6" gutterBottom>

ERROR in src/components/Security/SecurityAnalyticsPanel.tsx:262:17
TS2769: No overload matches this call.
  Overload 1 of 2, '(props: { component: ElementType<any, keyof IntrinsicElements>; } & GridBaseProps & { sx?: SxProps<Theme> | undefined; } & SystemProps<...> & Omit<...>): Element | null', gave the following error.
    Property 'component' is missing in type '{ children: Element; item: true; xs: number; md: number; }' but required in type '{ component: ElementType<any, keyof IntrinsicElements>; }'.
  Overload 2 of 2, '(props: DefaultComponentProps<GridTypeMap<{}, "div">>): Element | null', gave the following error.
    Type '{ children: Element; item: true; xs: number; md: number; }' is not assignable to type 'IntrinsicAttributes & GridBaseProps & { sx?: SxProps<Theme> | undefined; } & SystemProps<Theme> & Omit<...>'.
      Property 'item' does not exist on type 'IntrinsicAttributes & GridBaseProps & { sx?: SxProps<Theme> | undefined; } & SystemProps<Theme> & Omit<...>'.
    260 |             {/* 이벤트 통계 */}
    261 |             <Grid container spacing={3} sx={{ mb: 3 }}>
  > 262 |                 <Grid item xs={12} md={6}>
        |                 ^^^^^^^^^^^^^^^^^^^^^^^^^^
    263 |                     <Card>
    264 |                         <CardContent>
    265 |                             <Typography variant="h6" gutterBottom>

ERROR in src/components/Security/SecurityAnalyticsPanel.tsx:286:17
TS2769: No overload matches this call.
  Overload 1 of 2, '(props: { component: ElementType<any, keyof IntrinsicElements>; } & GridBaseProps & { sx?: SxProps<Theme> | undefined; } & SystemProps<...> & Omit<...>): Element | null', gave the following error.
    Property 'component' is missing in type '{ children: Element; item: true; xs: number; md: number; }' but required in type '{ component: ElementType<any, keyof IntrinsicElements>; }'.
  Overload 2 of 2, '(props: DefaultComponentProps<GridTypeMap<{}, "div">>): Element | null', gave the following error.
    Type '{ children: Element; item: true; xs: number; md: number; }' is not assignable to type 'IntrinsicAttributes & GridBaseProps & { sx?: SxProps<Theme> | undefined; } & SystemProps<Theme> & Omit<...>'.
      Property 'item' does not exist on type 'IntrinsicAttributes & GridBaseProps & { sx?: SxProps<Theme> | undefined; } & SystemProps<Theme> & Omit<...>'.
    284 |                 </Grid>
    285 |
  > 286 |                 <Grid item xs={12} md={6}>
        |                 ^^^^^^^^^^^^^^^^^^^^^^^^^^
    287 |                     <Card>
    288 |                         <CardContent>
    289 |                             <Typography variant="h6" gutterBottom>

ERROR in src/components/Security/SecurityAnalyticsPanel.tsx:320:25
TS2769: No overload matches this call.
  Overload 1 of 2, '(props: { component: ElementType<any, keyof IntrinsicElements>; } & GridBaseProps & { sx?: SxProps<Theme> | undefined; } & SystemProps<...> & Omit<...>): Element | null', gave the following error.
    Property 'component' is missing in type '{ children: Element[]; item: true; xs: number; sm: number; }' but required in type '{ component: ElementType<any, keyof IntrinsicElements>; }'.
  Overload 2 of 2, '(props: DefaultComponentProps<GridTypeMap<{}, "div">>): Element | null', gave the following error.
    Type '{ children: Element[]; item: true; xs: number; sm: number; }' is not assignable to type 'IntrinsicAttributes & GridBaseProps & { sx?: SxProps<Theme> | undefined; } & SystemProps<Theme> & Omit<...>'.
      Property 'item' does not exist on type 'IntrinsicAttributes & GridBaseProps & { sx?: SxProps<Theme> | undefined; } & SystemProps<Theme> & Omit<...>'.
    318 |                     </Typography>
    319 |                     <Grid container spacing={2}>
  > 320 |                         <Grid item xs={12} sm={4}>
        |                         ^^^^^^^^^^^^^^^^^^^^^^^^^^
    321 |                             <Typography variant="body2" color="text.secondary">
    322 |                                 총 알림 수
    323 |                             </Typography>

ERROR in src/components/Security/SecurityAnalyticsPanel.tsx:326:25
TS2769: No overload matches this call.
  Overload 1 of 2, '(props: { component: ElementType<any, keyof IntrinsicElements>; } & GridBaseProps & { sx?: SxProps<Theme> | undefined; } & SystemProps<...> & Omit<...>): Element | null', gave the following error.
    Property 'component' is missing in type '{ children: Element[]; item: true; xs: number; sm: number; }' but required in type '{ component: ElementType<any, keyof IntrinsicElements>; }'.
  Overload 2 of 2, '(props: DefaultComponentProps<GridTypeMap<{}, "div">>): Element | null', gave the following error.
    Type '{ children: Element[]; item: true; xs: number; sm: number; }' is not assignable to type 'IntrinsicAttributes & GridBaseProps & { sx?: SxProps<Theme> | undefined; } & SystemProps<Theme> & Omit<...>'.
      Property 'item' does not exist on type 'IntrinsicAttributes & GridBaseProps & { sx?: SxProps<Theme> | undefined; } & SystemProps<Theme> & Omit<...>'.
    324 |                             <Typography variant="h4">{statistics.alerts.total}</Typography>
    325 |                         </Grid>
  > 326 |                         <Grid item xs={12} sm={4}>
        |                         ^^^^^^^^^^^^^^^^^^^^^^^^^^
    327 |                             <Typography variant="body2" color="text.secondary">
    328 |                                 미확인 알림
    329 |                             </Typography>

ERROR in src/components/Security/SecurityAnalyticsPanel.tsx:334:25
TS2769: No overload matches this call.
  Overload 1 of 2, '(props: { component: ElementType<any, keyof IntrinsicElements>; } & GridBaseProps & { sx?: SxProps<Theme> | undefined; } & SystemProps<...> & Omit<...>): Element | null', gave the following error.
    Property 'component' is missing in type '{ children: Element[]; item: true; xs: number; sm: number; }' but required in type '{ component: ElementType<any, keyof IntrinsicElements>; }'.
  Overload 2 of 2, '(props: DefaultComponentProps<GridTypeMap<{}, "div">>): Element | null', gave the following error.
    Type '{ children: Element[]; item: true; xs: number; sm: number; }' is not assignable to type 'IntrinsicAttributes & GridBaseProps & { sx?: SxProps<Theme> | undefined; } & SystemProps<Theme> & Omit<...>'.
      Property 'item' does not exist on type 'IntrinsicAttributes & GridBaseProps & { sx?: SxProps<Theme> | undefined; } & SystemProps<Theme> & Omit<...>'.
    332 |                             </Typography>
    333 |                         </Grid>
  > 334 |                         <Grid item xs={12} sm={4}>
        |                         ^^^^^^^^^^^^^^^^^^^^^^^^^^
    335 |                             <Typography variant="body2" color="text.secondary">
    336 |                                 심각도별 분포
    337 |                             </Typography>

ERROR in src/components/Security/SecurityAnalyticsPanel.tsx:365:21
TS2769: No overload matches this call.
  Overload 1 of 2, '(props: { component: ElementType<any, keyof IntrinsicElements>; } & GridBaseProps & { sx?: SxProps<Theme> | undefined; } & SystemProps<...> & Omit<...>): Element | null', gave the following error.
    Property 'component' is missing in type '{ children: Element; item: true; xs: number; md: number; }' but required in type '{ component: ElementType<any, keyof IntrinsicElements>; }'.
  Overload 2 of 2, '(props: DefaultComponentProps<GridTypeMap<{}, "div">>): Element | null', gave the following error.
    Type '{ children: Element; item: true; xs: number; md: number; }' is not assignable to type 'IntrinsicAttributes & GridBaseProps & { sx?: SxProps<Theme> | undefined; } & SystemProps<Theme> & Omit<...>'.
      Property 'item' does not exist on type 'IntrinsicAttributes & GridBaseProps & { sx?: SxProps<Theme> | undefined; } & SystemProps<Theme> & Omit<...>'.
    363 |             {statistics.audit.topUsers.length > 0 && (
    364 |                 <Grid container spacing={3} sx={{ mb: 3 }}>
  > 365 |                     <Grid item xs={12} md={6}>
        |                     ^^^^^^^^^^^^^^^^^^^^^^^^^^
    366 |                         <Card>
    367 |                             <CardContent>
    368 |                                 <Typography variant="h6" gutterBottom>

ERROR in src/components/Security/SecurityAnalyticsPanel.tsx:393:21
TS2769: No overload matches this call.
  Overload 1 of 2, '(props: { component: ElementType<any, keyof IntrinsicElements>; } & GridBaseProps & { sx?: SxProps<Theme> | undefined; } & SystemProps<...> & Omit<...>): Element | null', gave the following error.
    Property 'component' is missing in type '{ children: Element; item: true; xs: number; md: number; }' but required in type '{ component: ElementType<any, keyof IntrinsicElements>; }'.
  Overload 2 of 2, '(props: DefaultComponentProps<GridTypeMap<{}, "div">>): Element | null', gave the following error.
    Type '{ children: Element; item: true; xs: number; md: number; }' is not assignable to type 'IntrinsicAttributes & GridBaseProps & { sx?: SxProps<Theme> | undefined; } & SystemProps<Theme> & Omit<...>'.
      Property 'item' does not exist on type 'IntrinsicAttributes & GridBaseProps & { sx?: SxProps<Theme> | undefined; } & SystemProps<Theme> & Omit<...>'.
    391 |                     </Grid>
    392 |
  > 393 |                     <Grid item xs={12} md={6}>
        |                     ^^^^^^^^^^^^^^^^^^^^^^^^^^
    394 |                         <Card>
    395 |                             <CardContent>
    396 |                                 <Typography variant="h6" gutterBottom>

ERROR in src/components/Security/SecurityAutomationPanel.tsx:103:17
TS2322: Type '{ type: "threat" | "alert" | "event" | "metric"; condition: string; severity?: "low" | "medium" | "high" | "critical" | undefined; }' is not assignable to type '{ type: "threat" | "alert" | "event" | "metric"; condition: string; severity: "low" | "medium" | "high" | "critical"; }'.
  Types of property 'severity' are incompatible.
    Type '"low" | "medium" | "high" | "critical" | undefined' is not assignable to type '"low" | "medium" | "high" | "critical"'.
      Type 'undefined' is not assignable to type '"low" | "medium" | "high" | "critical"'.
    101 |                 name: rule.name,
    102 |                 description: rule.description,
  > 103 |                 trigger: rule.trigger,
        |                 ^^^^^^^
    104 |                 actions: rule.actions,
    105 |                 enabled: rule.enabled,
    106 |             });

ERROR in src/components/Security/SecurityAutomationPanel.tsx:209:17
TS2769: No overload matches this call.
  Overload 1 of 2, '(props: { component: ElementType<any, keyof IntrinsicElements>; } & GridBaseProps & { sx?: SxProps<Theme> | undefined; } & SystemProps<...> & Omit<...>): Element | null', gave the following error.
    Property 'component' is missing in type '{ children: Element; item: true; xs: number; }' but required in type '{ component: ElementType<any, keyof IntrinsicElements>; }'.
  Overload 2 of 2, '(props: DefaultComponentProps<GridTypeMap<{}, "div">>): Element | null', gave the following error.
    Type '{ children: Element; item: true; xs: number; }' is not assignable to type 'IntrinsicAttributes & GridBaseProps & { sx?: SxProps<Theme> | undefined; } & SystemProps<Theme> & Omit<...>'.
      Property 'item' does not exist on type 'IntrinsicAttributes & GridBaseProps & { sx?: SxProps<Theme> | undefined; } & SystemProps<Theme> & Omit<...>'.
    207 |
    208 |             <Grid container spacing={3}>
  > 209 |                 <Grid item xs={12}>
        |                 ^^^^^^^^^^^^^^^^^^^
    210 |                     <Card>
    211 |                         <CardContent>
    212 |                             <Typography variant="h6" gutterBottom>

ERROR in src/components/Security/SecurityCharts.tsx:147:13
TS2769: No overload matches this call.
  Overload 1 of 2, '(props: { component: ElementType<any, keyof IntrinsicElements>; } & GridBaseProps & { sx?: SxProps<Theme> | undefined; } & SystemProps<...> & Omit<...>): Element | null', gave the following error.
    Property 'component' is missing in type '{ children: Element; item: true; xs: number; md: number; }' but required in type '{ component: ElementType<any, keyof IntrinsicElements>; }'.
  Overload 2 of 2, '(props: DefaultComponentProps<GridTypeMap<{}, "div">>): Element | null', gave the following error.
    Type '{ children: Element; item: true; xs: number; md: number; }' is not assignable to type 'IntrinsicAttributes & GridBaseProps & { sx?: SxProps<Theme> | undefined; } & SystemProps<Theme> & Omit<...>'.
      Property 'item' does not exist on type 'IntrinsicAttributes & GridBaseProps & { sx?: SxProps<Theme> | undefined; } & SystemProps<Theme> & Omit<...>'.
    145 |         <Grid container spacing={3}>
    146 |             {/* 위협 심각도 분포 */}
  > 147 |             <Grid item xs={12} md={6}>
        |             ^^^^^^^^^^^^^^^^^^^^^^^^^^
    148 |                 <Card>
    149 |                     <CardContent>
    150 |                         <Typography variant="h6" gutterBottom>

ERROR in src/components/Security/SecurityCharts.tsx:160:53
TS2339: Property 'percent' does not exist on type 'Props'.
    158 |                                     cy="50%"
    159 |                                     labelLine={false}
  > 160 |                                     label={({ name, percent }) =>
        |                                                     ^^^^^^^
    161 |                                         `${name}: ${(percent * 100).toFixed(0)}%`
    162 |                                     }
    163 |                                     outerRadius={80}

ERROR in src/components/Security/SecurityCharts.tsx:180:13
TS2769: No overload matches this call.
  Overload 1 of 2, '(props: { component: ElementType<any, keyof IntrinsicElements>; } & GridBaseProps & { sx?: SxProps<Theme> | undefined; } & SystemProps<...> & Omit<...>): Element | null', gave the following error.
    Property 'component' is missing in type '{ children: Element; item: true; xs: number; md: number; }' but required in type '{ component: ElementType<any, keyof IntrinsicElements>; }'.
  Overload 2 of 2, '(props: DefaultComponentProps<GridTypeMap<{}, "div">>): Element | null', gave the following error.
    Type '{ children: Element; item: true; xs: number; md: number; }' is not assignable to type 'IntrinsicAttributes & GridBaseProps & { sx?: SxProps<Theme> | undefined; } & SystemProps<Theme> & Omit<...>'.
      Property 'item' does not exist on type 'IntrinsicAttributes & GridBaseProps & { sx?: SxProps<Theme> | undefined; } & SystemProps<Theme> & Omit<...>'.
    178 |
    179 |             {/* 알림 타입별 분포 */}
  > 180 |             <Grid item xs={12} md={6}>
        |             ^^^^^^^^^^^^^^^^^^^^^^^^^^
    181 |                 <Card>
    182 |                     <CardContent>
    183 |                         <Typography variant="h6" gutterBottom>

ERROR in src/components/Security/SecurityCharts.tsx:249:13
TS2769: No overload matches this call.
  Overload 1 of 2, '(props: { component: ElementType<any, keyof IntrinsicElements>; } & GridBaseProps & { sx?: SxProps<Theme> | undefined; } & SystemProps<...> & Omit<...>): Element | null', gave the following error.
    Property 'component' is missing in type '{ children: Element; item: true; xs: number; md: number; }' but required in type '{ component: ElementType<any, keyof IntrinsicElements>; }'.
  Overload 2 of 2, '(props: DefaultComponentProps<GridTypeMap<{}, "div">>): Element | null', gave the following error.
    Type '{ children: Element; item: true; xs: number; md: number; }' is not assignable to type 'IntrinsicAttributes & GridBaseProps & { sx?: SxProps<Theme> | undefined; } & SystemProps<Theme> & Omit<...>'.
      Property 'item' does not exist on type 'IntrinsicAttributes & GridBaseProps & { sx?: SxProps<Theme> | undefined; } & SystemProps<Theme> & Omit<...>'.
    247 |
    248 |             {/* 이벤트 위험 수준 분포 */}
  > 249 |             <Grid item xs={12} md={6}>
        |             ^^^^^^^^^^^^^^^^^^^^^^^^^^
    250 |                 <Card>
    251 |                     <CardContent>
    252 |                         <Typography variant="h6" gutterBottom>

ERROR in src/components/Security/SecurityCharts.tsx:274:17
TS2769: No overload matches this call.
  Overload 1 of 2, '(props: { component: ElementType<any, keyof IntrinsicElements>; } & GridBaseProps & { sx?: SxProps<Theme> | undefined; } & SystemProps<...> & Omit<...>): Element | null', gave the following error.
    Property 'component' is missing in type '{ children: Element; item: true; xs: number; md: number; }' but required in type '{ component: ElementType<any, keyof IntrinsicElements>; }'.
  Overload 2 of 2, '(props: DefaultComponentProps<GridTypeMap<{}, "div">>): Element | null', gave the following error.
    Type '{ children: Element; item: true; xs: number; md: number; }' is not assignable to type 'IntrinsicAttributes & GridBaseProps & { sx?: SxProps<Theme> | undefined; } & SystemProps<Theme> & Omit<...>'.
      Property 'item' does not exist on type 'IntrinsicAttributes & GridBaseProps & { sx?: SxProps<Theme> | undefined; } & SystemProps<Theme> & Omit<...>'.
    272 |             {/* 보안 점수 추이 */}
    273 |             {securityScoreData.length > 0 && (
  > 274 |                 <Grid item xs={12} md={6}>
        |                 ^^^^^^^^^^^^^^^^^^^^^^^^^^
    275 |                     <Card>
    276 |                         <CardContent>
    277 |                             <Typography variant="h6" gutterBottom>

ERROR in src/services/aiHealthMonitor.ts:53:14
TS2300: Duplicate identifier 'AIHealthMonitor'.
    51 |
    52 | // AI 시스템 헬스 모니터 클래스
  > 53 | export class AIHealthMonitor extends EventEmitter {
       |              ^^^^^^^^^^^^^^^
    54 |     private services: Map<string, ServiceHealth> = new Map();
    55 |     private thresholds: Map<string, HealthThreshold> = new Map();
    56 |     private healthHistory: Map<string, HealthCheckResult[]> = new Map();

Compiling...
Compiled successfully!
webpack compiled successfully
Files successfully emitted, waiting for typecheck results...
Issues checking in progress...
ERROR in src/components/AnalyticsDashboard.tsx:42:16
TS7009: 'new' expression, whose target lacks a construct signature, implicitly has an 'any' type.
    40 |     } catch {
    41 |         // 최후의 수단
  > 42 |         return new Error(String(err));
       |                ^^^^^^^^^^^^^^^^^^^^^^
    43 |     }
    44 | };
    45 |

ERROR in src/components/AnalyticsDashboard.tsx:42:26
TS2769: No overload matches this call.
  Overload 1 of 2, '(props: { component: ElementType<any, keyof IntrinsicElements>; } & SvgIconOwnProps & CommonProps & Omit<any, "className" | ... 10 more ... | "viewBox">): Element | null', gave the following error.
    Argument of type 'string' is not assignable to parameter of type '{ component: ElementType<any, keyof IntrinsicElements>; } & SvgIconOwnProps & CommonProps & Omit<any, "className" | ... 10 more ... | "viewBox">'.
      Type 'string' is not assignable to type '{ component: ElementType<any, keyof IntrinsicElements>; }'.
  Overload 2 of 2, '(props: DefaultComponentProps<SvgIconTypeMap<{}, "svg">>): Element | null', gave the following error.
    Type 'string' has no properties in common with type 'DefaultComponentProps<SvgIconTypeMap<{}, "svg">>'.
    40 |     } catch {
    41 |         // 최후의 수단
  > 42 |         return new Error(String(err));
       |                          ^^^^^^^^^^^
    43 |     }
    44 | };
    45 |

ERROR in src/components/PWAInstallPrompt.tsx:299:24
TS2322: Type '{ children: Element[]; component: string; sx: { border: "none"; p: number; }; "aria-label": string; }' is not assignable to type 'IntrinsicAttributes & DialogActionsProps'.
  Property 'component' does not exist on type 'IntrinsicAttributes & DialogActionsProps'.
    297 |           </Alert>
    298 |         </DialogContent>
  > 299 |         <DialogActions component="fieldset" sx={{ border: 'none', p: 0 }} aria-label="업데이트 액션">
        |                        ^^^^^^^^^
    300 |           <Button 
    301 |             onClick={() => setShowUpdateDialog(false)}
    302 |             aria-label="업데이트 다이얼로그 닫기"

ERROR in src/components/RealEstate/ApartmentCommunityAnalysisDashboard.tsx:224:21
TS2769: No overload matches this call.
  Overload 1 of 2, '(props: { component: ElementType<any, keyof IntrinsicElements>; } & GridBaseProps & { sx?: SxProps<Theme> | undefined; } & SystemProps<...> & Omit<...>): Element | null', gave the following error.
    Property 'component' is missing in type '{ children: Element; item: true; xs: number; sm: number; md: number; }' but required in type '{ component: ElementType<any, keyof IntrinsicElements>; }'.
  Overload 2 of 2, '(props: DefaultComponentProps<GridTypeMap<{}, "div">>): Element | null', gave the following error.
    Type '{ children: Element; item: true; xs: number; sm: number; md: number; }' is not assignable to type 'IntrinsicAttributes & GridBaseProps & { sx?: SxProps<Theme> | undefined; } & SystemProps<Theme> & Omit<...>'.
      Property 'item' does not exist on type 'IntrinsicAttributes & GridBaseProps & { sx?: SxProps<Theme> | undefined; } & SystemProps<Theme> & Omit<...>'.
    222 |             {analytics && (
    223 |                 <Grid container spacing={3} sx={{ mb: 3 }}>
  > 224 |                     <Grid item xs={12} sm={6} md={3}>
        |                     ^^^^^^^^^^^^^^^^^^^^^^^^^^^^^^^^^
    225 |                         <Card>
    226 |                             <CardContent>
    227 |                                 <Typography color="textSecondary" gutterBottom>

ERROR in src/components/RealEstate/ApartmentCommunityAnalysisDashboard.tsx:237:21
TS2769: No overload matches this call.
  Overload 1 of 2, '(props: { component: ElementType<any, keyof IntrinsicElements>; } & GridBaseProps & { sx?: SxProps<Theme> | undefined; } & SystemProps<...> & Omit<...>): Element | null', gave the following error.
    Property 'component' is missing in type '{ children: Element; item: true; xs: number; sm: number; md: number; }' but required in type '{ component: ElementType<any, keyof IntrinsicElements>; }'.
  Overload 2 of 2, '(props: DefaultComponentProps<GridTypeMap<{}, "div">>): Element | null', gave the following error.
    Type '{ children: Element; item: true; xs: number; sm: number; md: number; }' is not assignable to type 'IntrinsicAttributes & GridBaseProps & { sx?: SxProps<Theme> | undefined; } & SystemProps<Theme> & Omit<...>'.
      Property 'item' does not exist on type 'IntrinsicAttributes & GridBaseProps & { sx?: SxProps<Theme> | undefined; } & SystemProps<Theme> & Omit<...>'.
    235 |                         </Card>
    236 |                     </Grid>
  > 237 |                     <Grid item xs={12} sm={6} md={3}>
        |                     ^^^^^^^^^^^^^^^^^^^^^^^^^^^^^^^^^
    238 |                         <Card>
    239 |                             <CardContent>
    240 |                                 <Typography color="textSecondary" gutterBottom>

ERROR in src/components/RealEstate/ApartmentCommunityAnalysisDashboard.tsx:247:21
TS2769: No overload matches this call.
  Overload 1 of 2, '(props: { component: ElementType<any, keyof IntrinsicElements>; } & GridBaseProps & { sx?: SxProps<Theme> | undefined; } & SystemProps<...> & Omit<...>): Element | null', gave the following error.
    Property 'component' is missing in type '{ children: Element; item: true; xs: number; sm: number; md: number; }' but required in type '{ component: ElementType<any, keyof IntrinsicElements>; }'.
  Overload 2 of 2, '(props: DefaultComponentProps<GridTypeMap<{}, "div">>): Element | null', gave the following error.
    Type '{ children: Element; item: true; xs: number; sm: number; md: number; }' is not assignable to type 'IntrinsicAttributes & GridBaseProps & { sx?: SxProps<Theme> | undefined; } & SystemProps<Theme> & Omit<...>'.
      Property 'item' does not exist on type 'IntrinsicAttributes & GridBaseProps & { sx?: SxProps<Theme> | undefined; } & SystemProps<Theme> & Omit<...>'.
    245 |                         </Card>
    246 |                     </Grid>
  > 247 |                     <Grid item xs={12} sm={6} md={3}>
        |                     ^^^^^^^^^^^^^^^^^^^^^^^^^^^^^^^^^
    248 |                         <Card>
    249 |                             <CardContent>
    250 |                                 <Typography color="textSecondary" gutterBottom>

ERROR in src/components/RealEstate/ApartmentCommunityAnalysisDashboard.tsx:259:21
TS2769: No overload matches this call.
  Overload 1 of 2, '(props: { component: ElementType<any, keyof IntrinsicElements>; } & GridBaseProps & { sx?: SxProps<Theme> | undefined; } & SystemProps<...> & Omit<...>): Element | null', gave the following error.
    Property 'component' is missing in type '{ children: Element; item: true; xs: number; sm: number; md: number; }' but required in type '{ component: ElementType<any, keyof IntrinsicElements>; }'.
  Overload 2 of 2, '(props: DefaultComponentProps<GridTypeMap<{}, "div">>): Element | null', gave the following error.
    Type '{ children: Element; item: true; xs: number; sm: number; md: number; }' is not assignable to type 'IntrinsicAttributes & GridBaseProps & { sx?: SxProps<Theme> | undefined; } & SystemProps<Theme> & Omit<...>'.
      Property 'item' does not exist on type 'IntrinsicAttributes & GridBaseProps & { sx?: SxProps<Theme> | undefined; } & SystemProps<Theme> & Omit<...>'.
    257 |                         </Card>
    258 |                     </Grid>
  > 259 |                     <Grid item xs={12} sm={6} md={3}>
        |                     ^^^^^^^^^^^^^^^^^^^^^^^^^^^^^^^^^
    260 |                         <Card>
    261 |                             <CardContent>
    262 |                                 <Typography color="textSecondary" gutterBottom>

ERROR in src/components/RealEstate/ApartmentCommunityAnalysisDashboard.tsx:473:25
TS2769: No overload matches this call.
  Overload 1 of 2, '(props: { component: ElementType<any, keyof IntrinsicElements>; } & GridBaseProps & { sx?: SxProps<Theme> | undefined; } & SystemProps<...> & Omit<...>): Element | null', gave the following error.
    Property 'component' is missing in type '{ children: Element; item: true; xs: number; md: number; }' but required in type '{ component: ElementType<any, keyof IntrinsicElements>; }'.
  Overload 2 of 2, '(props: DefaultComponentProps<GridTypeMap<{}, "div">>): Element | null', gave the following error.
    Type '{ children: Element; item: true; xs: number; md: number; }' is not assignable to type 'IntrinsicAttributes & GridBaseProps & { sx?: SxProps<Theme> | undefined; } & SystemProps<Theme> & Omit<...>'.
      Property 'item' does not exist on type 'IntrinsicAttributes & GridBaseProps & { sx?: SxProps<Theme> | undefined; } & SystemProps<Theme> & Omit<...>'.
    471 |                 {analytics ? (
    472 |                     <Grid container spacing={3}>
  > 473 |                         <Grid item xs={12} md={6}>
        |                         ^^^^^^^^^^^^^^^^^^^^^^^^^^
    474 |                             <Card>
    475 |                                 <CardContent>
    476 |                                     <Typography variant="h6" gutterBottom>

ERROR in src/components/RealEstate/ApartmentCommunityAnalysisDashboard.tsx:505:25
TS2769: No overload matches this call.
  Overload 1 of 2, '(props: { component: ElementType<any, keyof IntrinsicElements>; } & GridBaseProps & { sx?: SxProps<Theme> | undefined; } & SystemProps<...> & Omit<...>): Element | null', gave the following error.
    Property 'component' is missing in type '{ children: Element; item: true; xs: number; md: number; }' but required in type '{ component: ElementType<any, keyof IntrinsicElements>; }'.
  Overload 2 of 2, '(props: DefaultComponentProps<GridTypeMap<{}, "div">>): Element | null', gave the following error.
    Type '{ children: Element; item: true; xs: number; md: number; }' is not assignable to type 'IntrinsicAttributes & GridBaseProps & { sx?: SxProps<Theme> | undefined; } & SystemProps<Theme> & Omit<...>'.
      Property 'item' does not exist on type 'IntrinsicAttributes & GridBaseProps & { sx?: SxProps<Theme> | undefined; } & SystemProps<Theme> & Omit<...>'.
    503 |                             </Card>
    504 |                         </Grid>
  > 505 |                         <Grid item xs={12} md={6}>
        |                         ^^^^^^^^^^^^^^^^^^^^^^^^^^
    506 |                             <Card>
    507 |                                 <CardContent>
    508 |                                     <Typography variant="h6" gutterBottom>

ERROR in src/components/RealEstate/ApartmentCommunityAnalysisDashboard.tsx:524:25
TS2769: No overload matches this call.
  Overload 1 of 2, '(props: { component: ElementType<any, keyof IntrinsicElements>; } & GridBaseProps & { sx?: SxProps<Theme> | undefined; } & SystemProps<...> & Omit<...>): Element | null', gave the following error.
    Property 'component' is missing in type '{ children: Element; item: true; xs: number; }' but required in type '{ component: ElementType<any, keyof IntrinsicElements>; }'.
  Overload 2 of 2, '(props: DefaultComponentProps<GridTypeMap<{}, "div">>): Element | null', gave the following error.
    Type '{ children: Element; item: true; xs: number; }' is not assignable to type 'IntrinsicAttributes & GridBaseProps & { sx?: SxProps<Theme> | undefined; } & SystemProps<Theme> & Omit<...>'.
      Property 'item' does not exist on type 'IntrinsicAttributes & GridBaseProps & { sx?: SxProps<Theme> | undefined; } & SystemProps<Theme> & Omit<...>'.
    522 |                             </Card>
    523 |                         </Grid>
  > 524 |                         <Grid item xs={12}>
        |                         ^^^^^^^^^^^^^^^^^^^
    525 |                             <Card>
    526 |                                 <CardContent>
    527 |                                     <Typography variant="h6" gutterBottom>

ERROR in src/components/RealEstate/ConstructionCompanyDashboard.tsx:327:25
TS2769: No overload matches this call.
  Overload 1 of 2, '(props: { component: ElementType<any, keyof IntrinsicElements>; } & GridBaseProps & { sx?: SxProps<Theme> | undefined; } & SystemProps<...> & Omit<...>): Element | null', gave the following error.
    Property 'component' is missing in type '{ children: Element; item: true; xs: number; md: number; key: string; }' but required in type '{ component: ElementType<any, keyof IntrinsicElements>; }'.
  Overload 2 of 2, '(props: DefaultComponentProps<GridTypeMap<{}, "div">>): Element | null', gave the following error.
    Type '{ children: Element; item: true; xs: number; md: number; key: string; }' is not assignable to type 'IntrinsicAttributes & GridBaseProps & { sx?: SxProps<Theme> | undefined; } & SystemProps<Theme> & Omit<...>'.
      Property 'item' does not exist on type 'IntrinsicAttributes & GridBaseProps & { sx?: SxProps<Theme> | undefined; } & SystemProps<Theme> & Omit<...>'.
    325 |                 <Grid container spacing={3}>
    326 |                     {companies.map((company) => (
  > 327 |                         <Grid item xs={12} md={6} key={company.id}>
        |                         ^^^^^^^^^^^^^^^^^^^^^^^^^^^^^^^^^^^^^^^^^^^
    328 |                             <Card>
    329 |                                 <CardContent>
    330 |                                     <Box sx={{ display: 'flex', justifyContent: 'space-between', mb: 2 }}>

ERROR in src/components/RealEstate/ConstructionCompanyDashboard.tsx:348:41
TS2769: No overload matches this call.
  Overload 1 of 2, '(props: { component: ElementType<any, keyof IntrinsicElements>; } & GridBaseProps & { sx?: SxProps<Theme> | undefined; } & SystemProps<...> & Omit<...>): Element | null', gave the following error.
    Property 'component' is missing in type '{ children: Element[]; item: true; xs: number; }' but required in type '{ component: ElementType<any, keyof IntrinsicElements>; }'.
  Overload 2 of 2, '(props: DefaultComponentProps<GridTypeMap<{}, "div">>): Element | null', gave the following error.
    Type '{ children: Element[]; item: true; xs: number; }' is not assignable to type 'IntrinsicAttributes & GridBaseProps & { sx?: SxProps<Theme> | undefined; } & SystemProps<Theme> & Omit<...>'.
      Property 'item' does not exist on type 'IntrinsicAttributes & GridBaseProps & { sx?: SxProps<Theme> | undefined; } & SystemProps<Theme> & Omit<...>'.
    346 |                                     </Box>
    347 |                                     <Grid container spacing={2}>
  > 348 |                                         <Grid item xs={6}>
        |                                         ^^^^^^^^^^^^^^^^^^
    349 |                                             <Typography variant="body2" color="text.secondary">
    350 |                                                 총 프로젝트
    351 |                                             </Typography>

ERROR in src/components/RealEstate/ConstructionCompanyDashboard.tsx:354:41
TS2769: No overload matches this call.
  Overload 1 of 2, '(props: { component: ElementType<any, keyof IntrinsicElements>; } & GridBaseProps & { sx?: SxProps<Theme> | undefined; } & SystemProps<...> & Omit<...>): Element | null', gave the following error.
    Property 'component' is missing in type '{ children: Element[]; item: true; xs: number; }' but required in type '{ component: ElementType<any, keyof IntrinsicElements>; }'.
  Overload 2 of 2, '(props: DefaultComponentProps<GridTypeMap<{}, "div">>): Element | null', gave the following error.
    Type '{ children: Element[]; item: true; xs: number; }' is not assignable to type 'IntrinsicAttributes & GridBaseProps & { sx?: SxProps<Theme> | undefined; } & SystemProps<Theme> & Omit<...>'.
      Property 'item' does not exist on type 'IntrinsicAttributes & GridBaseProps & { sx?: SxProps<Theme> | undefined; } & SystemProps<Theme> & Omit<...>'.
    352 |                                             <Typography variant="h6">{company.total_projects}</Typography>
    353 |                                         </Grid>
  > 354 |                                         <Grid item xs={6}>
        |                                         ^^^^^^^^^^^^^^^^^^
    355 |                                             <Typography variant="body2" color="text.secondary">
    356 |                                                 완료 프로젝트
    357 |                                             </Typography>

ERROR in src/components/RealEstate/ConstructionCompanyDashboard.tsx:362:41
TS2769: No overload matches this call.
  Overload 1 of 2, '(props: { component: ElementType<any, keyof IntrinsicElements>; } & GridBaseProps & { sx?: SxProps<Theme> | undefined; } & SystemProps<...> & Omit<...>): Element | null', gave the following error.
    Property 'component' is missing in type '{ children: Element[]; item: true; xs: number; }' but required in type '{ component: ElementType<any, keyof IntrinsicElements>; }'.
  Overload 2 of 2, '(props: DefaultComponentProps<GridTypeMap<{}, "div">>): Element | null', gave the following error.
    Type '{ children: Element[]; item: true; xs: number; }' is not assignable to type 'IntrinsicAttributes & GridBaseProps & { sx?: SxProps<Theme> | undefined; } & SystemProps<Theme> & Omit<...>'.
      Property 'item' does not exist on type 'IntrinsicAttributes & GridBaseProps & { sx?: SxProps<Theme> | undefined; } & SystemProps<Theme> & Omit<...>'.
    360 |                                             </Typography>
    361 |                                         </Grid>
  > 362 |                                         <Grid item xs={6}>
        |                                         ^^^^^^^^^^^^^^^^^^
    363 |                                             <Typography variant="body2" color="text.secondary">
    364 |                                                 평판 점수
    365 |                                             </Typography>

ERROR in src/components/RealEstate/ConstructionCompanyDashboard.tsx:368:41
TS2769: No overload matches this call.
  Overload 1 of 2, '(props: { component: ElementType<any, keyof IntrinsicElements>; } & GridBaseProps & { sx?: SxProps<Theme> | undefined; } & SystemProps<...> & Omit<...>): Element | null', gave the following error.
    Property 'component' is missing in type '{ children: Element[]; item: true; xs: number; }' but required in type '{ component: ElementType<any, keyof IntrinsicElements>; }'.
  Overload 2 of 2, '(props: DefaultComponentProps<GridTypeMap<{}, "div">>): Element | null', gave the following error.
    Type '{ children: Element[]; item: true; xs: number; }' is not assignable to type 'IntrinsicAttributes & GridBaseProps & { sx?: SxProps<Theme> | undefined; } & SystemProps<Theme> & Omit<...>'.
      Property 'item' does not exist on type 'IntrinsicAttributes & GridBaseProps & { sx?: SxProps<Theme> | undefined; } & SystemProps<Theme> & Omit<...>'.
    366 |                                             <Typography variant="h6">{company.reputation_score.toFixed(1)}</Typography>
    367 |                                         </Grid>
  > 368 |                                         <Grid item xs={6}>
        |                                         ^^^^^^^^^^^^^^^^^^
    369 |                                             <Typography variant="body2" color="text.secondary">
    370 |                                                 품질 점수
    371 |                                             </Typography>

ERROR in src/components/RealEstate/ConstructionCompanyDashboard.tsx:603:29
TS2769: No overload matches this call.
  Overload 1 of 2, '(props: { component: ElementType<any, keyof IntrinsicElements>; } & GridBaseProps & { sx?: SxProps<Theme> | undefined; } & SystemProps<...> & Omit<...>): Element | null', gave the following error.
    Property 'component' is missing in type '{ children: Element; item: true; xs: number; md: number; key: string; }' but required in type '{ component: ElementType<any, keyof IntrinsicElements>; }'.
  Overload 2 of 2, '(props: DefaultComponentProps<GridTypeMap<{}, "div">>): Element | null', gave the following error.
    Type '{ children: Element; item: true; xs: number; md: number; key: string; }' is not assignable to type 'IntrinsicAttributes & GridBaseProps & { sx?: SxProps<Theme> | undefined; } & SystemProps<Theme> & Omit<...>'.
      Property 'item' does not exist on type 'IntrinsicAttributes & GridBaseProps & { sx?: SxProps<Theme> | undefined; } & SystemProps<Theme> & Omit<...>'.
    601 |                     <Grid container spacing={3}>
    602 |                         {selectionAnalyses.map((analysis) => (
  > 603 |                             <Grid item xs={12} md={6} key={analysis.company_id}>
        |                             ^^^^^^^^^^^^^^^^^^^^^^^^^^^^^^^^^^^^^^^^^^^^^^^^^^^^
    604 |                                 <Card>
    605 |                                     <CardContent>
    606 |                                         <Typography variant="h6" gutterBottom>

ERROR in src/components/Security/AdvancedSecurityPanel.tsx:397:21
TS2769: No overload matches this call.
  Overload 1 of 2, '(props: { component: ElementType<any, keyof IntrinsicElements>; } & GridBaseProps & { sx?: SxProps<Theme> | undefined; } & SystemProps<...> & Omit<...>): Element | null', gave the following error.
    Property 'component' is missing in type '{ children: Element; item: true; xs: number; md: number; }' but required in type '{ component: ElementType<any, keyof IntrinsicElements>; }'.
  Overload 2 of 2, '(props: DefaultComponentProps<GridTypeMap<{}, "div">>): Element | null', gave the following error.
    Type '{ children: Element; item: true; xs: number; md: number; }' is not assignable to type 'IntrinsicAttributes & GridBaseProps & { sx?: SxProps<Theme> | undefined; } & SystemProps<Theme> & Omit<...>'.
      Property 'item' does not exist on type 'IntrinsicAttributes & GridBaseProps & { sx?: SxProps<Theme> | undefined; } & SystemProps<Theme> & Omit<...>'.
    395 |             {securityStatus && (
    396 |                 <Grid container spacing={3} sx={{ mb: 3 }}>
  > 397 |                     <Grid item xs={12} md={3}>
        |                     ^^^^^^^^^^^^^^^^^^^^^^^^^^
    398 |                         <Card role="region" aria-label="보안 점수">
    399 |                             <CardContent>
    400 |                                 <Typography color="textSecondary" gutterBottom>

ERROR in src/components/Security/AdvancedSecurityPanel.tsx:415:21
TS2769: No overload matches this call.
  Overload 1 of 2, '(props: { component: ElementType<any, keyof IntrinsicElements>; } & GridBaseProps & { sx?: SxProps<Theme> | undefined; } & SystemProps<...> & Omit<...>): Element | null', gave the following error.
    Property 'component' is missing in type '{ children: Element; item: true; xs: number; md: number; }' but required in type '{ component: ElementType<any, keyof IntrinsicElements>; }'.
  Overload 2 of 2, '(props: DefaultComponentProps<GridTypeMap<{}, "div">>): Element | null', gave the following error.
    Type '{ children: Element; item: true; xs: number; md: number; }' is not assignable to type 'IntrinsicAttributes & GridBaseProps & { sx?: SxProps<Theme> | undefined; } & SystemProps<Theme> & Omit<...>'.
      Property 'item' does not exist on type 'IntrinsicAttributes & GridBaseProps & { sx?: SxProps<Theme> | undefined; } & SystemProps<Theme> & Omit<...>'.
    413 |                         </Card>
    414 |                     </Grid>
  > 415 |                     <Grid item xs={12} md={3}>
        |                     ^^^^^^^^^^^^^^^^^^^^^^^^^^
    416 |                         <Card role="region" aria-label="활성 위협">
    417 |                             <CardContent>
    418 |                                 <Typography color="textSecondary" gutterBottom>

ERROR in src/components/Security/AdvancedSecurityPanel.tsx:438:21
TS2769: No overload matches this call.
  Overload 1 of 2, '(props: { component: ElementType<any, keyof IntrinsicElements>; } & GridBaseProps & { sx?: SxProps<Theme> | undefined; } & SystemProps<...> & Omit<...>): Element | null', gave the following error.
    Property 'component' is missing in type '{ children: Element; item: true; xs: number; md: number; }' but required in type '{ component: ElementType<any, keyof IntrinsicElements>; }'.
  Overload 2 of 2, '(props: DefaultComponentProps<GridTypeMap<{}, "div">>): Element | null', gave the following error.
    Type '{ children: Element; item: true; xs: number; md: number; }' is not assignable to type 'IntrinsicAttributes & GridBaseProps & { sx?: SxProps<Theme> | undefined; } & SystemProps<Theme> & Omit<...>'.
      Property 'item' does not exist on type 'IntrinsicAttributes & GridBaseProps & { sx?: SxProps<Theme> | undefined; } & SystemProps<Theme> & Omit<...>'.
    436 |                         </Card>
    437 |                     </Grid>
  > 438 |                     <Grid item xs={12} md={3}>
        |                     ^^^^^^^^^^^^^^^^^^^^^^^^^^
    439 |                         <Card role="region" aria-label="고위험 이벤트">
    440 |                             <CardContent>
    441 |                                 <Typography color="textSecondary" gutterBottom>

ERROR in src/components/Security/AdvancedSecurityPanel.tsx:453:21
TS2769: No overload matches this call.
  Overload 1 of 2, '(props: { component: ElementType<any, keyof IntrinsicElements>; } & GridBaseProps & { sx?: SxProps<Theme> | undefined; } & SystemProps<...> & Omit<...>): Element | null', gave the following error.
    Property 'component' is missing in type '{ children: Element; item: true; xs: number; md: number; }' but required in type '{ component: ElementType<any, keyof IntrinsicElements>; }'.
  Overload 2 of 2, '(props: DefaultComponentProps<GridTypeMap<{}, "div">>): Element | null', gave the following error.
    Type '{ children: Element; item: true; xs: number; md: number; }' is not assignable to type 'IntrinsicAttributes & GridBaseProps & { sx?: SxProps<Theme> | undefined; } & SystemProps<Theme> & Omit<...>'.
      Property 'item' does not exist on type 'IntrinsicAttributes & GridBaseProps & { sx?: SxProps<Theme> | undefined; } & SystemProps<Theme> & Omit<...>'.
    451 |                         </Card>
    452 |                     </Grid>
  > 453 |                     <Grid item xs={12} md={3}>
        |                     ^^^^^^^^^^^^^^^^^^^^^^^^^^
    454 |                         <Card role="region" aria-label="암호화 키">
    455 |                             <CardContent>
    456 |                                 <Typography color="textSecondary" gutterBottom>

ERROR in src/components/Security/AdvancedSecurityPanel.tsx:789:53
TS2367: This comparison appears to be unintentional because the types '"disabled" | "enabled"' and '""' have no overlap.
    787 |                                 value={policyFilter.enabled === undefined ? '' : policyFilter.enabled ? 'enabled' : 'disabled'}
    788 |                                 onChange={(e) => {
  > 789 |                                     const enabled = e.target.value === '' ? undefined : e.target.value === 'enabled';
        |                                                     ^^^^^^^^^^^^^^^^^^^^^
    790 |                                     handlePolicyFilterChange(policyFilter.type, enabled, policyFilter.search);
    791 |                                 }}
    792 |                                 label="상태"

ERROR in src/components/Security/AdvancedSecurityPanel.tsx:824:29
TS2769: No overload matches this call.
  Overload 1 of 2, '(props: { component: ElementType<any, keyof IntrinsicElements>; } & GridBaseProps & { sx?: SxProps<Theme> | undefined; } & SystemProps<...> & Omit<...>): Element | null', gave the following error.
    Property 'component' is missing in type '{ children: Element; item: true; xs: number; md: number; key: string; }' but required in type '{ component: ElementType<any, keyof IntrinsicElements>; }'.
  Overload 2 of 2, '(props: DefaultComponentProps<GridTypeMap<{}, "div">>): Element | null', gave the following error.
    Type '{ children: Element; item: true; xs: number; md: number; key: string; }' is not assignable to type 'IntrinsicAttributes & GridBaseProps & { sx?: SxProps<Theme> | undefined; } & SystemProps<Theme> & Omit<...>'.
      Property 'item' does not exist on type 'IntrinsicAttributes & GridBaseProps & { sx?: SxProps<Theme> | undefined; } & SystemProps<Theme> & Omit<...>'.
    822 |                     <Grid container spacing={2}>
    823 |                         {filteredPolicies.map((policy) => (
  > 824 |                             <Grid item xs={12} md={6} key={policy.id}>
        |                             ^^^^^^^^^^^^^^^^^^^^^^^^^^^^^^^^^^^^^^^^^^
    825 |                                 <Card>
    826 |                                     <CardContent>
    827 |                                         <Box sx={{ display: 'flex', justifyContent: 'space-between', mb: 1 }}>

ERROR in src/components/Security/SecurityAnalyticsPanel.tsx:105:25
TS2769: No overload matches this call.
  Overload 1 of 2, '(props: { component: ElementType<any, keyof IntrinsicElements>; } & GridBaseProps & { sx?: SxProps<Theme> | undefined; } & SystemProps<...> & Omit<...>): Element | null', gave the following error.
    Property 'component' is missing in type '{ children: Element; item: true; xs: number; sm: number; }' but required in type '{ component: ElementType<any, keyof IntrinsicElements>; }'.
  Overload 2 of 2, '(props: DefaultComponentProps<GridTypeMap<{}, "div">>): Element | null', gave the following error.
    Type '{ children: Element; item: true; xs: number; sm: number; }' is not assignable to type 'IntrinsicAttributes & GridBaseProps & { sx?: SxProps<Theme> | undefined; } & SystemProps<Theme> & Omit<...>'.
      Property 'item' does not exist on type 'IntrinsicAttributes & GridBaseProps & { sx?: SxProps<Theme> | undefined; } & SystemProps<Theme> & Omit<...>'.
    103 |                 <CardContent>
    104 |                     <Grid container spacing={2} alignItems="center">
  > 105 |                         <Grid item xs={12} sm={4}>
        |                         ^^^^^^^^^^^^^^^^^^^^^^^^^^
    106 |                             <Box>
    107 |                                 <Typography variant="body2" sx={{ mb: 1 }}>
    108 |                                     시작 날짜

ERROR in src/components/Security/SecurityAnalyticsPanel.tsx:125:25
TS2769: No overload matches this call.
  Overload 1 of 2, '(props: { component: ElementType<any, keyof IntrinsicElements>; } & GridBaseProps & { sx?: SxProps<Theme> | undefined; } & SystemProps<...> & Omit<...>): Element | null', gave the following error.
    Property 'component' is missing in type '{ children: Element; item: true; xs: number; sm: number; }' but required in type '{ component: ElementType<any, keyof IntrinsicElements>; }'.
  Overload 2 of 2, '(props: DefaultComponentProps<GridTypeMap<{}, "div">>): Element | null', gave the following error.
    Type '{ children: Element; item: true; xs: number; sm: number; }' is not assignable to type 'IntrinsicAttributes & GridBaseProps & { sx?: SxProps<Theme> | undefined; } & SystemProps<Theme> & Omit<...>'.
      Property 'item' does not exist on type 'IntrinsicAttributes & GridBaseProps & { sx?: SxProps<Theme> | undefined; } & SystemProps<Theme> & Omit<...>'.
    123 |                             </Box>
    124 |                         </Grid>
  > 125 |                         <Grid item xs={12} sm={4}>
        |                         ^^^^^^^^^^^^^^^^^^^^^^^^^^
    126 |                             <Box>
    127 |                                 <Typography variant="body2" sx={{ mb: 1 }}>
    128 |                                     종료 날짜

ERROR in src/components/Security/SecurityAnalyticsPanel.tsx:145:25
TS2769: No overload matches this call.
  Overload 1 of 2, '(props: { component: ElementType<any, keyof IntrinsicElements>; } & GridBaseProps & { sx?: SxProps<Theme> | undefined; } & SystemProps<...> & Omit<...>): Element | null', gave the following error.
    Property 'component' is missing in type '{ children: Element; item: true; xs: number; sm: number; }' but required in type '{ component: ElementType<any, keyof IntrinsicElements>; }'.
  Overload 2 of 2, '(props: DefaultComponentProps<GridTypeMap<{}, "div">>): Element | null', gave the following error.
    Type '{ children: Element; item: true; xs: number; sm: number; }' is not assignable to type 'IntrinsicAttributes & GridBaseProps & { sx?: SxProps<Theme> | undefined; } & SystemProps<Theme> & Omit<...>'.
      Property 'item' does not exist on type 'IntrinsicAttributes & GridBaseProps & { sx?: SxProps<Theme> | undefined; } & SystemProps<Theme> & Omit<...>'.
    143 |                             </Box>
    144 |                         </Grid>
  > 145 |                         <Grid item xs={12} sm={4}>
        |                         ^^^^^^^^^^^^^^^^^^^^^^^^^^
    146 |                             <Button
    147 |                                 variant="contained"
    148 |                                 fullWidth

ERROR in src/components/Security/SecurityAnalyticsPanel.tsx:180:17
TS2769: No overload matches this call.
  Overload 1 of 2, '(props: { component: ElementType<any, keyof IntrinsicElements>; } & GridBaseProps & { sx?: SxProps<Theme> | undefined; } & SystemProps<...> & Omit<...>): Element | null', gave the following error.
    Property 'component' is missing in type '{ children: Element; item: true; xs: number; md: number; }' but required in type '{ component: ElementType<any, keyof IntrinsicElements>; }'.
  Overload 2 of 2, '(props: DefaultComponentProps<GridTypeMap<{}, "div">>): Element | null', gave the following error.
    Type '{ children: Element; item: true; xs: number; md: number; }' is not assignable to type 'IntrinsicAttributes & GridBaseProps & { sx?: SxProps<Theme> | undefined; } & SystemProps<Theme> & Omit<...>'.
      Property 'item' does not exist on type 'IntrinsicAttributes & GridBaseProps & { sx?: SxProps<Theme> | undefined; } & SystemProps<Theme> & Omit<...>'.
    178 |             {/* 위협 통계 */}
    179 |             <Grid container spacing={3} sx={{ mb: 3 }}>
  > 180 |                 <Grid item xs={12} md={6}>
        |                 ^^^^^^^^^^^^^^^^^^^^^^^^^^
    181 |                     <Card>
    182 |                         <CardContent>
    183 |                             <Typography variant="h6" gutterBottom>

ERROR in src/components/Security/SecurityAnalyticsPanel.tsx:204:17
TS2769: No overload matches this call.
  Overload 1 of 2, '(props: { component: ElementType<any, keyof IntrinsicElements>; } & GridBaseProps & { sx?: SxProps<Theme> | undefined; } & SystemProps<...> & Omit<...>): Element | null', gave the following error.
    Property 'component' is missing in type '{ children: Element; item: true; xs: number; md: number; }' but required in type '{ component: ElementType<any, keyof IntrinsicElements>; }'.
  Overload 2 of 2, '(props: DefaultComponentProps<GridTypeMap<{}, "div">>): Element | null', gave the following error.
    Type '{ children: Element; item: true; xs: number; md: number; }' is not assignable to type 'IntrinsicAttributes & GridBaseProps & { sx?: SxProps<Theme> | undefined; } & SystemProps<Theme> & Omit<...>'.
      Property 'item' does not exist on type 'IntrinsicAttributes & GridBaseProps & { sx?: SxProps<Theme> | undefined; } & SystemProps<Theme> & Omit<...>'.
    202 |                 </Grid>
    203 |
  > 204 |                 <Grid item xs={12} md={6}>
        |                 ^^^^^^^^^^^^^^^^^^^^^^^^^^
    205 |                     <Card>
    206 |                         <CardContent>
    207 |                             <Typography variant="h6" gutterBottom>

ERROR in src/components/Security/SecurityAnalyticsPanel.tsx:262:17
TS2769: No overload matches this call.
  Overload 1 of 2, '(props: { component: ElementType<any, keyof IntrinsicElements>; } & GridBaseProps & { sx?: SxProps<Theme> | undefined; } & SystemProps<...> & Omit<...>): Element | null', gave the following error.
    Property 'component' is missing in type '{ children: Element; item: true; xs: number; md: number; }' but required in type '{ component: ElementType<any, keyof IntrinsicElements>; }'.
  Overload 2 of 2, '(props: DefaultComponentProps<GridTypeMap<{}, "div">>): Element | null', gave the following error.
    Type '{ children: Element; item: true; xs: number; md: number; }' is not assignable to type 'IntrinsicAttributes & GridBaseProps & { sx?: SxProps<Theme> | undefined; } & SystemProps<Theme> & Omit<...>'.
      Property 'item' does not exist on type 'IntrinsicAttributes & GridBaseProps & { sx?: SxProps<Theme> | undefined; } & SystemProps<Theme> & Omit<...>'.
    260 |             {/* 이벤트 통계 */}
    261 |             <Grid container spacing={3} sx={{ mb: 3 }}>
  > 262 |                 <Grid item xs={12} md={6}>
        |                 ^^^^^^^^^^^^^^^^^^^^^^^^^^
    263 |                     <Card>
    264 |                         <CardContent>
    265 |                             <Typography variant="h6" gutterBottom>

ERROR in src/components/Security/SecurityAnalyticsPanel.tsx:286:17
TS2769: No overload matches this call.
  Overload 1 of 2, '(props: { component: ElementType<any, keyof IntrinsicElements>; } & GridBaseProps & { sx?: SxProps<Theme> | undefined; } & SystemProps<...> & Omit<...>): Element | null', gave the following error.
    Property 'component' is missing in type '{ children: Element; item: true; xs: number; md: number; }' but required in type '{ component: ElementType<any, keyof IntrinsicElements>; }'.
  Overload 2 of 2, '(props: DefaultComponentProps<GridTypeMap<{}, "div">>): Element | null', gave the following error.
    Type '{ children: Element; item: true; xs: number; md: number; }' is not assignable to type 'IntrinsicAttributes & GridBaseProps & { sx?: SxProps<Theme> | undefined; } & SystemProps<Theme> & Omit<...>'.
      Property 'item' does not exist on type 'IntrinsicAttributes & GridBaseProps & { sx?: SxProps<Theme> | undefined; } & SystemProps<Theme> & Omit<...>'.
    284 |                 </Grid>
    285 |
  > 286 |                 <Grid item xs={12} md={6}>
        |                 ^^^^^^^^^^^^^^^^^^^^^^^^^^
    287 |                     <Card>
    288 |                         <CardContent>
    289 |                             <Typography variant="h6" gutterBottom>

ERROR in src/components/Security/SecurityAnalyticsPanel.tsx:320:25
TS2769: No overload matches this call.
  Overload 1 of 2, '(props: { component: ElementType<any, keyof IntrinsicElements>; } & GridBaseProps & { sx?: SxProps<Theme> | undefined; } & SystemProps<...> & Omit<...>): Element | null', gave the following error.
    Property 'component' is missing in type '{ children: Element[]; item: true; xs: number; sm: number; }' but required in type '{ component: ElementType<any, keyof IntrinsicElements>; }'.
  Overload 2 of 2, '(props: DefaultComponentProps<GridTypeMap<{}, "div">>): Element | null', gave the following error.
    Type '{ children: Element[]; item: true; xs: number; sm: number; }' is not assignable to type 'IntrinsicAttributes & GridBaseProps & { sx?: SxProps<Theme> | undefined; } & SystemProps<Theme> & Omit<...>'.
      Property 'item' does not exist on type 'IntrinsicAttributes & GridBaseProps & { sx?: SxProps<Theme> | undefined; } & SystemProps<Theme> & Omit<...>'.
    318 |                     </Typography>
    319 |                     <Grid container spacing={2}>
  > 320 |                         <Grid item xs={12} sm={4}>
        |                         ^^^^^^^^^^^^^^^^^^^^^^^^^^
    321 |                             <Typography variant="body2" color="text.secondary">
    322 |                                 총 알림 수
    323 |                             </Typography>

ERROR in src/components/Security/SecurityAnalyticsPanel.tsx:326:25
TS2769: No overload matches this call.
  Overload 1 of 2, '(props: { component: ElementType<any, keyof IntrinsicElements>; } & GridBaseProps & { sx?: SxProps<Theme> | undefined; } & SystemProps<...> & Omit<...>): Element | null', gave the following error.
    Property 'component' is missing in type '{ children: Element[]; item: true; xs: number; sm: number; }' but required in type '{ component: ElementType<any, keyof IntrinsicElements>; }'.
  Overload 2 of 2, '(props: DefaultComponentProps<GridTypeMap<{}, "div">>): Element | null', gave the following error.
    Type '{ children: Element[]; item: true; xs: number; sm: number; }' is not assignable to type 'IntrinsicAttributes & GridBaseProps & { sx?: SxProps<Theme> | undefined; } & SystemProps<Theme> & Omit<...>'.
      Property 'item' does not exist on type 'IntrinsicAttributes & GridBaseProps & { sx?: SxProps<Theme> | undefined; } & SystemProps<Theme> & Omit<...>'.
    324 |                             <Typography variant="h4">{statistics.alerts.total}</Typography>
    325 |                         </Grid>
  > 326 |                         <Grid item xs={12} sm={4}>
        |                         ^^^^^^^^^^^^^^^^^^^^^^^^^^
    327 |                             <Typography variant="body2" color="text.secondary">
    328 |                                 미확인 알림
    329 |                             </Typography>

ERROR in src/components/Security/SecurityAnalyticsPanel.tsx:334:25
TS2769: No overload matches this call.
  Overload 1 of 2, '(props: { component: ElementType<any, keyof IntrinsicElements>; } & GridBaseProps & { sx?: SxProps<Theme> | undefined; } & SystemProps<...> & Omit<...>): Element | null', gave the following error.
    Property 'component' is missing in type '{ children: Element[]; item: true; xs: number; sm: number; }' but required in type '{ component: ElementType<any, keyof IntrinsicElements>; }'.
  Overload 2 of 2, '(props: DefaultComponentProps<GridTypeMap<{}, "div">>): Element | null', gave the following error.
    Type '{ children: Element[]; item: true; xs: number; sm: number; }' is not assignable to type 'IntrinsicAttributes & GridBaseProps & { sx?: SxProps<Theme> | undefined; } & SystemProps<Theme> & Omit<...>'.
      Property 'item' does not exist on type 'IntrinsicAttributes & GridBaseProps & { sx?: SxProps<Theme> | undefined; } & SystemProps<Theme> & Omit<...>'.
    332 |                             </Typography>
    333 |                         </Grid>
  > 334 |                         <Grid item xs={12} sm={4}>
        |                         ^^^^^^^^^^^^^^^^^^^^^^^^^^
    335 |                             <Typography variant="body2" color="text.secondary">
    336 |                                 심각도별 분포
    337 |                             </Typography>

ERROR in src/components/Security/SecurityAnalyticsPanel.tsx:365:21
TS2769: No overload matches this call.
  Overload 1 of 2, '(props: { component: ElementType<any, keyof IntrinsicElements>; } & GridBaseProps & { sx?: SxProps<Theme> | undefined; } & SystemProps<...> & Omit<...>): Element | null', gave the following error.
    Property 'component' is missing in type '{ children: Element; item: true; xs: number; md: number; }' but required in type '{ component: ElementType<any, keyof IntrinsicElements>; }'.
  Overload 2 of 2, '(props: DefaultComponentProps<GridTypeMap<{}, "div">>): Element | null', gave the following error.
    Type '{ children: Element; item: true; xs: number; md: number; }' is not assignable to type 'IntrinsicAttributes & GridBaseProps & { sx?: SxProps<Theme> | undefined; } & SystemProps<Theme> & Omit<...>'.
      Property 'item' does not exist on type 'IntrinsicAttributes & GridBaseProps & { sx?: SxProps<Theme> | undefined; } & SystemProps<Theme> & Omit<...>'.
    363 |             {statistics.audit.topUsers.length > 0 && (
    364 |                 <Grid container spacing={3} sx={{ mb: 3 }}>
  > 365 |                     <Grid item xs={12} md={6}>
        |                     ^^^^^^^^^^^^^^^^^^^^^^^^^^
    366 |                         <Card>
    367 |                             <CardContent>
    368 |                                 <Typography variant="h6" gutterBottom>

ERROR in src/components/Security/SecurityAnalyticsPanel.tsx:393:21
TS2769: No overload matches this call.
  Overload 1 of 2, '(props: { component: ElementType<any, keyof IntrinsicElements>; } & GridBaseProps & { sx?: SxProps<Theme> | undefined; } & SystemProps<...> & Omit<...>): Element | null', gave the following error.
    Property 'component' is missing in type '{ children: Element; item: true; xs: number; md: number; }' but required in type '{ component: ElementType<any, keyof IntrinsicElements>; }'.
  Overload 2 of 2, '(props: DefaultComponentProps<GridTypeMap<{}, "div">>): Element | null', gave the following error.
    Type '{ children: Element; item: true; xs: number; md: number; }' is not assignable to type 'IntrinsicAttributes & GridBaseProps & { sx?: SxProps<Theme> | undefined; } & SystemProps<Theme> & Omit<...>'.
      Property 'item' does not exist on type 'IntrinsicAttributes & GridBaseProps & { sx?: SxProps<Theme> | undefined; } & SystemProps<Theme> & Omit<...>'.
    391 |                     </Grid>
    392 |
  > 393 |                     <Grid item xs={12} md={6}>
        |                     ^^^^^^^^^^^^^^^^^^^^^^^^^^
    394 |                         <Card>
    395 |                             <CardContent>
    396 |                                 <Typography variant="h6" gutterBottom>

ERROR in src/components/Security/SecurityAutomationPanel.tsx:103:17
TS2322: Type '{ type: "threat" | "alert" | "event" | "metric"; condition: string; severity?: "low" | "medium" | "high" | "critical" | undefined; }' is not assignable to type '{ type: "threat" | "alert" | "event" | "metric"; condition: string; severity: "low" | "medium" | "high" | "critical"; }'.
  Types of property 'severity' are incompatible.
    Type '"low" | "medium" | "high" | "critical" | undefined' is not assignable to type '"low" | "medium" | "high" | "critical"'.
      Type 'undefined' is not assignable to type '"low" | "medium" | "high" | "critical"'.
    101 |                 name: rule.name,
    102 |                 description: rule.description,
  > 103 |                 trigger: rule.trigger,
        |                 ^^^^^^^
    104 |                 actions: rule.actions,
    105 |                 enabled: rule.enabled,
    106 |             });

ERROR in src/components/Security/SecurityAutomationPanel.tsx:209:17
TS2769: No overload matches this call.
  Overload 1 of 2, '(props: { component: ElementType<any, keyof IntrinsicElements>; } & GridBaseProps & { sx?: SxProps<Theme> | undefined; } & SystemProps<...> & Omit<...>): Element | null', gave the following error.
    Property 'component' is missing in type '{ children: Element; item: true; xs: number; }' but required in type '{ component: ElementType<any, keyof IntrinsicElements>; }'.
  Overload 2 of 2, '(props: DefaultComponentProps<GridTypeMap<{}, "div">>): Element | null', gave the following error.
    Type '{ children: Element; item: true; xs: number; }' is not assignable to type 'IntrinsicAttributes & GridBaseProps & { sx?: SxProps<Theme> | undefined; } & SystemProps<Theme> & Omit<...>'.
      Property 'item' does not exist on type 'IntrinsicAttributes & GridBaseProps & { sx?: SxProps<Theme> | undefined; } & SystemProps<Theme> & Omit<...>'.
    207 |
    208 |             <Grid container spacing={3}>
  > 209 |                 <Grid item xs={12}>
        |                 ^^^^^^^^^^^^^^^^^^^
    210 |                     <Card>
    211 |                         <CardContent>
    212 |                             <Typography variant="h6" gutterBottom>

ERROR in src/components/Security/SecurityCharts.tsx:147:13
TS2769: No overload matches this call.
  Overload 1 of 2, '(props: { component: ElementType<any, keyof IntrinsicElements>; } & GridBaseProps & { sx?: SxProps<Theme> | undefined; } & SystemProps<...> & Omit<...>): Element | null', gave the following error.
    Property 'component' is missing in type '{ children: Element; item: true; xs: number; md: number; }' but required in type '{ component: ElementType<any, keyof IntrinsicElements>; }'.
  Overload 2 of 2, '(props: DefaultComponentProps<GridTypeMap<{}, "div">>): Element | null', gave the following error.
    Type '{ children: Element; item: true; xs: number; md: number; }' is not assignable to type 'IntrinsicAttributes & GridBaseProps & { sx?: SxProps<Theme> | undefined; } & SystemProps<Theme> & Omit<...>'.
      Property 'item' does not exist on type 'IntrinsicAttributes & GridBaseProps & { sx?: SxProps<Theme> | undefined; } & SystemProps<Theme> & Omit<...>'.
    145 |         <Grid container spacing={3}>
    146 |             {/* 위협 심각도 분포 */}
  > 147 |             <Grid item xs={12} md={6}>
        |             ^^^^^^^^^^^^^^^^^^^^^^^^^^
    148 |                 <Card>
    149 |                     <CardContent>
    150 |                         <Typography variant="h6" gutterBottom>

ERROR in src/components/Security/SecurityCharts.tsx:160:53
TS2339: Property 'percent' does not exist on type 'Props'.
    158 |                                     cy="50%"
    159 |                                     labelLine={false}
  > 160 |                                     label={({ name, percent }) =>
        |                                                     ^^^^^^^
    161 |                                         `${name}: ${(percent * 100).toFixed(0)}%`
    162 |                                     }
    163 |                                     outerRadius={80}

ERROR in src/components/Security/SecurityCharts.tsx:180:13
TS2769: No overload matches this call.
  Overload 1 of 2, '(props: { component: ElementType<any, keyof IntrinsicElements>; } & GridBaseProps & { sx?: SxProps<Theme> | undefined; } & SystemProps<...> & Omit<...>): Element | null', gave the following error.
    Property 'component' is missing in type '{ children: Element; item: true; xs: number; md: number; }' but required in type '{ component: ElementType<any, keyof IntrinsicElements>; }'.
  Overload 2 of 2, '(props: DefaultComponentProps<GridTypeMap<{}, "div">>): Element | null', gave the following error.
    Type '{ children: Element; item: true; xs: number; md: number; }' is not assignable to type 'IntrinsicAttributes & GridBaseProps & { sx?: SxProps<Theme> | undefined; } & SystemProps<Theme> & Omit<...>'.
      Property 'item' does not exist on type 'IntrinsicAttributes & GridBaseProps & { sx?: SxProps<Theme> | undefined; } & SystemProps<Theme> & Omit<...>'.
    178 |
    179 |             {/* 알림 타입별 분포 */}
  > 180 |             <Grid item xs={12} md={6}>
        |             ^^^^^^^^^^^^^^^^^^^^^^^^^^
    181 |                 <Card>
    182 |                     <CardContent>
    183 |                         <Typography variant="h6" gutterBottom>

ERROR in src/components/Security/SecurityCharts.tsx:274:17
TS2769: No overload matches this call.
  Overload 1 of 2, '(props: { component: ElementType<any, keyof IntrinsicElements>; } & GridBaseProps & { sx?: SxProps<Theme> | undefined; } & SystemProps<...> & Omit<...>): Element | null', gave the following error.
    Property 'component' is missing in type '{ children: Element; item: true; xs: number; md: number; }' but required in type '{ component: ElementType<any, keyof IntrinsicElements>; }'.
  Overload 2 of 2, '(props: DefaultComponentProps<GridTypeMap<{}, "div">>): Element | null', gave the following error.
    Type '{ children: Element; item: true; xs: number; md: number; }' is not assignable to type 'IntrinsicAttributes & GridBaseProps & { sx?: SxProps<Theme> | undefined; } & SystemProps<Theme> & Omit<...>'.
      Property 'item' does not exist on type 'IntrinsicAttributes & GridBaseProps & { sx?: SxProps<Theme> | undefined; } & SystemProps<Theme> & Omit<...>'.
    272 |             {/* 보안 점수 추이 */}
    273 |             {securityScoreData.length > 0 && (
  > 274 |                 <Grid item xs={12} md={6}>
        |                 ^^^^^^^^^^^^^^^^^^^^^^^^^^
    275 |                     <Card>
    276 |                         <CardContent>
    277 |                             <Typography variant="h6" gutterBottom>

ERROR in src/services/aiHealthMonitor.ts:53:14
TS2300: Duplicate identifier 'AIHealthMonitor'.
    51 |
    52 | // AI 시스템 헬스 모니터 클래스
  > 53 | export class AIHealthMonitor extends EventEmitter {
       |              ^^^^^^^^^^^^^^^
    54 |     private services: Map<string, ServiceHealth> = new Map();
    55 |     private thresholds: Map<string, HealthThreshold> = new Map();
    56 |     private healthHistory: Map<string, HealthCheckResult[]> = new Map();

Compiling...
Compiled successfully!
webpack compiled successfully
Files successfully emitted, waiting for typecheck results...
Issues checking in progress...
ERROR in src/components/AnalyticsDashboard.tsx:42:16
TS7009: 'new' expression, whose target lacks a construct signature, implicitly has an 'any' type.
    40 |     } catch {
    41 |         // 최후의 수단
  > 42 |         return new Error(String(err));
       |                ^^^^^^^^^^^^^^^^^^^^^^
    43 |     }
    44 | };
    45 |

ERROR in src/components/AnalyticsDashboard.tsx:42:26
TS2769: No overload matches this call.
  Overload 1 of 2, '(props: { component: ElementType<any, keyof IntrinsicElements>; } & SvgIconOwnProps & CommonProps & Omit<any, "className" | ... 10 more ... | "viewBox">): Element | null', gave the following error.
    Argument of type 'string' is not assignable to parameter of type '{ component: ElementType<any, keyof IntrinsicElements>; } & SvgIconOwnProps & CommonProps & Omit<any, "className" | ... 10 more ... | "viewBox">'.
      Type 'string' is not assignable to type '{ component: ElementType<any, keyof IntrinsicElements>; }'.
  Overload 2 of 2, '(props: DefaultComponentProps<SvgIconTypeMap<{}, "svg">>): Element | null', gave the following error.
    Type 'string' has no properties in common with type 'DefaultComponentProps<SvgIconTypeMap<{}, "svg">>'.
    40 |     } catch {
    41 |         // 최후의 수단
  > 42 |         return new Error(String(err));
       |                          ^^^^^^^^^^^
    43 |     }
    44 | };
    45 |

ERROR in src/components/PWAInstallPrompt.tsx:299:24
TS2322: Type '{ children: Element[]; component: string; sx: { border: "none"; p: number; }; "aria-label": string; }' is not assignable to type 'IntrinsicAttributes & DialogActionsProps'.
  Property 'component' does not exist on type 'IntrinsicAttributes & DialogActionsProps'.
    297 |           </Alert>
    298 |         </DialogContent>
  > 299 |         <DialogActions component="fieldset" sx={{ border: 'none', p: 0 }} aria-label="업데이트 액션">
        |                        ^^^^^^^^^
    300 |           <Button 
    301 |             onClick={() => setShowUpdateDialog(false)}
    302 |             aria-label="업데이트 다이얼로그 닫기"

ERROR in src/components/RealEstate/ApartmentCommunityAnalysisDashboard.tsx:224:21
TS2769: No overload matches this call.
  Overload 1 of 2, '(props: { component: ElementType<any, keyof IntrinsicElements>; } & GridBaseProps & { sx?: SxProps<Theme> | undefined; } & SystemProps<...> & Omit<...>): Element | null', gave the following error.
    Property 'component' is missing in type '{ children: Element; item: true; xs: number; sm: number; md: number; }' but required in type '{ component: ElementType<any, keyof IntrinsicElements>; }'.
  Overload 2 of 2, '(props: DefaultComponentProps<GridTypeMap<{}, "div">>): Element | null', gave the following error.
    Type '{ children: Element; item: true; xs: number; sm: number; md: number; }' is not assignable to type 'IntrinsicAttributes & GridBaseProps & { sx?: SxProps<Theme> | undefined; } & SystemProps<Theme> & Omit<...>'.
      Property 'item' does not exist on type 'IntrinsicAttributes & GridBaseProps & { sx?: SxProps<Theme> | undefined; } & SystemProps<Theme> & Omit<...>'.
    222 |             {analytics && (
    223 |                 <Grid container spacing={3} sx={{ mb: 3 }}>
  > 224 |                     <Grid item xs={12} sm={6} md={3}>
        |                     ^^^^^^^^^^^^^^^^^^^^^^^^^^^^^^^^^
    225 |                         <Card>
    226 |                             <CardContent>
    227 |                                 <Typography color="textSecondary" gutterBottom>

ERROR in src/components/RealEstate/ApartmentCommunityAnalysisDashboard.tsx:237:21
TS2769: No overload matches this call.
  Overload 1 of 2, '(props: { component: ElementType<any, keyof IntrinsicElements>; } & GridBaseProps & { sx?: SxProps<Theme> | undefined; } & SystemProps<...> & Omit<...>): Element | null', gave the following error.
    Property 'component' is missing in type '{ children: Element; item: true; xs: number; sm: number; md: number; }' but required in type '{ component: ElementType<any, keyof IntrinsicElements>; }'.
  Overload 2 of 2, '(props: DefaultComponentProps<GridTypeMap<{}, "div">>): Element | null', gave the following error.
    Type '{ children: Element; item: true; xs: number; sm: number; md: number; }' is not assignable to type 'IntrinsicAttributes & GridBaseProps & { sx?: SxProps<Theme> | undefined; } & SystemProps<Theme> & Omit<...>'.
      Property 'item' does not exist on type 'IntrinsicAttributes & GridBaseProps & { sx?: SxProps<Theme> | undefined; } & SystemProps<Theme> & Omit<...>'.
    235 |                         </Card>
    236 |                     </Grid>
  > 237 |                     <Grid item xs={12} sm={6} md={3}>
        |                     ^^^^^^^^^^^^^^^^^^^^^^^^^^^^^^^^^
    238 |                         <Card>
    239 |                             <CardContent>
    240 |                                 <Typography color="textSecondary" gutterBottom>

ERROR in src/components/RealEstate/ApartmentCommunityAnalysisDashboard.tsx:247:21
TS2769: No overload matches this call.
  Overload 1 of 2, '(props: { component: ElementType<any, keyof IntrinsicElements>; } & GridBaseProps & { sx?: SxProps<Theme> | undefined; } & SystemProps<...> & Omit<...>): Element | null', gave the following error.
    Property 'component' is missing in type '{ children: Element; item: true; xs: number; sm: number; md: number; }' but required in type '{ component: ElementType<any, keyof IntrinsicElements>; }'.
  Overload 2 of 2, '(props: DefaultComponentProps<GridTypeMap<{}, "div">>): Element | null', gave the following error.
    Type '{ children: Element; item: true; xs: number; sm: number; md: number; }' is not assignable to type 'IntrinsicAttributes & GridBaseProps & { sx?: SxProps<Theme> | undefined; } & SystemProps<Theme> & Omit<...>'.
      Property 'item' does not exist on type 'IntrinsicAttributes & GridBaseProps & { sx?: SxProps<Theme> | undefined; } & SystemProps<Theme> & Omit<...>'.
    245 |                         </Card>
    246 |                     </Grid>
  > 247 |                     <Grid item xs={12} sm={6} md={3}>
        |                     ^^^^^^^^^^^^^^^^^^^^^^^^^^^^^^^^^
    248 |                         <Card>
    249 |                             <CardContent>
    250 |                                 <Typography color="textSecondary" gutterBottom>

ERROR in src/components/RealEstate/ApartmentCommunityAnalysisDashboard.tsx:259:21
TS2769: No overload matches this call.
  Overload 1 of 2, '(props: { component: ElementType<any, keyof IntrinsicElements>; } & GridBaseProps & { sx?: SxProps<Theme> | undefined; } & SystemProps<...> & Omit<...>): Element | null', gave the following error.
    Property 'component' is missing in type '{ children: Element; item: true; xs: number; sm: number; md: number; }' but required in type '{ component: ElementType<any, keyof IntrinsicElements>; }'.
  Overload 2 of 2, '(props: DefaultComponentProps<GridTypeMap<{}, "div">>): Element | null', gave the following error.
    Type '{ children: Element; item: true; xs: number; sm: number; md: number; }' is not assignable to type 'IntrinsicAttributes & GridBaseProps & { sx?: SxProps<Theme> | undefined; } & SystemProps<Theme> & Omit<...>'.
      Property 'item' does not exist on type 'IntrinsicAttributes & GridBaseProps & { sx?: SxProps<Theme> | undefined; } & SystemProps<Theme> & Omit<...>'.
    257 |                         </Card>
    258 |                     </Grid>
  > 259 |                     <Grid item xs={12} sm={6} md={3}>
        |                     ^^^^^^^^^^^^^^^^^^^^^^^^^^^^^^^^^
    260 |                         <Card>
    261 |                             <CardContent>
    262 |                                 <Typography color="textSecondary" gutterBottom>

ERROR in src/components/RealEstate/ApartmentCommunityAnalysisDashboard.tsx:473:25
TS2769: No overload matches this call.
  Overload 1 of 2, '(props: { component: ElementType<any, keyof IntrinsicElements>; } & GridBaseProps & { sx?: SxProps<Theme> | undefined; } & SystemProps<...> & Omit<...>): Element | null', gave the following error.
    Property 'component' is missing in type '{ children: Element; item: true; xs: number; md: number; }' but required in type '{ component: ElementType<any, keyof IntrinsicElements>; }'.
  Overload 2 of 2, '(props: DefaultComponentProps<GridTypeMap<{}, "div">>): Element | null', gave the following error.
    Type '{ children: Element; item: true; xs: number; md: number; }' is not assignable to type 'IntrinsicAttributes & GridBaseProps & { sx?: SxProps<Theme> | undefined; } & SystemProps<Theme> & Omit<...>'.
      Property 'item' does not exist on type 'IntrinsicAttributes & GridBaseProps & { sx?: SxProps<Theme> | undefined; } & SystemProps<Theme> & Omit<...>'.
    471 |                 {analytics ? (
    472 |                     <Grid container spacing={3}>
  > 473 |                         <Grid item xs={12} md={6}>
        |                         ^^^^^^^^^^^^^^^^^^^^^^^^^^
    474 |                             <Card>
    475 |                                 <CardContent>
    476 |                                     <Typography variant="h6" gutterBottom>

ERROR in src/components/RealEstate/ApartmentCommunityAnalysisDashboard.tsx:505:25
TS2769: No overload matches this call.
  Overload 1 of 2, '(props: { component: ElementType<any, keyof IntrinsicElements>; } & GridBaseProps & { sx?: SxProps<Theme> | undefined; } & SystemProps<...> & Omit<...>): Element | null', gave the following error.
    Property 'component' is missing in type '{ children: Element; item: true; xs: number; md: number; }' but required in type '{ component: ElementType<any, keyof IntrinsicElements>; }'.
  Overload 2 of 2, '(props: DefaultComponentProps<GridTypeMap<{}, "div">>): Element | null', gave the following error.
    Type '{ children: Element; item: true; xs: number; md: number; }' is not assignable to type 'IntrinsicAttributes & GridBaseProps & { sx?: SxProps<Theme> | undefined; } & SystemProps<Theme> & Omit<...>'.
      Property 'item' does not exist on type 'IntrinsicAttributes & GridBaseProps & { sx?: SxProps<Theme> | undefined; } & SystemProps<Theme> & Omit<...>'.
    503 |                             </Card>
    504 |                         </Grid>
  > 505 |                         <Grid item xs={12} md={6}>
        |                         ^^^^^^^^^^^^^^^^^^^^^^^^^^
    506 |                             <Card>
    507 |                                 <CardContent>
    508 |                                     <Typography variant="h6" gutterBottom>

ERROR in src/components/RealEstate/ApartmentCommunityAnalysisDashboard.tsx:524:25
TS2769: No overload matches this call.
  Overload 1 of 2, '(props: { component: ElementType<any, keyof IntrinsicElements>; } & GridBaseProps & { sx?: SxProps<Theme> | undefined; } & SystemProps<...> & Omit<...>): Element | null', gave the following error.
    Property 'component' is missing in type '{ children: Element; item: true; xs: number; }' but required in type '{ component: ElementType<any, keyof IntrinsicElements>; }'.
  Overload 2 of 2, '(props: DefaultComponentProps<GridTypeMap<{}, "div">>): Element | null', gave the following error.
    Type '{ children: Element; item: true; xs: number; }' is not assignable to type 'IntrinsicAttributes & GridBaseProps & { sx?: SxProps<Theme> | undefined; } & SystemProps<Theme> & Omit<...>'.
      Property 'item' does not exist on type 'IntrinsicAttributes & GridBaseProps & { sx?: SxProps<Theme> | undefined; } & SystemProps<Theme> & Omit<...>'.
    522 |                             </Card>
    523 |                         </Grid>
  > 524 |                         <Grid item xs={12}>
        |                         ^^^^^^^^^^^^^^^^^^^
    525 |                             <Card>
    526 |                                 <CardContent>
    527 |                                     <Typography variant="h6" gutterBottom>

ERROR in src/components/RealEstate/ConstructionCompanyDashboard.tsx:327:25
TS2769: No overload matches this call.
  Overload 1 of 2, '(props: { component: ElementType<any, keyof IntrinsicElements>; } & GridBaseProps & { sx?: SxProps<Theme> | undefined; } & SystemProps<...> & Omit<...>): Element | null', gave the following error.
    Property 'component' is missing in type '{ children: Element; item: true; xs: number; md: number; key: string; }' but required in type '{ component: ElementType<any, keyof IntrinsicElements>; }'.
  Overload 2 of 2, '(props: DefaultComponentProps<GridTypeMap<{}, "div">>): Element | null', gave the following error.
    Type '{ children: Element; item: true; xs: number; md: number; key: string; }' is not assignable to type 'IntrinsicAttributes & GridBaseProps & { sx?: SxProps<Theme> | undefined; } & SystemProps<Theme> & Omit<...>'.
      Property 'item' does not exist on type 'IntrinsicAttributes & GridBaseProps & { sx?: SxProps<Theme> | undefined; } & SystemProps<Theme> & Omit<...>'.
    325 |                 <Grid container spacing={3}>
    326 |                     {companies.map((company) => (
  > 327 |                         <Grid item xs={12} md={6} key={company.id}>
        |                         ^^^^^^^^^^^^^^^^^^^^^^^^^^^^^^^^^^^^^^^^^^^
    328 |                             <Card>
    329 |                                 <CardContent>
    330 |                                     <Box sx={{ display: 'flex', justifyContent: 'space-between', mb: 2 }}>

ERROR in src/components/RealEstate/ConstructionCompanyDashboard.tsx:348:41
TS2769: No overload matches this call.
  Overload 1 of 2, '(props: { component: ElementType<any, keyof IntrinsicElements>; } & GridBaseProps & { sx?: SxProps<Theme> | undefined; } & SystemProps<...> & Omit<...>): Element | null', gave the following error.
    Property 'component' is missing in type '{ children: Element[]; item: true; xs: number; }' but required in type '{ component: ElementType<any, keyof IntrinsicElements>; }'.
  Overload 2 of 2, '(props: DefaultComponentProps<GridTypeMap<{}, "div">>): Element | null', gave the following error.
    Type '{ children: Element[]; item: true; xs: number; }' is not assignable to type 'IntrinsicAttributes & GridBaseProps & { sx?: SxProps<Theme> | undefined; } & SystemProps<Theme> & Omit<...>'.
      Property 'item' does not exist on type 'IntrinsicAttributes & GridBaseProps & { sx?: SxProps<Theme> | undefined; } & SystemProps<Theme> & Omit<...>'.
    346 |                                     </Box>
    347 |                                     <Grid container spacing={2}>
  > 348 |                                         <Grid item xs={6}>
        |                                         ^^^^^^^^^^^^^^^^^^
    349 |                                             <Typography variant="body2" color="text.secondary">
    350 |                                                 총 프로젝트
    351 |                                             </Typography>

ERROR in src/components/RealEstate/ConstructionCompanyDashboard.tsx:354:41
TS2769: No overload matches this call.
  Overload 1 of 2, '(props: { component: ElementType<any, keyof IntrinsicElements>; } & GridBaseProps & { sx?: SxProps<Theme> | undefined; } & SystemProps<...> & Omit<...>): Element | null', gave the following error.
    Property 'component' is missing in type '{ children: Element[]; item: true; xs: number; }' but required in type '{ component: ElementType<any, keyof IntrinsicElements>; }'.
  Overload 2 of 2, '(props: DefaultComponentProps<GridTypeMap<{}, "div">>): Element | null', gave the following error.
    Type '{ children: Element[]; item: true; xs: number; }' is not assignable to type 'IntrinsicAttributes & GridBaseProps & { sx?: SxProps<Theme> | undefined; } & SystemProps<Theme> & Omit<...>'.
      Property 'item' does not exist on type 'IntrinsicAttributes & GridBaseProps & { sx?: SxProps<Theme> | undefined; } & SystemProps<Theme> & Omit<...>'.
    352 |                                             <Typography variant="h6">{company.total_projects}</Typography>
    353 |                                         </Grid>
  > 354 |                                         <Grid item xs={6}>
        |                                         ^^^^^^^^^^^^^^^^^^
    355 |                                             <Typography variant="body2" color="text.secondary">
    356 |                                                 완료 프로젝트
    357 |                                             </Typography>

ERROR in src/components/RealEstate/ConstructionCompanyDashboard.tsx:362:41
TS2769: No overload matches this call.
  Overload 1 of 2, '(props: { component: ElementType<any, keyof IntrinsicElements>; } & GridBaseProps & { sx?: SxProps<Theme> | undefined; } & SystemProps<...> & Omit<...>): Element | null', gave the following error.
    Property 'component' is missing in type '{ children: Element[]; item: true; xs: number; }' but required in type '{ component: ElementType<any, keyof IntrinsicElements>; }'.
  Overload 2 of 2, '(props: DefaultComponentProps<GridTypeMap<{}, "div">>): Element | null', gave the following error.
    Type '{ children: Element[]; item: true; xs: number; }' is not assignable to type 'IntrinsicAttributes & GridBaseProps & { sx?: SxProps<Theme> | undefined; } & SystemProps<Theme> & Omit<...>'.
      Property 'item' does not exist on type 'IntrinsicAttributes & GridBaseProps & { sx?: SxProps<Theme> | undefined; } & SystemProps<Theme> & Omit<...>'.
    360 |                                             </Typography>
    361 |                                         </Grid>
  > 362 |                                         <Grid item xs={6}>
        |                                         ^^^^^^^^^^^^^^^^^^
    363 |                                             <Typography variant="body2" color="text.secondary">
    364 |                                                 평판 점수
    365 |                                             </Typography>

ERROR in src/components/RealEstate/ConstructionCompanyDashboard.tsx:368:41
TS2769: No overload matches this call.
  Overload 1 of 2, '(props: { component: ElementType<any, keyof IntrinsicElements>; } & GridBaseProps & { sx?: SxProps<Theme> | undefined; } & SystemProps<...> & Omit<...>): Element | null', gave the following error.
    Property 'component' is missing in type '{ children: Element[]; item: true; xs: number; }' but required in type '{ component: ElementType<any, keyof IntrinsicElements>; }'.
  Overload 2 of 2, '(props: DefaultComponentProps<GridTypeMap<{}, "div">>): Element | null', gave the following error.
    Type '{ children: Element[]; item: true; xs: number; }' is not assignable to type 'IntrinsicAttributes & GridBaseProps & { sx?: SxProps<Theme> | undefined; } & SystemProps<Theme> & Omit<...>'.
      Property 'item' does not exist on type 'IntrinsicAttributes & GridBaseProps & { sx?: SxProps<Theme> | undefined; } & SystemProps<Theme> & Omit<...>'.
    366 |                                             <Typography variant="h6">{company.reputation_score.toFixed(1)}</Typography>
    367 |                                         </Grid>
  > 368 |                                         <Grid item xs={6}>
        |                                         ^^^^^^^^^^^^^^^^^^
    369 |                                             <Typography variant="body2" color="text.secondary">
    370 |                                                 품질 점수
    371 |                                             </Typography>

ERROR in src/components/RealEstate/ConstructionCompanyDashboard.tsx:603:29
TS2769: No overload matches this call.
  Overload 1 of 2, '(props: { component: ElementType<any, keyof IntrinsicElements>; } & GridBaseProps & { sx?: SxProps<Theme> | undefined; } & SystemProps<...> & Omit<...>): Element | null', gave the following error.
    Property 'component' is missing in type '{ children: Element; item: true; xs: number; md: number; key: string; }' but required in type '{ component: ElementType<any, keyof IntrinsicElements>; }'.
  Overload 2 of 2, '(props: DefaultComponentProps<GridTypeMap<{}, "div">>): Element | null', gave the following error.
    Type '{ children: Element; item: true; xs: number; md: number; key: string; }' is not assignable to type 'IntrinsicAttributes & GridBaseProps & { sx?: SxProps<Theme> | undefined; } & SystemProps<Theme> & Omit<...>'.
      Property 'item' does not exist on type 'IntrinsicAttributes & GridBaseProps & { sx?: SxProps<Theme> | undefined; } & SystemProps<Theme> & Omit<...>'.
    601 |                     <Grid container spacing={3}>
    602 |                         {selectionAnalyses.map((analysis) => (
  > 603 |                             <Grid item xs={12} md={6} key={analysis.company_id}>
        |                             ^^^^^^^^^^^^^^^^^^^^^^^^^^^^^^^^^^^^^^^^^^^^^^^^^^^^
    604 |                                 <Card>
    605 |                                     <CardContent>
    606 |                                         <Typography variant="h6" gutterBottom>

ERROR in src/components/Security/AdvancedSecurityPanel.tsx:397:21
TS2769: No overload matches this call.
  Overload 1 of 2, '(props: { component: ElementType<any, keyof IntrinsicElements>; } & GridBaseProps & { sx?: SxProps<Theme> | undefined; } & SystemProps<...> & Omit<...>): Element | null', gave the following error.
    Property 'component' is missing in type '{ children: Element; item: true; xs: number; md: number; }' but required in type '{ component: ElementType<any, keyof IntrinsicElements>; }'.
  Overload 2 of 2, '(props: DefaultComponentProps<GridTypeMap<{}, "div">>): Element | null', gave the following error.
    Type '{ children: Element; item: true; xs: number; md: number; }' is not assignable to type 'IntrinsicAttributes & GridBaseProps & { sx?: SxProps<Theme> | undefined; } & SystemProps<Theme> & Omit<...>'.
      Property 'item' does not exist on type 'IntrinsicAttributes & GridBaseProps & { sx?: SxProps<Theme> | undefined; } & SystemProps<Theme> & Omit<...>'.
    395 |             {securityStatus && (
    396 |                 <Grid container spacing={3} sx={{ mb: 3 }}>
  > 397 |                     <Grid item xs={12} md={3}>
        |                     ^^^^^^^^^^^^^^^^^^^^^^^^^^
    398 |                         <Card role="region" aria-label="보안 점수">
    399 |                             <CardContent>
    400 |                                 <Typography color="textSecondary" gutterBottom>

ERROR in src/components/Security/AdvancedSecurityPanel.tsx:415:21
TS2769: No overload matches this call.
  Overload 1 of 2, '(props: { component: ElementType<any, keyof IntrinsicElements>; } & GridBaseProps & { sx?: SxProps<Theme> | undefined; } & SystemProps<...> & Omit<...>): Element | null', gave the following error.
    Property 'component' is missing in type '{ children: Element; item: true; xs: number; md: number; }' but required in type '{ component: ElementType<any, keyof IntrinsicElements>; }'.
  Overload 2 of 2, '(props: DefaultComponentProps<GridTypeMap<{}, "div">>): Element | null', gave the following error.
    Type '{ children: Element; item: true; xs: number; md: number; }' is not assignable to type 'IntrinsicAttributes & GridBaseProps & { sx?: SxProps<Theme> | undefined; } & SystemProps<Theme> & Omit<...>'.
      Property 'item' does not exist on type 'IntrinsicAttributes & GridBaseProps & { sx?: SxProps<Theme> | undefined; } & SystemProps<Theme> & Omit<...>'.
    413 |                         </Card>
    414 |                     </Grid>
  > 415 |                     <Grid item xs={12} md={3}>
        |                     ^^^^^^^^^^^^^^^^^^^^^^^^^^
    416 |                         <Card role="region" aria-label="활성 위협">
    417 |                             <CardContent>
    418 |                                 <Typography color="textSecondary" gutterBottom>

ERROR in src/components/Security/AdvancedSecurityPanel.tsx:438:21
TS2769: No overload matches this call.
  Overload 1 of 2, '(props: { component: ElementType<any, keyof IntrinsicElements>; } & GridBaseProps & { sx?: SxProps<Theme> | undefined; } & SystemProps<...> & Omit<...>): Element | null', gave the following error.
    Property 'component' is missing in type '{ children: Element; item: true; xs: number; md: number; }' but required in type '{ component: ElementType<any, keyof IntrinsicElements>; }'.
  Overload 2 of 2, '(props: DefaultComponentProps<GridTypeMap<{}, "div">>): Element | null', gave the following error.
    Type '{ children: Element; item: true; xs: number; md: number; }' is not assignable to type 'IntrinsicAttributes & GridBaseProps & { sx?: SxProps<Theme> | undefined; } & SystemProps<Theme> & Omit<...>'.
      Property 'item' does not exist on type 'IntrinsicAttributes & GridBaseProps & { sx?: SxProps<Theme> | undefined; } & SystemProps<Theme> & Omit<...>'.
    436 |                         </Card>
    437 |                     </Grid>
  > 438 |                     <Grid item xs={12} md={3}>
        |                     ^^^^^^^^^^^^^^^^^^^^^^^^^^
    439 |                         <Card role="region" aria-label="고위험 이벤트">
    440 |                             <CardContent>
    441 |                                 <Typography color="textSecondary" gutterBottom>

ERROR in src/components/Security/AdvancedSecurityPanel.tsx:453:21
TS2769: No overload matches this call.
  Overload 1 of 2, '(props: { component: ElementType<any, keyof IntrinsicElements>; } & GridBaseProps & { sx?: SxProps<Theme> | undefined; } & SystemProps<...> & Omit<...>): Element | null', gave the following error.
    Property 'component' is missing in type '{ children: Element; item: true; xs: number; md: number; }' but required in type '{ component: ElementType<any, keyof IntrinsicElements>; }'.
  Overload 2 of 2, '(props: DefaultComponentProps<GridTypeMap<{}, "div">>): Element | null', gave the following error.
    Type '{ children: Element; item: true; xs: number; md: number; }' is not assignable to type 'IntrinsicAttributes & GridBaseProps & { sx?: SxProps<Theme> | undefined; } & SystemProps<Theme> & Omit<...>'.
      Property 'item' does not exist on type 'IntrinsicAttributes & GridBaseProps & { sx?: SxProps<Theme> | undefined; } & SystemProps<Theme> & Omit<...>'.
    451 |                         </Card>
    452 |                     </Grid>
  > 453 |                     <Grid item xs={12} md={3}>
        |                     ^^^^^^^^^^^^^^^^^^^^^^^^^^
    454 |                         <Card role="region" aria-label="암호화 키">
    455 |                             <CardContent>
    456 |                                 <Typography color="textSecondary" gutterBottom>

ERROR in src/components/Security/AdvancedSecurityPanel.tsx:789:53
TS2367: This comparison appears to be unintentional because the types '"disabled" | "enabled"' and '""' have no overlap.
    787 |                                 value={policyFilter.enabled === undefined ? '' : policyFilter.enabled ? 'enabled' : 'disabled'}
    788 |                                 onChange={(e) => {
  > 789 |                                     const enabled = e.target.value === '' ? undefined : e.target.value === 'enabled';
        |                                                     ^^^^^^^^^^^^^^^^^^^^^
    790 |                                     handlePolicyFilterChange(policyFilter.type, enabled, policyFilter.search);
    791 |                                 }}
    792 |                                 label="상태"

ERROR in src/components/Security/AdvancedSecurityPanel.tsx:824:29
TS2769: No overload matches this call.
  Overload 1 of 2, '(props: { component: ElementType<any, keyof IntrinsicElements>; } & GridBaseProps & { sx?: SxProps<Theme> | undefined; } & SystemProps<...> & Omit<...>): Element | null', gave the following error.
    Property 'component' is missing in type '{ children: Element; item: true; xs: number; md: number; key: string; }' but required in type '{ component: ElementType<any, keyof IntrinsicElements>; }'.
  Overload 2 of 2, '(props: DefaultComponentProps<GridTypeMap<{}, "div">>): Element | null', gave the following error.
    Type '{ children: Element; item: true; xs: number; md: number; key: string; }' is not assignable to type 'IntrinsicAttributes & GridBaseProps & { sx?: SxProps<Theme> | undefined; } & SystemProps<Theme> & Omit<...>'.
      Property 'item' does not exist on type 'IntrinsicAttributes & GridBaseProps & { sx?: SxProps<Theme> | undefined; } & SystemProps<Theme> & Omit<...>'.
    822 |                     <Grid container spacing={2}>
    823 |                         {filteredPolicies.map((policy) => (
  > 824 |                             <Grid item xs={12} md={6} key={policy.id}>
        |                             ^^^^^^^^^^^^^^^^^^^^^^^^^^^^^^^^^^^^^^^^^^
    825 |                                 <Card>
    826 |                                     <CardContent>
    827 |                                         <Box sx={{ display: 'flex', justifyContent: 'space-between', mb: 1 }}>

ERROR in src/components/Security/SecurityAnalyticsPanel.tsx:105:25
TS2769: No overload matches this call.
  Overload 1 of 2, '(props: { component: ElementType<any, keyof IntrinsicElements>; } & GridBaseProps & { sx?: SxProps<Theme> | undefined; } & SystemProps<...> & Omit<...>): Element | null', gave the following error.
    Property 'component' is missing in type '{ children: Element; item: true; xs: number; sm: number; }' but required in type '{ component: ElementType<any, keyof IntrinsicElements>; }'.
  Overload 2 of 2, '(props: DefaultComponentProps<GridTypeMap<{}, "div">>): Element | null', gave the following error.
    Type '{ children: Element; item: true; xs: number; sm: number; }' is not assignable to type 'IntrinsicAttributes & GridBaseProps & { sx?: SxProps<Theme> | undefined; } & SystemProps<Theme> & Omit<...>'.
      Property 'item' does not exist on type 'IntrinsicAttributes & GridBaseProps & { sx?: SxProps<Theme> | undefined; } & SystemProps<Theme> & Omit<...>'.
    103 |                 <CardContent>
    104 |                     <Grid container spacing={2} alignItems="center">
  > 105 |                         <Grid item xs={12} sm={4}>
        |                         ^^^^^^^^^^^^^^^^^^^^^^^^^^
    106 |                             <Box>
    107 |                                 <Typography variant="body2" sx={{ mb: 1 }}>
    108 |                                     시작 날짜

ERROR in src/components/Security/SecurityAnalyticsPanel.tsx:125:25
TS2769: No overload matches this call.
  Overload 1 of 2, '(props: { component: ElementType<any, keyof IntrinsicElements>; } & GridBaseProps & { sx?: SxProps<Theme> | undefined; } & SystemProps<...> & Omit<...>): Element | null', gave the following error.
    Property 'component' is missing in type '{ children: Element; item: true; xs: number; sm: number; }' but required in type '{ component: ElementType<any, keyof IntrinsicElements>; }'.
  Overload 2 of 2, '(props: DefaultComponentProps<GridTypeMap<{}, "div">>): Element | null', gave the following error.
    Type '{ children: Element; item: true; xs: number; sm: number; }' is not assignable to type 'IntrinsicAttributes & GridBaseProps & { sx?: SxProps<Theme> | undefined; } & SystemProps<Theme> & Omit<...>'.
      Property 'item' does not exist on type 'IntrinsicAttributes & GridBaseProps & { sx?: SxProps<Theme> | undefined; } & SystemProps<Theme> & Omit<...>'.
    123 |                             </Box>
    124 |                         </Grid>
  > 125 |                         <Grid item xs={12} sm={4}>
        |                         ^^^^^^^^^^^^^^^^^^^^^^^^^^
    126 |                             <Box>
    127 |                                 <Typography variant="body2" sx={{ mb: 1 }}>
    128 |                                     종료 날짜

ERROR in src/components/Security/SecurityAnalyticsPanel.tsx:145:25
TS2769: No overload matches this call.
  Overload 1 of 2, '(props: { component: ElementType<any, keyof IntrinsicElements>; } & GridBaseProps & { sx?: SxProps<Theme> | undefined; } & SystemProps<...> & Omit<...>): Element | null', gave the following error.
    Property 'component' is missing in type '{ children: Element; item: true; xs: number; sm: number; }' but required in type '{ component: ElementType<any, keyof IntrinsicElements>; }'.
  Overload 2 of 2, '(props: DefaultComponentProps<GridTypeMap<{}, "div">>): Element | null', gave the following error.
    Type '{ children: Element; item: true; xs: number; sm: number; }' is not assignable to type 'IntrinsicAttributes & GridBaseProps & { sx?: SxProps<Theme> | undefined; } & SystemProps<Theme> & Omit<...>'.
      Property 'item' does not exist on type 'IntrinsicAttributes & GridBaseProps & { sx?: SxProps<Theme> | undefined; } & SystemProps<Theme> & Omit<...>'.
    143 |                             </Box>
    144 |                         </Grid>
  > 145 |                         <Grid item xs={12} sm={4}>
        |                         ^^^^^^^^^^^^^^^^^^^^^^^^^^
    146 |                             <Button
    147 |                                 variant="contained"
    148 |                                 fullWidth

ERROR in src/components/Security/SecurityAnalyticsPanel.tsx:180:17
TS2769: No overload matches this call.
  Overload 1 of 2, '(props: { component: ElementType<any, keyof IntrinsicElements>; } & GridBaseProps & { sx?: SxProps<Theme> | undefined; } & SystemProps<...> & Omit<...>): Element | null', gave the following error.
    Property 'component' is missing in type '{ children: Element; item: true; xs: number; md: number; }' but required in type '{ component: ElementType<any, keyof IntrinsicElements>; }'.
  Overload 2 of 2, '(props: DefaultComponentProps<GridTypeMap<{}, "div">>): Element | null', gave the following error.
    Type '{ children: Element; item: true; xs: number; md: number; }' is not assignable to type 'IntrinsicAttributes & GridBaseProps & { sx?: SxProps<Theme> | undefined; } & SystemProps<Theme> & Omit<...>'.
      Property 'item' does not exist on type 'IntrinsicAttributes & GridBaseProps & { sx?: SxProps<Theme> | undefined; } & SystemProps<Theme> & Omit<...>'.
    178 |             {/* 위협 통계 */}
    179 |             <Grid container spacing={3} sx={{ mb: 3 }}>
  > 180 |                 <Grid item xs={12} md={6}>
        |                 ^^^^^^^^^^^^^^^^^^^^^^^^^^
    181 |                     <Card>
    182 |                         <CardContent>
    183 |                             <Typography variant="h6" gutterBottom>

ERROR in src/components/Security/SecurityAnalyticsPanel.tsx:204:17
TS2769: No overload matches this call.
  Overload 1 of 2, '(props: { component: ElementType<any, keyof IntrinsicElements>; } & GridBaseProps & { sx?: SxProps<Theme> | undefined; } & SystemProps<...> & Omit<...>): Element | null', gave the following error.
    Property 'component' is missing in type '{ children: Element; item: true; xs: number; md: number; }' but required in type '{ component: ElementType<any, keyof IntrinsicElements>; }'.
  Overload 2 of 2, '(props: DefaultComponentProps<GridTypeMap<{}, "div">>): Element | null', gave the following error.
    Type '{ children: Element; item: true; xs: number; md: number; }' is not assignable to type 'IntrinsicAttributes & GridBaseProps & { sx?: SxProps<Theme> | undefined; } & SystemProps<Theme> & Omit<...>'.
      Property 'item' does not exist on type 'IntrinsicAttributes & GridBaseProps & { sx?: SxProps<Theme> | undefined; } & SystemProps<Theme> & Omit<...>'.
    202 |                 </Grid>
    203 |
  > 204 |                 <Grid item xs={12} md={6}>
        |                 ^^^^^^^^^^^^^^^^^^^^^^^^^^
    205 |                     <Card>
    206 |                         <CardContent>
    207 |                             <Typography variant="h6" gutterBottom>

ERROR in src/components/Security/SecurityAnalyticsPanel.tsx:262:17
TS2769: No overload matches this call.
  Overload 1 of 2, '(props: { component: ElementType<any, keyof IntrinsicElements>; } & GridBaseProps & { sx?: SxProps<Theme> | undefined; } & SystemProps<...> & Omit<...>): Element | null', gave the following error.
    Property 'component' is missing in type '{ children: Element; item: true; xs: number; md: number; }' but required in type '{ component: ElementType<any, keyof IntrinsicElements>; }'.
  Overload 2 of 2, '(props: DefaultComponentProps<GridTypeMap<{}, "div">>): Element | null', gave the following error.
    Type '{ children: Element; item: true; xs: number; md: number; }' is not assignable to type 'IntrinsicAttributes & GridBaseProps & { sx?: SxProps<Theme> | undefined; } & SystemProps<Theme> & Omit<...>'.
      Property 'item' does not exist on type 'IntrinsicAttributes & GridBaseProps & { sx?: SxProps<Theme> | undefined; } & SystemProps<Theme> & Omit<...>'.
    260 |             {/* 이벤트 통계 */}
    261 |             <Grid container spacing={3} sx={{ mb: 3 }}>
  > 262 |                 <Grid item xs={12} md={6}>
        |                 ^^^^^^^^^^^^^^^^^^^^^^^^^^
    263 |                     <Card>
    264 |                         <CardContent>
    265 |                             <Typography variant="h6" gutterBottom>

ERROR in src/components/Security/SecurityAnalyticsPanel.tsx:286:17
TS2769: No overload matches this call.
  Overload 1 of 2, '(props: { component: ElementType<any, keyof IntrinsicElements>; } & GridBaseProps & { sx?: SxProps<Theme> | undefined; } & SystemProps<...> & Omit<...>): Element | null', gave the following error.
    Property 'component' is missing in type '{ children: Element; item: true; xs: number; md: number; }' but required in type '{ component: ElementType<any, keyof IntrinsicElements>; }'.
  Overload 2 of 2, '(props: DefaultComponentProps<GridTypeMap<{}, "div">>): Element | null', gave the following error.
    Type '{ children: Element; item: true; xs: number; md: number; }' is not assignable to type 'IntrinsicAttributes & GridBaseProps & { sx?: SxProps<Theme> | undefined; } & SystemProps<Theme> & Omit<...>'.
      Property 'item' does not exist on type 'IntrinsicAttributes & GridBaseProps & { sx?: SxProps<Theme> | undefined; } & SystemProps<Theme> & Omit<...>'.
    284 |                 </Grid>
    285 |
  > 286 |                 <Grid item xs={12} md={6}>
        |                 ^^^^^^^^^^^^^^^^^^^^^^^^^^
    287 |                     <Card>
    288 |                         <CardContent>
    289 |                             <Typography variant="h6" gutterBottom>

ERROR in src/components/Security/SecurityAnalyticsPanel.tsx:320:25
TS2769: No overload matches this call.
  Overload 1 of 2, '(props: { component: ElementType<any, keyof IntrinsicElements>; } & GridBaseProps & { sx?: SxProps<Theme> | undefined; } & SystemProps<...> & Omit<...>): Element | null', gave the following error.
    Property 'component' is missing in type '{ children: Element[]; item: true; xs: number; sm: number; }' but required in type '{ component: ElementType<any, keyof IntrinsicElements>; }'.
  Overload 2 of 2, '(props: DefaultComponentProps<GridTypeMap<{}, "div">>): Element | null', gave the following error.
    Type '{ children: Element[]; item: true; xs: number; sm: number; }' is not assignable to type 'IntrinsicAttributes & GridBaseProps & { sx?: SxProps<Theme> | undefined; } & SystemProps<Theme> & Omit<...>'.
      Property 'item' does not exist on type 'IntrinsicAttributes & GridBaseProps & { sx?: SxProps<Theme> | undefined; } & SystemProps<Theme> & Omit<...>'.
    318 |                     </Typography>
    319 |                     <Grid container spacing={2}>
  > 320 |                         <Grid item xs={12} sm={4}>
        |                         ^^^^^^^^^^^^^^^^^^^^^^^^^^
    321 |                             <Typography variant="body2" color="text.secondary">
    322 |                                 총 알림 수
    323 |                             </Typography>

ERROR in src/components/Security/SecurityAnalyticsPanel.tsx:326:25
TS2769: No overload matches this call.
  Overload 1 of 2, '(props: { component: ElementType<any, keyof IntrinsicElements>; } & GridBaseProps & { sx?: SxProps<Theme> | undefined; } & SystemProps<...> & Omit<...>): Element | null', gave the following error.
    Property 'component' is missing in type '{ children: Element[]; item: true; xs: number; sm: number; }' but required in type '{ component: ElementType<any, keyof IntrinsicElements>; }'.
  Overload 2 of 2, '(props: DefaultComponentProps<GridTypeMap<{}, "div">>): Element | null', gave the following error.
    Type '{ children: Element[]; item: true; xs: number; sm: number; }' is not assignable to type 'IntrinsicAttributes & GridBaseProps & { sx?: SxProps<Theme> | undefined; } & SystemProps<Theme> & Omit<...>'.
      Property 'item' does not exist on type 'IntrinsicAttributes & GridBaseProps & { sx?: SxProps<Theme> | undefined; } & SystemProps<Theme> & Omit<...>'.
    324 |                             <Typography variant="h4">{statistics.alerts.total}</Typography>
    325 |                         </Grid>
  > 326 |                         <Grid item xs={12} sm={4}>
        |                         ^^^^^^^^^^^^^^^^^^^^^^^^^^
    327 |                             <Typography variant="body2" color="text.secondary">
    328 |                                 미확인 알림
    329 |                             </Typography>

ERROR in src/components/Security/SecurityAnalyticsPanel.tsx:334:25
TS2769: No overload matches this call.
  Overload 1 of 2, '(props: { component: ElementType<any, keyof IntrinsicElements>; } & GridBaseProps & { sx?: SxProps<Theme> | undefined; } & SystemProps<...> & Omit<...>): Element | null', gave the following error.
    Property 'component' is missing in type '{ children: Element[]; item: true; xs: number; sm: number; }' but required in type '{ component: ElementType<any, keyof IntrinsicElements>; }'.
  Overload 2 of 2, '(props: DefaultComponentProps<GridTypeMap<{}, "div">>): Element | null', gave the following error.
    Type '{ children: Element[]; item: true; xs: number; sm: number; }' is not assignable to type 'IntrinsicAttributes & GridBaseProps & { sx?: SxProps<Theme> | undefined; } & SystemProps<Theme> & Omit<...>'.
      Property 'item' does not exist on type 'IntrinsicAttributes & GridBaseProps & { sx?: SxProps<Theme> | undefined; } & SystemProps<Theme> & Omit<...>'.
    332 |                             </Typography>
    333 |                         </Grid>
  > 334 |                         <Grid item xs={12} sm={4}>
        |                         ^^^^^^^^^^^^^^^^^^^^^^^^^^
    335 |                             <Typography variant="body2" color="text.secondary">
    336 |                                 심각도별 분포
    337 |                             </Typography>

ERROR in src/components/Security/SecurityAnalyticsPanel.tsx:365:21
TS2769: No overload matches this call.
  Overload 1 of 2, '(props: { component: ElementType<any, keyof IntrinsicElements>; } & GridBaseProps & { sx?: SxProps<Theme> | undefined; } & SystemProps<...> & Omit<...>): Element | null', gave the following error.
    Property 'component' is missing in type '{ children: Element; item: true; xs: number; md: number; }' but required in type '{ component: ElementType<any, keyof IntrinsicElements>; }'.
  Overload 2 of 2, '(props: DefaultComponentProps<GridTypeMap<{}, "div">>): Element | null', gave the following error.
    Type '{ children: Element; item: true; xs: number; md: number; }' is not assignable to type 'IntrinsicAttributes & GridBaseProps & { sx?: SxProps<Theme> | undefined; } & SystemProps<Theme> & Omit<...>'.
      Property 'item' does not exist on type 'IntrinsicAttributes & GridBaseProps & { sx?: SxProps<Theme> | undefined; } & SystemProps<Theme> & Omit<...>'.
    363 |             {statistics.audit.topUsers.length > 0 && (
    364 |                 <Grid container spacing={3} sx={{ mb: 3 }}>
  > 365 |                     <Grid item xs={12} md={6}>
        |                     ^^^^^^^^^^^^^^^^^^^^^^^^^^
    366 |                         <Card>
    367 |                             <CardContent>
    368 |                                 <Typography variant="h6" gutterBottom>

ERROR in src/components/Security/SecurityAnalyticsPanel.tsx:393:21
TS2769: No overload matches this call.
  Overload 1 of 2, '(props: { component: ElementType<any, keyof IntrinsicElements>; } & GridBaseProps & { sx?: SxProps<Theme> | undefined; } & SystemProps<...> & Omit<...>): Element | null', gave the following error.
    Property 'component' is missing in type '{ children: Element; item: true; xs: number; md: number; }' but required in type '{ component: ElementType<any, keyof IntrinsicElements>; }'.
  Overload 2 of 2, '(props: DefaultComponentProps<GridTypeMap<{}, "div">>): Element | null', gave the following error.
    Type '{ children: Element; item: true; xs: number; md: number; }' is not assignable to type 'IntrinsicAttributes & GridBaseProps & { sx?: SxProps<Theme> | undefined; } & SystemProps<Theme> & Omit<...>'.
      Property 'item' does not exist on type 'IntrinsicAttributes & GridBaseProps & { sx?: SxProps<Theme> | undefined; } & SystemProps<Theme> & Omit<...>'.
    391 |                     </Grid>
    392 |
  > 393 |                     <Grid item xs={12} md={6}>
        |                     ^^^^^^^^^^^^^^^^^^^^^^^^^^
    394 |                         <Card>
    395 |                             <CardContent>
    396 |                                 <Typography variant="h6" gutterBottom>

ERROR in src/components/Security/SecurityAutomationPanel.tsx:103:17
TS2322: Type '{ type: "threat" | "alert" | "event" | "metric"; condition: string; severity?: "low" | "medium" | "high" | "critical" | undefined; }' is not assignable to type '{ type: "threat" | "alert" | "event" | "metric"; condition: string; severity: "low" | "medium" | "high" | "critical"; }'.
  Types of property 'severity' are incompatible.
    Type '"low" | "medium" | "high" | "critical" | undefined' is not assignable to type '"low" | "medium" | "high" | "critical"'.
      Type 'undefined' is not assignable to type '"low" | "medium" | "high" | "critical"'.
    101 |                 name: rule.name,
    102 |                 description: rule.description,
  > 103 |                 trigger: rule.trigger,
        |                 ^^^^^^^
    104 |                 actions: rule.actions,
    105 |                 enabled: rule.enabled,
    106 |             });

ERROR in src/components/Security/SecurityAutomationPanel.tsx:209:17
TS2769: No overload matches this call.
  Overload 1 of 2, '(props: { component: ElementType<any, keyof IntrinsicElements>; } & GridBaseProps & { sx?: SxProps<Theme> | undefined; } & SystemProps<...> & Omit<...>): Element | null', gave the following error.
    Property 'component' is missing in type '{ children: Element; item: true; xs: number; }' but required in type '{ component: ElementType<any, keyof IntrinsicElements>; }'.
  Overload 2 of 2, '(props: DefaultComponentProps<GridTypeMap<{}, "div">>): Element | null', gave the following error.
    Type '{ children: Element; item: true; xs: number; }' is not assignable to type 'IntrinsicAttributes & GridBaseProps & { sx?: SxProps<Theme> | undefined; } & SystemProps<Theme> & Omit<...>'.
      Property 'item' does not exist on type 'IntrinsicAttributes & GridBaseProps & { sx?: SxProps<Theme> | undefined; } & SystemProps<Theme> & Omit<...>'.
    207 |
    208 |             <Grid container spacing={3}>
  > 209 |                 <Grid item xs={12}>
        |                 ^^^^^^^^^^^^^^^^^^^
    210 |                     <Card>
    211 |                         <CardContent>
    212 |                             <Typography variant="h6" gutterBottom>

ERROR in src/components/Security/SecurityCharts.tsx:147:13
TS2769: No overload matches this call.
  Overload 1 of 2, '(props: { component: ElementType<any, keyof IntrinsicElements>; } & GridBaseProps & { sx?: SxProps<Theme> | undefined; } & SystemProps<...> & Omit<...>): Element | null', gave the following error.
    Property 'component' is missing in type '{ children: Element; item: true; xs: number; md: number; }' but required in type '{ component: ElementType<any, keyof IntrinsicElements>; }'.
  Overload 2 of 2, '(props: DefaultComponentProps<GridTypeMap<{}, "div">>): Element | null', gave the following error.
    Type '{ children: Element; item: true; xs: number; md: number; }' is not assignable to type 'IntrinsicAttributes & GridBaseProps & { sx?: SxProps<Theme> | undefined; } & SystemProps<Theme> & Omit<...>'.
      Property 'item' does not exist on type 'IntrinsicAttributes & GridBaseProps & { sx?: SxProps<Theme> | undefined; } & SystemProps<Theme> & Omit<...>'.
    145 |         <Grid container spacing={3}>
    146 |             {/* 위협 심각도 분포 */}
  > 147 |             <Grid item xs={12} md={6}>
        |             ^^^^^^^^^^^^^^^^^^^^^^^^^^
    148 |                 <Card>
    149 |                     <CardContent>
    150 |                         <Typography variant="h6" gutterBottom>

ERROR in src/components/Security/SecurityCharts.tsx:160:53
TS2339: Property 'percent' does not exist on type 'Props'.
    158 |                                     cy="50%"
    159 |                                     labelLine={false}
  > 160 |                                     label={({ name, percent }) =>
        |                                                     ^^^^^^^
    161 |                                         `${name}: ${(percent * 100).toFixed(0)}%`
    162 |                                     }
    163 |                                     outerRadius={80}

ERROR in src/components/Security/SecurityCharts.tsx:180:13
TS2769: No overload matches this call.
  Overload 1 of 2, '(props: { component: ElementType<any, keyof IntrinsicElements>; } & GridBaseProps & { sx?: SxProps<Theme> | undefined; } & SystemProps<...> & Omit<...>): Element | null', gave the following error.
    Property 'component' is missing in type '{ children: Element; item: true; xs: number; md: number; }' but required in type '{ component: ElementType<any, keyof IntrinsicElements>; }'.
  Overload 2 of 2, '(props: DefaultComponentProps<GridTypeMap<{}, "div">>): Element | null', gave the following error.
    Type '{ children: Element; item: true; xs: number; md: number; }' is not assignable to type 'IntrinsicAttributes & GridBaseProps & { sx?: SxProps<Theme> | undefined; } & SystemProps<Theme> & Omit<...>'.
      Property 'item' does not exist on type 'IntrinsicAttributes & GridBaseProps & { sx?: SxProps<Theme> | undefined; } & SystemProps<Theme> & Omit<...>'.
    178 |
    179 |             {/* 알림 타입별 분포 */}
  > 180 |             <Grid item xs={12} md={6}>
        |             ^^^^^^^^^^^^^^^^^^^^^^^^^^
    181 |                 <Card>
    182 |                     <CardContent>
    183 |                         <Typography variant="h6" gutterBottom>

ERROR in src/services/aiHealthMonitor.ts:53:14
TS2300: Duplicate identifier 'AIHealthMonitor'.
    51 |
    52 | // AI 시스템 헬스 모니터 클래스
  > 53 | export class AIHealthMonitor extends EventEmitter {
       |              ^^^^^^^^^^^^^^^
    54 |     private services: Map<string, ServiceHealth> = new Map();
    55 |     private thresholds: Map<string, HealthThreshold> = new Map();
    56 |     private healthHistory: Map<string, HealthCheckResult[]> = new Map();

Compiling...
Compiled successfully!
webpack compiled successfully
Files successfully emitted, waiting for typecheck results...
Issues checking in progress...
ERROR in src/components/AnalyticsDashboard.tsx:42:16
TS7009: 'new' expression, whose target lacks a construct signature, implicitly has an 'any' type.
    40 |     } catch {
    41 |         // 최후의 수단
  > 42 |         return new Error(String(err));
       |                ^^^^^^^^^^^^^^^^^^^^^^
    43 |     }
    44 | };
    45 |

ERROR in src/components/AnalyticsDashboard.tsx:42:26
TS2769: No overload matches this call.
  Overload 1 of 2, '(props: { component: ElementType<any, keyof IntrinsicElements>; } & SvgIconOwnProps & CommonProps & Omit<any, "className" | ... 10 more ... | "viewBox">): Element | null', gave the following error.
    Argument of type 'string' is not assignable to parameter of type '{ component: ElementType<any, keyof IntrinsicElements>; } & SvgIconOwnProps & CommonProps & Omit<any, "className" | ... 10 more ... | "viewBox">'.
      Type 'string' is not assignable to type '{ component: ElementType<any, keyof IntrinsicElements>; }'.
  Overload 2 of 2, '(props: DefaultComponentProps<SvgIconTypeMap<{}, "svg">>): Element | null', gave the following error.
    Type 'string' has no properties in common with type 'DefaultComponentProps<SvgIconTypeMap<{}, "svg">>'.
    40 |     } catch {
    41 |         // 최후의 수단
  > 42 |         return new Error(String(err));
       |                          ^^^^^^^^^^^
    43 |     }
    44 | };
    45 |

ERROR in src/components/PWAInstallPrompt.tsx:299:24
TS2322: Type '{ children: Element[]; component: string; sx: { border: "none"; p: number; }; "aria-label": string; }' is not assignable to type 'IntrinsicAttributes & DialogActionsProps'.
  Property 'component' does not exist on type 'IntrinsicAttributes & DialogActionsProps'.
    297 |           </Alert>
    298 |         </DialogContent>
  > 299 |         <DialogActions component="fieldset" sx={{ border: 'none', p: 0 }} aria-label="업데이트 액션">
        |                        ^^^^^^^^^
    300 |           <Button 
    301 |             onClick={() => setShowUpdateDialog(false)}
    302 |             aria-label="업데이트 다이얼로그 닫기"

ERROR in src/components/RealEstate/ApartmentCommunityAnalysisDashboard.tsx:224:21
TS2769: No overload matches this call.
  Overload 1 of 2, '(props: { component: ElementType<any, keyof IntrinsicElements>; } & GridBaseProps & { sx?: SxProps<Theme> | undefined; } & SystemProps<...> & Omit<...>): Element | null', gave the following error.
    Property 'component' is missing in type '{ children: Element; item: true; xs: number; sm: number; md: number; }' but required in type '{ component: ElementType<any, keyof IntrinsicElements>; }'.
  Overload 2 of 2, '(props: DefaultComponentProps<GridTypeMap<{}, "div">>): Element | null', gave the following error.
    Type '{ children: Element; item: true; xs: number; sm: number; md: number; }' is not assignable to type 'IntrinsicAttributes & GridBaseProps & { sx?: SxProps<Theme> | undefined; } & SystemProps<Theme> & Omit<...>'.
      Property 'item' does not exist on type 'IntrinsicAttributes & GridBaseProps & { sx?: SxProps<Theme> | undefined; } & SystemProps<Theme> & Omit<...>'.
    222 |             {analytics && (
    223 |                 <Grid container spacing={3} sx={{ mb: 3 }}>
  > 224 |                     <Grid item xs={12} sm={6} md={3}>
        |                     ^^^^^^^^^^^^^^^^^^^^^^^^^^^^^^^^^
    225 |                         <Card>
    226 |                             <CardContent>
    227 |                                 <Typography color="textSecondary" gutterBottom>

ERROR in src/components/RealEstate/ApartmentCommunityAnalysisDashboard.tsx:237:21
TS2769: No overload matches this call.
  Overload 1 of 2, '(props: { component: ElementType<any, keyof IntrinsicElements>; } & GridBaseProps & { sx?: SxProps<Theme> | undefined; } & SystemProps<...> & Omit<...>): Element | null', gave the following error.
    Property 'component' is missing in type '{ children: Element; item: true; xs: number; sm: number; md: number; }' but required in type '{ component: ElementType<any, keyof IntrinsicElements>; }'.
  Overload 2 of 2, '(props: DefaultComponentProps<GridTypeMap<{}, "div">>): Element | null', gave the following error.
    Type '{ children: Element; item: true; xs: number; sm: number; md: number; }' is not assignable to type 'IntrinsicAttributes & GridBaseProps & { sx?: SxProps<Theme> | undefined; } & SystemProps<Theme> & Omit<...>'.
      Property 'item' does not exist on type 'IntrinsicAttributes & GridBaseProps & { sx?: SxProps<Theme> | undefined; } & SystemProps<Theme> & Omit<...>'.
    235 |                         </Card>
    236 |                     </Grid>
  > 237 |                     <Grid item xs={12} sm={6} md={3}>
        |                     ^^^^^^^^^^^^^^^^^^^^^^^^^^^^^^^^^
    238 |                         <Card>
    239 |                             <CardContent>
    240 |                                 <Typography color="textSecondary" gutterBottom>

ERROR in src/components/RealEstate/ApartmentCommunityAnalysisDashboard.tsx:247:21
TS2769: No overload matches this call.
  Overload 1 of 2, '(props: { component: ElementType<any, keyof IntrinsicElements>; } & GridBaseProps & { sx?: SxProps<Theme> | undefined; } & SystemProps<...> & Omit<...>): Element | null', gave the following error.
    Property 'component' is missing in type '{ children: Element; item: true; xs: number; sm: number; md: number; }' but required in type '{ component: ElementType<any, keyof IntrinsicElements>; }'.
  Overload 2 of 2, '(props: DefaultComponentProps<GridTypeMap<{}, "div">>): Element | null', gave the following error.
    Type '{ children: Element; item: true; xs: number; sm: number; md: number; }' is not assignable to type 'IntrinsicAttributes & GridBaseProps & { sx?: SxProps<Theme> | undefined; } & SystemProps<Theme> & Omit<...>'.
      Property 'item' does not exist on type 'IntrinsicAttributes & GridBaseProps & { sx?: SxProps<Theme> | undefined; } & SystemProps<Theme> & Omit<...>'.
    245 |                         </Card>
    246 |                     </Grid>
  > 247 |                     <Grid item xs={12} sm={6} md={3}>
        |                     ^^^^^^^^^^^^^^^^^^^^^^^^^^^^^^^^^
    248 |                         <Card>
    249 |                             <CardContent>
    250 |                                 <Typography color="textSecondary" gutterBottom>

ERROR in src/components/RealEstate/ApartmentCommunityAnalysisDashboard.tsx:259:21
TS2769: No overload matches this call.
  Overload 1 of 2, '(props: { component: ElementType<any, keyof IntrinsicElements>; } & GridBaseProps & { sx?: SxProps<Theme> | undefined; } & SystemProps<...> & Omit<...>): Element | null', gave the following error.
    Property 'component' is missing in type '{ children: Element; item: true; xs: number; sm: number; md: number; }' but required in type '{ component: ElementType<any, keyof IntrinsicElements>; }'.
  Overload 2 of 2, '(props: DefaultComponentProps<GridTypeMap<{}, "div">>): Element | null', gave the following error.
    Type '{ children: Element; item: true; xs: number; sm: number; md: number; }' is not assignable to type 'IntrinsicAttributes & GridBaseProps & { sx?: SxProps<Theme> | undefined; } & SystemProps<Theme> & Omit<...>'.
      Property 'item' does not exist on type 'IntrinsicAttributes & GridBaseProps & { sx?: SxProps<Theme> | undefined; } & SystemProps<Theme> & Omit<...>'.
    257 |                         </Card>
    258 |                     </Grid>
  > 259 |                     <Grid item xs={12} sm={6} md={3}>
        |                     ^^^^^^^^^^^^^^^^^^^^^^^^^^^^^^^^^
    260 |                         <Card>
    261 |                             <CardContent>
    262 |                                 <Typography color="textSecondary" gutterBottom>

ERROR in src/components/RealEstate/ApartmentCommunityAnalysisDashboard.tsx:473:25
TS2769: No overload matches this call.
  Overload 1 of 2, '(props: { component: ElementType<any, keyof IntrinsicElements>; } & GridBaseProps & { sx?: SxProps<Theme> | undefined; } & SystemProps<...> & Omit<...>): Element | null', gave the following error.
    Property 'component' is missing in type '{ children: Element; item: true; xs: number; md: number; }' but required in type '{ component: ElementType<any, keyof IntrinsicElements>; }'.
  Overload 2 of 2, '(props: DefaultComponentProps<GridTypeMap<{}, "div">>): Element | null', gave the following error.
    Type '{ children: Element; item: true; xs: number; md: number; }' is not assignable to type 'IntrinsicAttributes & GridBaseProps & { sx?: SxProps<Theme> | undefined; } & SystemProps<Theme> & Omit<...>'.
      Property 'item' does not exist on type 'IntrinsicAttributes & GridBaseProps & { sx?: SxProps<Theme> | undefined; } & SystemProps<Theme> & Omit<...>'.
    471 |                 {analytics ? (
    472 |                     <Grid container spacing={3}>
  > 473 |                         <Grid item xs={12} md={6}>
        |                         ^^^^^^^^^^^^^^^^^^^^^^^^^^
    474 |                             <Card>
    475 |                                 <CardContent>
    476 |                                     <Typography variant="h6" gutterBottom>

ERROR in src/components/RealEstate/ApartmentCommunityAnalysisDashboard.tsx:505:25
TS2769: No overload matches this call.
  Overload 1 of 2, '(props: { component: ElementType<any, keyof IntrinsicElements>; } & GridBaseProps & { sx?: SxProps<Theme> | undefined; } & SystemProps<...> & Omit<...>): Element | null', gave the following error.
    Property 'component' is missing in type '{ children: Element; item: true; xs: number; md: number; }' but required in type '{ component: ElementType<any, keyof IntrinsicElements>; }'.
  Overload 2 of 2, '(props: DefaultComponentProps<GridTypeMap<{}, "div">>): Element | null', gave the following error.
    Type '{ children: Element; item: true; xs: number; md: number; }' is not assignable to type 'IntrinsicAttributes & GridBaseProps & { sx?: SxProps<Theme> | undefined; } & SystemProps<Theme> & Omit<...>'.
      Property 'item' does not exist on type 'IntrinsicAttributes & GridBaseProps & { sx?: SxProps<Theme> | undefined; } & SystemProps<Theme> & Omit<...>'.
    503 |                             </Card>
    504 |                         </Grid>
  > 505 |                         <Grid item xs={12} md={6}>
        |                         ^^^^^^^^^^^^^^^^^^^^^^^^^^
    506 |                             <Card>
    507 |                                 <CardContent>
    508 |                                     <Typography variant="h6" gutterBottom>

ERROR in src/components/RealEstate/ApartmentCommunityAnalysisDashboard.tsx:524:25
TS2769: No overload matches this call.
  Overload 1 of 2, '(props: { component: ElementType<any, keyof IntrinsicElements>; } & GridBaseProps & { sx?: SxProps<Theme> | undefined; } & SystemProps<...> & Omit<...>): Element | null', gave the following error.
    Property 'component' is missing in type '{ children: Element; item: true; xs: number; }' but required in type '{ component: ElementType<any, keyof IntrinsicElements>; }'.
  Overload 2 of 2, '(props: DefaultComponentProps<GridTypeMap<{}, "div">>): Element | null', gave the following error.
    Type '{ children: Element; item: true; xs: number; }' is not assignable to type 'IntrinsicAttributes & GridBaseProps & { sx?: SxProps<Theme> | undefined; } & SystemProps<Theme> & Omit<...>'.
      Property 'item' does not exist on type 'IntrinsicAttributes & GridBaseProps & { sx?: SxProps<Theme> | undefined; } & SystemProps<Theme> & Omit<...>'.
    522 |                             </Card>
    523 |                         </Grid>
  > 524 |                         <Grid item xs={12}>
        |                         ^^^^^^^^^^^^^^^^^^^
    525 |                             <Card>
    526 |                                 <CardContent>
    527 |                                     <Typography variant="h6" gutterBottom>

ERROR in src/components/RealEstate/ConstructionCompanyDashboard.tsx:327:25
TS2769: No overload matches this call.
  Overload 1 of 2, '(props: { component: ElementType<any, keyof IntrinsicElements>; } & GridBaseProps & { sx?: SxProps<Theme> | undefined; } & SystemProps<...> & Omit<...>): Element | null', gave the following error.
    Property 'component' is missing in type '{ children: Element; item: true; xs: number; md: number; key: string; }' but required in type '{ component: ElementType<any, keyof IntrinsicElements>; }'.
  Overload 2 of 2, '(props: DefaultComponentProps<GridTypeMap<{}, "div">>): Element | null', gave the following error.
    Type '{ children: Element; item: true; xs: number; md: number; key: string; }' is not assignable to type 'IntrinsicAttributes & GridBaseProps & { sx?: SxProps<Theme> | undefined; } & SystemProps<Theme> & Omit<...>'.
      Property 'item' does not exist on type 'IntrinsicAttributes & GridBaseProps & { sx?: SxProps<Theme> | undefined; } & SystemProps<Theme> & Omit<...>'.
    325 |                 <Grid container spacing={3}>
    326 |                     {companies.map((company) => (
  > 327 |                         <Grid item xs={12} md={6} key={company.id}>
        |                         ^^^^^^^^^^^^^^^^^^^^^^^^^^^^^^^^^^^^^^^^^^^
    328 |                             <Card>
    329 |                                 <CardContent>
    330 |                                     <Box sx={{ display: 'flex', justifyContent: 'space-between', mb: 2 }}>

ERROR in src/components/RealEstate/ConstructionCompanyDashboard.tsx:348:41
TS2769: No overload matches this call.
  Overload 1 of 2, '(props: { component: ElementType<any, keyof IntrinsicElements>; } & GridBaseProps & { sx?: SxProps<Theme> | undefined; } & SystemProps<...> & Omit<...>): Element | null', gave the following error.
    Property 'component' is missing in type '{ children: Element[]; item: true; xs: number; }' but required in type '{ component: ElementType<any, keyof IntrinsicElements>; }'.
  Overload 2 of 2, '(props: DefaultComponentProps<GridTypeMap<{}, "div">>): Element | null', gave the following error.
    Type '{ children: Element[]; item: true; xs: number; }' is not assignable to type 'IntrinsicAttributes & GridBaseProps & { sx?: SxProps<Theme> | undefined; } & SystemProps<Theme> & Omit<...>'.
      Property 'item' does not exist on type 'IntrinsicAttributes & GridBaseProps & { sx?: SxProps<Theme> | undefined; } & SystemProps<Theme> & Omit<...>'.
    346 |                                     </Box>
    347 |                                     <Grid container spacing={2}>
  > 348 |                                         <Grid item xs={6}>
        |                                         ^^^^^^^^^^^^^^^^^^
    349 |                                             <Typography variant="body2" color="text.secondary">
    350 |                                                 총 프로젝트
    351 |                                             </Typography>

ERROR in src/components/RealEstate/ConstructionCompanyDashboard.tsx:354:41
TS2769: No overload matches this call.
  Overload 1 of 2, '(props: { component: ElementType<any, keyof IntrinsicElements>; } & GridBaseProps & { sx?: SxProps<Theme> | undefined; } & SystemProps<...> & Omit<...>): Element | null', gave the following error.
    Property 'component' is missing in type '{ children: Element[]; item: true; xs: number; }' but required in type '{ component: ElementType<any, keyof IntrinsicElements>; }'.
  Overload 2 of 2, '(props: DefaultComponentProps<GridTypeMap<{}, "div">>): Element | null', gave the following error.
    Type '{ children: Element[]; item: true; xs: number; }' is not assignable to type 'IntrinsicAttributes & GridBaseProps & { sx?: SxProps<Theme> | undefined; } & SystemProps<Theme> & Omit<...>'.
      Property 'item' does not exist on type 'IntrinsicAttributes & GridBaseProps & { sx?: SxProps<Theme> | undefined; } & SystemProps<Theme> & Omit<...>'.
    352 |                                             <Typography variant="h6">{company.total_projects}</Typography>
    353 |                                         </Grid>
  > 354 |                                         <Grid item xs={6}>
        |                                         ^^^^^^^^^^^^^^^^^^
    355 |                                             <Typography variant="body2" color="text.secondary">
    356 |                                                 완료 프로젝트
    357 |                                             </Typography>

ERROR in src/components/RealEstate/ConstructionCompanyDashboard.tsx:362:41
TS2769: No overload matches this call.
  Overload 1 of 2, '(props: { component: ElementType<any, keyof IntrinsicElements>; } & GridBaseProps & { sx?: SxProps<Theme> | undefined; } & SystemProps<...> & Omit<...>): Element | null', gave the following error.
    Property 'component' is missing in type '{ children: Element[]; item: true; xs: number; }' but required in type '{ component: ElementType<any, keyof IntrinsicElements>; }'.
  Overload 2 of 2, '(props: DefaultComponentProps<GridTypeMap<{}, "div">>): Element | null', gave the following error.
    Type '{ children: Element[]; item: true; xs: number; }' is not assignable to type 'IntrinsicAttributes & GridBaseProps & { sx?: SxProps<Theme> | undefined; } & SystemProps<Theme> & Omit<...>'.
      Property 'item' does not exist on type 'IntrinsicAttributes & GridBaseProps & { sx?: SxProps<Theme> | undefined; } & SystemProps<Theme> & Omit<...>'.
    360 |                                             </Typography>
    361 |                                         </Grid>
  > 362 |                                         <Grid item xs={6}>
        |                                         ^^^^^^^^^^^^^^^^^^
    363 |                                             <Typography variant="body2" color="text.secondary">
    364 |                                                 평판 점수
    365 |                                             </Typography>

ERROR in src/components/RealEstate/ConstructionCompanyDashboard.tsx:368:41
TS2769: No overload matches this call.
  Overload 1 of 2, '(props: { component: ElementType<any, keyof IntrinsicElements>; } & GridBaseProps & { sx?: SxProps<Theme> | undefined; } & SystemProps<...> & Omit<...>): Element | null', gave the following error.
    Property 'component' is missing in type '{ children: Element[]; item: true; xs: number; }' but required in type '{ component: ElementType<any, keyof IntrinsicElements>; }'.
  Overload 2 of 2, '(props: DefaultComponentProps<GridTypeMap<{}, "div">>): Element | null', gave the following error.
    Type '{ children: Element[]; item: true; xs: number; }' is not assignable to type 'IntrinsicAttributes & GridBaseProps & { sx?: SxProps<Theme> | undefined; } & SystemProps<Theme> & Omit<...>'.
      Property 'item' does not exist on type 'IntrinsicAttributes & GridBaseProps & { sx?: SxProps<Theme> | undefined; } & SystemProps<Theme> & Omit<...>'.
    366 |                                             <Typography variant="h6">{company.reputation_score.toFixed(1)}</Typography>
    367 |                                         </Grid>
  > 368 |                                         <Grid item xs={6}>
        |                                         ^^^^^^^^^^^^^^^^^^
    369 |                                             <Typography variant="body2" color="text.secondary">
    370 |                                                 품질 점수
    371 |                                             </Typography>

ERROR in src/components/RealEstate/ConstructionCompanyDashboard.tsx:603:29
TS2769: No overload matches this call.
  Overload 1 of 2, '(props: { component: ElementType<any, keyof IntrinsicElements>; } & GridBaseProps & { sx?: SxProps<Theme> | undefined; } & SystemProps<...> & Omit<...>): Element | null', gave the following error.
    Property 'component' is missing in type '{ children: Element; item: true; xs: number; md: number; key: string; }' but required in type '{ component: ElementType<any, keyof IntrinsicElements>; }'.
  Overload 2 of 2, '(props: DefaultComponentProps<GridTypeMap<{}, "div">>): Element | null', gave the following error.
    Type '{ children: Element; item: true; xs: number; md: number; key: string; }' is not assignable to type 'IntrinsicAttributes & GridBaseProps & { sx?: SxProps<Theme> | undefined; } & SystemProps<Theme> & Omit<...>'.
      Property 'item' does not exist on type 'IntrinsicAttributes & GridBaseProps & { sx?: SxProps<Theme> | undefined; } & SystemProps<Theme> & Omit<...>'.
    601 |                     <Grid container spacing={3}>
    602 |                         {selectionAnalyses.map((analysis) => (
  > 603 |                             <Grid item xs={12} md={6} key={analysis.company_id}>
        |                             ^^^^^^^^^^^^^^^^^^^^^^^^^^^^^^^^^^^^^^^^^^^^^^^^^^^^
    604 |                                 <Card>
    605 |                                     <CardContent>
    606 |                                         <Typography variant="h6" gutterBottom>

ERROR in src/components/Security/AdvancedSecurityPanel.tsx:397:21
TS2769: No overload matches this call.
  Overload 1 of 2, '(props: { component: ElementType<any, keyof IntrinsicElements>; } & GridBaseProps & { sx?: SxProps<Theme> | undefined; } & SystemProps<...> & Omit<...>): Element | null', gave the following error.
    Property 'component' is missing in type '{ children: Element; item: true; xs: number; md: number; }' but required in type '{ component: ElementType<any, keyof IntrinsicElements>; }'.
  Overload 2 of 2, '(props: DefaultComponentProps<GridTypeMap<{}, "div">>): Element | null', gave the following error.
    Type '{ children: Element; item: true; xs: number; md: number; }' is not assignable to type 'IntrinsicAttributes & GridBaseProps & { sx?: SxProps<Theme> | undefined; } & SystemProps<Theme> & Omit<...>'.
      Property 'item' does not exist on type 'IntrinsicAttributes & GridBaseProps & { sx?: SxProps<Theme> | undefined; } & SystemProps<Theme> & Omit<...>'.
    395 |             {securityStatus && (
    396 |                 <Grid container spacing={3} sx={{ mb: 3 }}>
  > 397 |                     <Grid item xs={12} md={3}>
        |                     ^^^^^^^^^^^^^^^^^^^^^^^^^^
    398 |                         <Card role="region" aria-label="보안 점수">
    399 |                             <CardContent>
    400 |                                 <Typography color="textSecondary" gutterBottom>

ERROR in src/components/Security/AdvancedSecurityPanel.tsx:415:21
TS2769: No overload matches this call.
  Overload 1 of 2, '(props: { component: ElementType<any, keyof IntrinsicElements>; } & GridBaseProps & { sx?: SxProps<Theme> | undefined; } & SystemProps<...> & Omit<...>): Element | null', gave the following error.
    Property 'component' is missing in type '{ children: Element; item: true; xs: number; md: number; }' but required in type '{ component: ElementType<any, keyof IntrinsicElements>; }'.
  Overload 2 of 2, '(props: DefaultComponentProps<GridTypeMap<{}, "div">>): Element | null', gave the following error.
    Type '{ children: Element; item: true; xs: number; md: number; }' is not assignable to type 'IntrinsicAttributes & GridBaseProps & { sx?: SxProps<Theme> | undefined; } & SystemProps<Theme> & Omit<...>'.
      Property 'item' does not exist on type 'IntrinsicAttributes & GridBaseProps & { sx?: SxProps<Theme> | undefined; } & SystemProps<Theme> & Omit<...>'.
    413 |                         </Card>
    414 |                     </Grid>
  > 415 |                     <Grid item xs={12} md={3}>
        |                     ^^^^^^^^^^^^^^^^^^^^^^^^^^
    416 |                         <Card role="region" aria-label="활성 위협">
    417 |                             <CardContent>
    418 |                                 <Typography color="textSecondary" gutterBottom>

ERROR in src/components/Security/AdvancedSecurityPanel.tsx:438:21
TS2769: No overload matches this call.
  Overload 1 of 2, '(props: { component: ElementType<any, keyof IntrinsicElements>; } & GridBaseProps & { sx?: SxProps<Theme> | undefined; } & SystemProps<...> & Omit<...>): Element | null', gave the following error.
    Property 'component' is missing in type '{ children: Element; item: true; xs: number; md: number; }' but required in type '{ component: ElementType<any, keyof IntrinsicElements>; }'.
  Overload 2 of 2, '(props: DefaultComponentProps<GridTypeMap<{}, "div">>): Element | null', gave the following error.
    Type '{ children: Element; item: true; xs: number; md: number; }' is not assignable to type 'IntrinsicAttributes & GridBaseProps & { sx?: SxProps<Theme> | undefined; } & SystemProps<Theme> & Omit<...>'.
      Property 'item' does not exist on type 'IntrinsicAttributes & GridBaseProps & { sx?: SxProps<Theme> | undefined; } & SystemProps<Theme> & Omit<...>'.
    436 |                         </Card>
    437 |                     </Grid>
  > 438 |                     <Grid item xs={12} md={3}>
        |                     ^^^^^^^^^^^^^^^^^^^^^^^^^^
    439 |                         <Card role="region" aria-label="고위험 이벤트">
    440 |                             <CardContent>
    441 |                                 <Typography color="textSecondary" gutterBottom>

ERROR in src/components/Security/AdvancedSecurityPanel.tsx:453:21
TS2769: No overload matches this call.
  Overload 1 of 2, '(props: { component: ElementType<any, keyof IntrinsicElements>; } & GridBaseProps & { sx?: SxProps<Theme> | undefined; } & SystemProps<...> & Omit<...>): Element | null', gave the following error.
    Property 'component' is missing in type '{ children: Element; item: true; xs: number; md: number; }' but required in type '{ component: ElementType<any, keyof IntrinsicElements>; }'.
  Overload 2 of 2, '(props: DefaultComponentProps<GridTypeMap<{}, "div">>): Element | null', gave the following error.
    Type '{ children: Element; item: true; xs: number; md: number; }' is not assignable to type 'IntrinsicAttributes & GridBaseProps & { sx?: SxProps<Theme> | undefined; } & SystemProps<Theme> & Omit<...>'.
      Property 'item' does not exist on type 'IntrinsicAttributes & GridBaseProps & { sx?: SxProps<Theme> | undefined; } & SystemProps<Theme> & Omit<...>'.
    451 |                         </Card>
    452 |                     </Grid>
  > 453 |                     <Grid item xs={12} md={3}>
        |                     ^^^^^^^^^^^^^^^^^^^^^^^^^^
    454 |                         <Card role="region" aria-label="암호화 키">
    455 |                             <CardContent>
    456 |                                 <Typography color="textSecondary" gutterBottom>

ERROR in src/components/Security/AdvancedSecurityPanel.tsx:789:53
TS2367: This comparison appears to be unintentional because the types '"disabled" | "enabled"' and '""' have no overlap.
    787 |                                 value={policyFilter.enabled === undefined ? '' : policyFilter.enabled ? 'enabled' : 'disabled'}
    788 |                                 onChange={(e) => {
  > 789 |                                     const enabled = e.target.value === '' ? undefined : e.target.value === 'enabled';
        |                                                     ^^^^^^^^^^^^^^^^^^^^^
    790 |                                     handlePolicyFilterChange(policyFilter.type, enabled, policyFilter.search);
    791 |                                 }}
    792 |                                 label="상태"

ERROR in src/components/Security/AdvancedSecurityPanel.tsx:824:29
TS2769: No overload matches this call.
  Overload 1 of 2, '(props: { component: ElementType<any, keyof IntrinsicElements>; } & GridBaseProps & { sx?: SxProps<Theme> | undefined; } & SystemProps<...> & Omit<...>): Element | null', gave the following error.
    Property 'component' is missing in type '{ children: Element; item: true; xs: number; md: number; key: string; }' but required in type '{ component: ElementType<any, keyof IntrinsicElements>; }'.
  Overload 2 of 2, '(props: DefaultComponentProps<GridTypeMap<{}, "div">>): Element | null', gave the following error.
    Type '{ children: Element; item: true; xs: number; md: number; key: string; }' is not assignable to type 'IntrinsicAttributes & GridBaseProps & { sx?: SxProps<Theme> | undefined; } & SystemProps<Theme> & Omit<...>'.
      Property 'item' does not exist on type 'IntrinsicAttributes & GridBaseProps & { sx?: SxProps<Theme> | undefined; } & SystemProps<Theme> & Omit<...>'.
    822 |                     <Grid container spacing={2}>
    823 |                         {filteredPolicies.map((policy) => (
  > 824 |                             <Grid item xs={12} md={6} key={policy.id}>
        |                             ^^^^^^^^^^^^^^^^^^^^^^^^^^^^^^^^^^^^^^^^^^
    825 |                                 <Card>
    826 |                                     <CardContent>
    827 |                                         <Box sx={{ display: 'flex', justifyContent: 'space-between', mb: 1 }}>

ERROR in src/components/Security/SecurityAnalyticsPanel.tsx:105:25
TS2769: No overload matches this call.
  Overload 1 of 2, '(props: { component: ElementType<any, keyof IntrinsicElements>; } & GridBaseProps & { sx?: SxProps<Theme> | undefined; } & SystemProps<...> & Omit<...>): Element | null', gave the following error.
    Property 'component' is missing in type '{ children: Element; item: true; xs: number; sm: number; }' but required in type '{ component: ElementType<any, keyof IntrinsicElements>; }'.
  Overload 2 of 2, '(props: DefaultComponentProps<GridTypeMap<{}, "div">>): Element | null', gave the following error.
    Type '{ children: Element; item: true; xs: number; sm: number; }' is not assignable to type 'IntrinsicAttributes & GridBaseProps & { sx?: SxProps<Theme> | undefined; } & SystemProps<Theme> & Omit<...>'.
      Property 'item' does not exist on type 'IntrinsicAttributes & GridBaseProps & { sx?: SxProps<Theme> | undefined; } & SystemProps<Theme> & Omit<...>'.
    103 |                 <CardContent>
    104 |                     <Grid container spacing={2} alignItems="center">
  > 105 |                         <Grid item xs={12} sm={4}>
        |                         ^^^^^^^^^^^^^^^^^^^^^^^^^^
    106 |                             <Box>
    107 |                                 <Typography variant="body2" sx={{ mb: 1 }}>
    108 |                                     시작 날짜

ERROR in src/components/Security/SecurityAnalyticsPanel.tsx:125:25
TS2769: No overload matches this call.
  Overload 1 of 2, '(props: { component: ElementType<any, keyof IntrinsicElements>; } & GridBaseProps & { sx?: SxProps<Theme> | undefined; } & SystemProps<...> & Omit<...>): Element | null', gave the following error.
    Property 'component' is missing in type '{ children: Element; item: true; xs: number; sm: number; }' but required in type '{ component: ElementType<any, keyof IntrinsicElements>; }'.
  Overload 2 of 2, '(props: DefaultComponentProps<GridTypeMap<{}, "div">>): Element | null', gave the following error.
    Type '{ children: Element; item: true; xs: number; sm: number; }' is not assignable to type 'IntrinsicAttributes & GridBaseProps & { sx?: SxProps<Theme> | undefined; } & SystemProps<Theme> & Omit<...>'.
      Property 'item' does not exist on type 'IntrinsicAttributes & GridBaseProps & { sx?: SxProps<Theme> | undefined; } & SystemProps<Theme> & Omit<...>'.
    123 |                             </Box>
    124 |                         </Grid>
  > 125 |                         <Grid item xs={12} sm={4}>
        |                         ^^^^^^^^^^^^^^^^^^^^^^^^^^
    126 |                             <Box>
    127 |                                 <Typography variant="body2" sx={{ mb: 1 }}>
    128 |                                     종료 날짜

ERROR in src/components/Security/SecurityAnalyticsPanel.tsx:145:25
TS2769: No overload matches this call.
  Overload 1 of 2, '(props: { component: ElementType<any, keyof IntrinsicElements>; } & GridBaseProps & { sx?: SxProps<Theme> | undefined; } & SystemProps<...> & Omit<...>): Element | null', gave the following error.
    Property 'component' is missing in type '{ children: Element; item: true; xs: number; sm: number; }' but required in type '{ component: ElementType<any, keyof IntrinsicElements>; }'.
  Overload 2 of 2, '(props: DefaultComponentProps<GridTypeMap<{}, "div">>): Element | null', gave the following error.
    Type '{ children: Element; item: true; xs: number; sm: number; }' is not assignable to type 'IntrinsicAttributes & GridBaseProps & { sx?: SxProps<Theme> | undefined; } & SystemProps<Theme> & Omit<...>'.
      Property 'item' does not exist on type 'IntrinsicAttributes & GridBaseProps & { sx?: SxProps<Theme> | undefined; } & SystemProps<Theme> & Omit<...>'.
    143 |                             </Box>
    144 |                         </Grid>
  > 145 |                         <Grid item xs={12} sm={4}>
        |                         ^^^^^^^^^^^^^^^^^^^^^^^^^^
    146 |                             <Button
    147 |                                 variant="contained"
    148 |                                 fullWidth

ERROR in src/components/Security/SecurityAnalyticsPanel.tsx:180:17
TS2769: No overload matches this call.
  Overload 1 of 2, '(props: { component: ElementType<any, keyof IntrinsicElements>; } & GridBaseProps & { sx?: SxProps<Theme> | undefined; } & SystemProps<...> & Omit<...>): Element | null', gave the following error.
    Property 'component' is missing in type '{ children: Element; item: true; xs: number; md: number; }' but required in type '{ component: ElementType<any, keyof IntrinsicElements>; }'.
  Overload 2 of 2, '(props: DefaultComponentProps<GridTypeMap<{}, "div">>): Element | null', gave the following error.
    Type '{ children: Element; item: true; xs: number; md: number; }' is not assignable to type 'IntrinsicAttributes & GridBaseProps & { sx?: SxProps<Theme> | undefined; } & SystemProps<Theme> & Omit<...>'.
      Property 'item' does not exist on type 'IntrinsicAttributes & GridBaseProps & { sx?: SxProps<Theme> | undefined; } & SystemProps<Theme> & Omit<...>'.
    178 |             {/* 위협 통계 */}
    179 |             <Grid container spacing={3} sx={{ mb: 3 }}>
  > 180 |                 <Grid item xs={12} md={6}>
        |                 ^^^^^^^^^^^^^^^^^^^^^^^^^^
    181 |                     <Card>
    182 |                         <CardContent>
    183 |                             <Typography variant="h6" gutterBottom>

ERROR in src/components/Security/SecurityAnalyticsPanel.tsx:204:17
TS2769: No overload matches this call.
  Overload 1 of 2, '(props: { component: ElementType<any, keyof IntrinsicElements>; } & GridBaseProps & { sx?: SxProps<Theme> | undefined; } & SystemProps<...> & Omit<...>): Element | null', gave the following error.
    Property 'component' is missing in type '{ children: Element; item: true; xs: number; md: number; }' but required in type '{ component: ElementType<any, keyof IntrinsicElements>; }'.
  Overload 2 of 2, '(props: DefaultComponentProps<GridTypeMap<{}, "div">>): Element | null', gave the following error.
    Type '{ children: Element; item: true; xs: number; md: number; }' is not assignable to type 'IntrinsicAttributes & GridBaseProps & { sx?: SxProps<Theme> | undefined; } & SystemProps<Theme> & Omit<...>'.
      Property 'item' does not exist on type 'IntrinsicAttributes & GridBaseProps & { sx?: SxProps<Theme> | undefined; } & SystemProps<Theme> & Omit<...>'.
    202 |                 </Grid>
    203 |
  > 204 |                 <Grid item xs={12} md={6}>
        |                 ^^^^^^^^^^^^^^^^^^^^^^^^^^
    205 |                     <Card>
    206 |                         <CardContent>
    207 |                             <Typography variant="h6" gutterBottom>

ERROR in src/components/Security/SecurityAnalyticsPanel.tsx:262:17
TS2769: No overload matches this call.
  Overload 1 of 2, '(props: { component: ElementType<any, keyof IntrinsicElements>; } & GridBaseProps & { sx?: SxProps<Theme> | undefined; } & SystemProps<...> & Omit<...>): Element | null', gave the following error.
    Property 'component' is missing in type '{ children: Element; item: true; xs: number; md: number; }' but required in type '{ component: ElementType<any, keyof IntrinsicElements>; }'.
  Overload 2 of 2, '(props: DefaultComponentProps<GridTypeMap<{}, "div">>): Element | null', gave the following error.
    Type '{ children: Element; item: true; xs: number; md: number; }' is not assignable to type 'IntrinsicAttributes & GridBaseProps & { sx?: SxProps<Theme> | undefined; } & SystemProps<Theme> & Omit<...>'.
      Property 'item' does not exist on type 'IntrinsicAttributes & GridBaseProps & { sx?: SxProps<Theme> | undefined; } & SystemProps<Theme> & Omit<...>'.
    260 |             {/* 이벤트 통계 */}
    261 |             <Grid container spacing={3} sx={{ mb: 3 }}>
  > 262 |                 <Grid item xs={12} md={6}>
        |                 ^^^^^^^^^^^^^^^^^^^^^^^^^^
    263 |                     <Card>
    264 |                         <CardContent>
    265 |                             <Typography variant="h6" gutterBottom>

ERROR in src/components/Security/SecurityAnalyticsPanel.tsx:286:17
TS2769: No overload matches this call.
  Overload 1 of 2, '(props: { component: ElementType<any, keyof IntrinsicElements>; } & GridBaseProps & { sx?: SxProps<Theme> | undefined; } & SystemProps<...> & Omit<...>): Element | null', gave the following error.
    Property 'component' is missing in type '{ children: Element; item: true; xs: number; md: number; }' but required in type '{ component: ElementType<any, keyof IntrinsicElements>; }'.
  Overload 2 of 2, '(props: DefaultComponentProps<GridTypeMap<{}, "div">>): Element | null', gave the following error.
    Type '{ children: Element; item: true; xs: number; md: number; }' is not assignable to type 'IntrinsicAttributes & GridBaseProps & { sx?: SxProps<Theme> | undefined; } & SystemProps<Theme> & Omit<...>'.
      Property 'item' does not exist on type 'IntrinsicAttributes & GridBaseProps & { sx?: SxProps<Theme> | undefined; } & SystemProps<Theme> & Omit<...>'.
    284 |                 </Grid>
    285 |
  > 286 |                 <Grid item xs={12} md={6}>
        |                 ^^^^^^^^^^^^^^^^^^^^^^^^^^
    287 |                     <Card>
    288 |                         <CardContent>
    289 |                             <Typography variant="h6" gutterBottom>

ERROR in src/components/Security/SecurityAnalyticsPanel.tsx:320:25
TS2769: No overload matches this call.
  Overload 1 of 2, '(props: { component: ElementType<any, keyof IntrinsicElements>; } & GridBaseProps & { sx?: SxProps<Theme> | undefined; } & SystemProps<...> & Omit<...>): Element | null', gave the following error.
    Property 'component' is missing in type '{ children: Element[]; item: true; xs: number; sm: number; }' but required in type '{ component: ElementType<any, keyof IntrinsicElements>; }'.
  Overload 2 of 2, '(props: DefaultComponentProps<GridTypeMap<{}, "div">>): Element | null', gave the following error.
    Type '{ children: Element[]; item: true; xs: number; sm: number; }' is not assignable to type 'IntrinsicAttributes & GridBaseProps & { sx?: SxProps<Theme> | undefined; } & SystemProps<Theme> & Omit<...>'.
      Property 'item' does not exist on type 'IntrinsicAttributes & GridBaseProps & { sx?: SxProps<Theme> | undefined; } & SystemProps<Theme> & Omit<...>'.
    318 |                     </Typography>
    319 |                     <Grid container spacing={2}>
  > 320 |                         <Grid item xs={12} sm={4}>
        |                         ^^^^^^^^^^^^^^^^^^^^^^^^^^
    321 |                             <Typography variant="body2" color="text.secondary">
    322 |                                 총 알림 수
    323 |                             </Typography>

ERROR in src/components/Security/SecurityAnalyticsPanel.tsx:326:25
TS2769: No overload matches this call.
  Overload 1 of 2, '(props: { component: ElementType<any, keyof IntrinsicElements>; } & GridBaseProps & { sx?: SxProps<Theme> | undefined; } & SystemProps<...> & Omit<...>): Element | null', gave the following error.
    Property 'component' is missing in type '{ children: Element[]; item: true; xs: number; sm: number; }' but required in type '{ component: ElementType<any, keyof IntrinsicElements>; }'.
  Overload 2 of 2, '(props: DefaultComponentProps<GridTypeMap<{}, "div">>): Element | null', gave the following error.
    Type '{ children: Element[]; item: true; xs: number; sm: number; }' is not assignable to type 'IntrinsicAttributes & GridBaseProps & { sx?: SxProps<Theme> | undefined; } & SystemProps<Theme> & Omit<...>'.
      Property 'item' does not exist on type 'IntrinsicAttributes & GridBaseProps & { sx?: SxProps<Theme> | undefined; } & SystemProps<Theme> & Omit<...>'.
    324 |                             <Typography variant="h4">{statistics.alerts.total}</Typography>
    325 |                         </Grid>
  > 326 |                         <Grid item xs={12} sm={4}>
        |                         ^^^^^^^^^^^^^^^^^^^^^^^^^^
    327 |                             <Typography variant="body2" color="text.secondary">
    328 |                                 미확인 알림
    329 |                             </Typography>

ERROR in src/components/Security/SecurityAnalyticsPanel.tsx:334:25
TS2769: No overload matches this call.
  Overload 1 of 2, '(props: { component: ElementType<any, keyof IntrinsicElements>; } & GridBaseProps & { sx?: SxProps<Theme> | undefined; } & SystemProps<...> & Omit<...>): Element | null', gave the following error.
    Property 'component' is missing in type '{ children: Element[]; item: true; xs: number; sm: number; }' but required in type '{ component: ElementType<any, keyof IntrinsicElements>; }'.
  Overload 2 of 2, '(props: DefaultComponentProps<GridTypeMap<{}, "div">>): Element | null', gave the following error.
    Type '{ children: Element[]; item: true; xs: number; sm: number; }' is not assignable to type 'IntrinsicAttributes & GridBaseProps & { sx?: SxProps<Theme> | undefined; } & SystemProps<Theme> & Omit<...>'.
      Property 'item' does not exist on type 'IntrinsicAttributes & GridBaseProps & { sx?: SxProps<Theme> | undefined; } & SystemProps<Theme> & Omit<...>'.
    332 |                             </Typography>
    333 |                         </Grid>
  > 334 |                         <Grid item xs={12} sm={4}>
        |                         ^^^^^^^^^^^^^^^^^^^^^^^^^^
    335 |                             <Typography variant="body2" color="text.secondary">
    336 |                                 심각도별 분포
    337 |                             </Typography>

ERROR in src/components/Security/SecurityAnalyticsPanel.tsx:365:21
TS2769: No overload matches this call.
  Overload 1 of 2, '(props: { component: ElementType<any, keyof IntrinsicElements>; } & GridBaseProps & { sx?: SxProps<Theme> | undefined; } & SystemProps<...> & Omit<...>): Element | null', gave the following error.
    Property 'component' is missing in type '{ children: Element; item: true; xs: number; md: number; }' but required in type '{ component: ElementType<any, keyof IntrinsicElements>; }'.
  Overload 2 of 2, '(props: DefaultComponentProps<GridTypeMap<{}, "div">>): Element | null', gave the following error.
    Type '{ children: Element; item: true; xs: number; md: number; }' is not assignable to type 'IntrinsicAttributes & GridBaseProps & { sx?: SxProps<Theme> | undefined; } & SystemProps<Theme> & Omit<...>'.
      Property 'item' does not exist on type 'IntrinsicAttributes & GridBaseProps & { sx?: SxProps<Theme> | undefined; } & SystemProps<Theme> & Omit<...>'.
    363 |             {statistics.audit.topUsers.length > 0 && (
    364 |                 <Grid container spacing={3} sx={{ mb: 3 }}>
  > 365 |                     <Grid item xs={12} md={6}>
        |                     ^^^^^^^^^^^^^^^^^^^^^^^^^^
    366 |                         <Card>
    367 |                             <CardContent>
    368 |                                 <Typography variant="h6" gutterBottom>

ERROR in src/components/Security/SecurityAnalyticsPanel.tsx:393:21
TS2769: No overload matches this call.
  Overload 1 of 2, '(props: { component: ElementType<any, keyof IntrinsicElements>; } & GridBaseProps & { sx?: SxProps<Theme> | undefined; } & SystemProps<...> & Omit<...>): Element | null', gave the following error.
    Property 'component' is missing in type '{ children: Element; item: true; xs: number; md: number; }' but required in type '{ component: ElementType<any, keyof IntrinsicElements>; }'.
  Overload 2 of 2, '(props: DefaultComponentProps<GridTypeMap<{}, "div">>): Element | null', gave the following error.
    Type '{ children: Element; item: true; xs: number; md: number; }' is not assignable to type 'IntrinsicAttributes & GridBaseProps & { sx?: SxProps<Theme> | undefined; } & SystemProps<Theme> & Omit<...>'.
      Property 'item' does not exist on type 'IntrinsicAttributes & GridBaseProps & { sx?: SxProps<Theme> | undefined; } & SystemProps<Theme> & Omit<...>'.
    391 |                     </Grid>
    392 |
  > 393 |                     <Grid item xs={12} md={6}>
        |                     ^^^^^^^^^^^^^^^^^^^^^^^^^^
    394 |                         <Card>
    395 |                             <CardContent>
    396 |                                 <Typography variant="h6" gutterBottom>

ERROR in src/components/Security/SecurityAutomationPanel.tsx:103:17
TS2322: Type '{ type: "threat" | "alert" | "event" | "metric"; condition: string; severity?: "low" | "medium" | "high" | "critical" | undefined; }' is not assignable to type '{ type: "threat" | "alert" | "event" | "metric"; condition: string; severity: "low" | "medium" | "high" | "critical"; }'.
  Types of property 'severity' are incompatible.
    Type '"low" | "medium" | "high" | "critical" | undefined' is not assignable to type '"low" | "medium" | "high" | "critical"'.
      Type 'undefined' is not assignable to type '"low" | "medium" | "high" | "critical"'.
    101 |                 name: rule.name,
    102 |                 description: rule.description,
  > 103 |                 trigger: rule.trigger,
        |                 ^^^^^^^
    104 |                 actions: rule.actions,
    105 |                 enabled: rule.enabled,
    106 |             });

ERROR in src/components/Security/SecurityAutomationPanel.tsx:209:17
TS2769: No overload matches this call.
  Overload 1 of 2, '(props: { component: ElementType<any, keyof IntrinsicElements>; } & GridBaseProps & { sx?: SxProps<Theme> | undefined; } & SystemProps<...> & Omit<...>): Element | null', gave the following error.
    Property 'component' is missing in type '{ children: Element; item: true; xs: number; }' but required in type '{ component: ElementType<any, keyof IntrinsicElements>; }'.
  Overload 2 of 2, '(props: DefaultComponentProps<GridTypeMap<{}, "div">>): Element | null', gave the following error.
    Type '{ children: Element; item: true; xs: number; }' is not assignable to type 'IntrinsicAttributes & GridBaseProps & { sx?: SxProps<Theme> | undefined; } & SystemProps<Theme> & Omit<...>'.
      Property 'item' does not exist on type 'IntrinsicAttributes & GridBaseProps & { sx?: SxProps<Theme> | undefined; } & SystemProps<Theme> & Omit<...>'.
    207 |
    208 |             <Grid container spacing={3}>
  > 209 |                 <Grid item xs={12}>
        |                 ^^^^^^^^^^^^^^^^^^^
    210 |                     <Card>
    211 |                         <CardContent>
    212 |                             <Typography variant="h6" gutterBottom>

ERROR in src/components/Security/SecurityCharts.tsx:160:53
TS2339: Property 'percent' does not exist on type 'Props'.
    158 |                                     cy="50%"
    159 |                                     labelLine={false}
  > 160 |                                     label={({ name, percent }) =>
        |                                                     ^^^^^^^
    161 |                                         `${name}: ${(percent * 100).toFixed(0)}%`
    162 |                                     }
    163 |                                     outerRadius={80}

ERROR in src/services/aiHealthMonitor.ts:53:14
TS2300: Duplicate identifier 'AIHealthMonitor'.
    51 |
    52 | // AI 시스템 헬스 모니터 클래스
  > 53 | export class AIHealthMonitor extends EventEmitter {
       |              ^^^^^^^^^^^^^^^
    54 |     private services: Map<string, ServiceHealth> = new Map();
    55 |     private thresholds: Map<string, HealthThreshold> = new Map();
    56 |     private healthHistory: Map<string, HealthCheckResult[]> = new Map();

Compiling...
Compiled successfully!
webpack compiled successfully
Files successfully emitted, waiting for typecheck results...
Issues checking in progress...
ERROR in src/components/AnalyticsDashboard.tsx:42:16
TS7009: 'new' expression, whose target lacks a construct signature, implicitly has an 'any' type.
    40 |     } catch {
    41 |         // 최후의 수단
  > 42 |         return new Error(String(err));
       |                ^^^^^^^^^^^^^^^^^^^^^^
    43 |     }
    44 | };
    45 |

ERROR in src/components/AnalyticsDashboard.tsx:42:26
TS2769: No overload matches this call.
  Overload 1 of 2, '(props: { component: ElementType<any, keyof IntrinsicElements>; } & SvgIconOwnProps & CommonProps & Omit<any, "className" | ... 10 more ... | "viewBox">): Element | null', gave the following error.
    Argument of type 'string' is not assignable to parameter of type '{ component: ElementType<any, keyof IntrinsicElements>; } & SvgIconOwnProps & CommonProps & Omit<any, "className" | ... 10 more ... | "viewBox">'.
      Type 'string' is not assignable to type '{ component: ElementType<any, keyof IntrinsicElements>; }'.
  Overload 2 of 2, '(props: DefaultComponentProps<SvgIconTypeMap<{}, "svg">>): Element | null', gave the following error.
    Type 'string' has no properties in common with type 'DefaultComponentProps<SvgIconTypeMap<{}, "svg">>'.
    40 |     } catch {
    41 |         // 최후의 수단
  > 42 |         return new Error(String(err));
       |                          ^^^^^^^^^^^
    43 |     }
    44 | };
    45 |

ERROR in src/components/PWAInstallPrompt.tsx:299:24
TS2322: Type '{ children: Element[]; component: string; sx: { border: "none"; p: number; }; "aria-label": string; }' is not assignable to type 'IntrinsicAttributes & DialogActionsProps'.
  Property 'component' does not exist on type 'IntrinsicAttributes & DialogActionsProps'.
    297 |           </Alert>
    298 |         </DialogContent>
  > 299 |         <DialogActions component="fieldset" sx={{ border: 'none', p: 0 }} aria-label="업데이트 액션">
        |                        ^^^^^^^^^
    300 |           <Button 
    301 |             onClick={() => setShowUpdateDialog(false)}
    302 |             aria-label="업데이트 다이얼로그 닫기"

ERROR in src/components/RealEstate/ApartmentCommunityAnalysisDashboard.tsx:224:21
TS2769: No overload matches this call.
  Overload 1 of 2, '(props: { component: ElementType<any, keyof IntrinsicElements>; } & GridBaseProps & { sx?: SxProps<Theme> | undefined; } & SystemProps<...> & Omit<...>): Element | null', gave the following error.
    Property 'component' is missing in type '{ children: Element; item: true; xs: number; sm: number; md: number; }' but required in type '{ component: ElementType<any, keyof IntrinsicElements>; }'.
  Overload 2 of 2, '(props: DefaultComponentProps<GridTypeMap<{}, "div">>): Element | null', gave the following error.
    Type '{ children: Element; item: true; xs: number; sm: number; md: number; }' is not assignable to type 'IntrinsicAttributes & GridBaseProps & { sx?: SxProps<Theme> | undefined; } & SystemProps<Theme> & Omit<...>'.
      Property 'item' does not exist on type 'IntrinsicAttributes & GridBaseProps & { sx?: SxProps<Theme> | undefined; } & SystemProps<Theme> & Omit<...>'.
    222 |             {analytics && (
    223 |                 <Grid container spacing={3} sx={{ mb: 3 }}>
  > 224 |                     <Grid item xs={12} sm={6} md={3}>
        |                     ^^^^^^^^^^^^^^^^^^^^^^^^^^^^^^^^^
    225 |                         <Card>
    226 |                             <CardContent>
    227 |                                 <Typography color="textSecondary" gutterBottom>

ERROR in src/components/RealEstate/ApartmentCommunityAnalysisDashboard.tsx:237:21
TS2769: No overload matches this call.
  Overload 1 of 2, '(props: { component: ElementType<any, keyof IntrinsicElements>; } & GridBaseProps & { sx?: SxProps<Theme> | undefined; } & SystemProps<...> & Omit<...>): Element | null', gave the following error.
    Property 'component' is missing in type '{ children: Element; item: true; xs: number; sm: number; md: number; }' but required in type '{ component: ElementType<any, keyof IntrinsicElements>; }'.
  Overload 2 of 2, '(props: DefaultComponentProps<GridTypeMap<{}, "div">>): Element | null', gave the following error.
    Type '{ children: Element; item: true; xs: number; sm: number; md: number; }' is not assignable to type 'IntrinsicAttributes & GridBaseProps & { sx?: SxProps<Theme> | undefined; } & SystemProps<Theme> & Omit<...>'.
      Property 'item' does not exist on type 'IntrinsicAttributes & GridBaseProps & { sx?: SxProps<Theme> | undefined; } & SystemProps<Theme> & Omit<...>'.
    235 |                         </Card>
    236 |                     </Grid>
  > 237 |                     <Grid item xs={12} sm={6} md={3}>
        |                     ^^^^^^^^^^^^^^^^^^^^^^^^^^^^^^^^^
    238 |                         <Card>
    239 |                             <CardContent>
    240 |                                 <Typography color="textSecondary" gutterBottom>

ERROR in src/components/RealEstate/ApartmentCommunityAnalysisDashboard.tsx:247:21
TS2769: No overload matches this call.
  Overload 1 of 2, '(props: { component: ElementType<any, keyof IntrinsicElements>; } & GridBaseProps & { sx?: SxProps<Theme> | undefined; } & SystemProps<...> & Omit<...>): Element | null', gave the following error.
    Property 'component' is missing in type '{ children: Element; item: true; xs: number; sm: number; md: number; }' but required in type '{ component: ElementType<any, keyof IntrinsicElements>; }'.
  Overload 2 of 2, '(props: DefaultComponentProps<GridTypeMap<{}, "div">>): Element | null', gave the following error.
    Type '{ children: Element; item: true; xs: number; sm: number; md: number; }' is not assignable to type 'IntrinsicAttributes & GridBaseProps & { sx?: SxProps<Theme> | undefined; } & SystemProps<Theme> & Omit<...>'.
      Property 'item' does not exist on type 'IntrinsicAttributes & GridBaseProps & { sx?: SxProps<Theme> | undefined; } & SystemProps<Theme> & Omit<...>'.
    245 |                         </Card>
    246 |                     </Grid>
  > 247 |                     <Grid item xs={12} sm={6} md={3}>
        |                     ^^^^^^^^^^^^^^^^^^^^^^^^^^^^^^^^^
    248 |                         <Card>
    249 |                             <CardContent>
    250 |                                 <Typography color="textSecondary" gutterBottom>

ERROR in src/components/RealEstate/ApartmentCommunityAnalysisDashboard.tsx:259:21
TS2769: No overload matches this call.
  Overload 1 of 2, '(props: { component: ElementType<any, keyof IntrinsicElements>; } & GridBaseProps & { sx?: SxProps<Theme> | undefined; } & SystemProps<...> & Omit<...>): Element | null', gave the following error.
    Property 'component' is missing in type '{ children: Element; item: true; xs: number; sm: number; md: number; }' but required in type '{ component: ElementType<any, keyof IntrinsicElements>; }'.
  Overload 2 of 2, '(props: DefaultComponentProps<GridTypeMap<{}, "div">>): Element | null', gave the following error.
    Type '{ children: Element; item: true; xs: number; sm: number; md: number; }' is not assignable to type 'IntrinsicAttributes & GridBaseProps & { sx?: SxProps<Theme> | undefined; } & SystemProps<Theme> & Omit<...>'.
      Property 'item' does not exist on type 'IntrinsicAttributes & GridBaseProps & { sx?: SxProps<Theme> | undefined; } & SystemProps<Theme> & Omit<...>'.
    257 |                         </Card>
    258 |                     </Grid>
  > 259 |                     <Grid item xs={12} sm={6} md={3}>
        |                     ^^^^^^^^^^^^^^^^^^^^^^^^^^^^^^^^^
    260 |                         <Card>
    261 |                             <CardContent>
    262 |                                 <Typography color="textSecondary" gutterBottom>

ERROR in src/components/RealEstate/ApartmentCommunityAnalysisDashboard.tsx:473:25
TS2769: No overload matches this call.
  Overload 1 of 2, '(props: { component: ElementType<any, keyof IntrinsicElements>; } & GridBaseProps & { sx?: SxProps<Theme> | undefined; } & SystemProps<...> & Omit<...>): Element | null', gave the following error.
    Property 'component' is missing in type '{ children: Element; item: true; xs: number; md: number; }' but required in type '{ component: ElementType<any, keyof IntrinsicElements>; }'.
  Overload 2 of 2, '(props: DefaultComponentProps<GridTypeMap<{}, "div">>): Element | null', gave the following error.
    Type '{ children: Element; item: true; xs: number; md: number; }' is not assignable to type 'IntrinsicAttributes & GridBaseProps & { sx?: SxProps<Theme> | undefined; } & SystemProps<Theme> & Omit<...>'.
      Property 'item' does not exist on type 'IntrinsicAttributes & GridBaseProps & { sx?: SxProps<Theme> | undefined; } & SystemProps<Theme> & Omit<...>'.
    471 |                 {analytics ? (
    472 |                     <Grid container spacing={3}>
  > 473 |                         <Grid item xs={12} md={6}>
        |                         ^^^^^^^^^^^^^^^^^^^^^^^^^^
    474 |                             <Card>
    475 |                                 <CardContent>
    476 |                                     <Typography variant="h6" gutterBottom>

ERROR in src/components/RealEstate/ApartmentCommunityAnalysisDashboard.tsx:505:25
TS2769: No overload matches this call.
  Overload 1 of 2, '(props: { component: ElementType<any, keyof IntrinsicElements>; } & GridBaseProps & { sx?: SxProps<Theme> | undefined; } & SystemProps<...> & Omit<...>): Element | null', gave the following error.
    Property 'component' is missing in type '{ children: Element; item: true; xs: number; md: number; }' but required in type '{ component: ElementType<any, keyof IntrinsicElements>; }'.
  Overload 2 of 2, '(props: DefaultComponentProps<GridTypeMap<{}, "div">>): Element | null', gave the following error.
    Type '{ children: Element; item: true; xs: number; md: number; }' is not assignable to type 'IntrinsicAttributes & GridBaseProps & { sx?: SxProps<Theme> | undefined; } & SystemProps<Theme> & Omit<...>'.
      Property 'item' does not exist on type 'IntrinsicAttributes & GridBaseProps & { sx?: SxProps<Theme> | undefined; } & SystemProps<Theme> & Omit<...>'.
    503 |                             </Card>
    504 |                         </Grid>
  > 505 |                         <Grid item xs={12} md={6}>
        |                         ^^^^^^^^^^^^^^^^^^^^^^^^^^
    506 |                             <Card>
    507 |                                 <CardContent>
    508 |                                     <Typography variant="h6" gutterBottom>

ERROR in src/components/RealEstate/ApartmentCommunityAnalysisDashboard.tsx:524:25
TS2769: No overload matches this call.
  Overload 1 of 2, '(props: { component: ElementType<any, keyof IntrinsicElements>; } & GridBaseProps & { sx?: SxProps<Theme> | undefined; } & SystemProps<...> & Omit<...>): Element | null', gave the following error.
    Property 'component' is missing in type '{ children: Element; item: true; xs: number; }' but required in type '{ component: ElementType<any, keyof IntrinsicElements>; }'.
  Overload 2 of 2, '(props: DefaultComponentProps<GridTypeMap<{}, "div">>): Element | null', gave the following error.
    Type '{ children: Element; item: true; xs: number; }' is not assignable to type 'IntrinsicAttributes & GridBaseProps & { sx?: SxProps<Theme> | undefined; } & SystemProps<Theme> & Omit<...>'.
      Property 'item' does not exist on type 'IntrinsicAttributes & GridBaseProps & { sx?: SxProps<Theme> | undefined; } & SystemProps<Theme> & Omit<...>'.
    522 |                             </Card>
    523 |                         </Grid>
  > 524 |                         <Grid item xs={12}>
        |                         ^^^^^^^^^^^^^^^^^^^
    525 |                             <Card>
    526 |                                 <CardContent>
    527 |                                     <Typography variant="h6" gutterBottom>

ERROR in src/components/RealEstate/ConstructionCompanyDashboard.tsx:327:25
TS2769: No overload matches this call.
  Overload 1 of 2, '(props: { component: ElementType<any, keyof IntrinsicElements>; } & GridBaseProps & { sx?: SxProps<Theme> | undefined; } & SystemProps<...> & Omit<...>): Element | null', gave the following error.
    Property 'component' is missing in type '{ children: Element; item: true; xs: number; md: number; key: string; }' but required in type '{ component: ElementType<any, keyof IntrinsicElements>; }'.
  Overload 2 of 2, '(props: DefaultComponentProps<GridTypeMap<{}, "div">>): Element | null', gave the following error.
    Type '{ children: Element; item: true; xs: number; md: number; key: string; }' is not assignable to type 'IntrinsicAttributes & GridBaseProps & { sx?: SxProps<Theme> | undefined; } & SystemProps<Theme> & Omit<...>'.
      Property 'item' does not exist on type 'IntrinsicAttributes & GridBaseProps & { sx?: SxProps<Theme> | undefined; } & SystemProps<Theme> & Omit<...>'.
    325 |                 <Grid container spacing={3}>
    326 |                     {companies.map((company) => (
  > 327 |                         <Grid item xs={12} md={6} key={company.id}>
        |                         ^^^^^^^^^^^^^^^^^^^^^^^^^^^^^^^^^^^^^^^^^^^
    328 |                             <Card>
    329 |                                 <CardContent>
    330 |                                     <Box sx={{ display: 'flex', justifyContent: 'space-between', mb: 2 }}>

ERROR in src/components/RealEstate/ConstructionCompanyDashboard.tsx:348:41
TS2769: No overload matches this call.
  Overload 1 of 2, '(props: { component: ElementType<any, keyof IntrinsicElements>; } & GridBaseProps & { sx?: SxProps<Theme> | undefined; } & SystemProps<...> & Omit<...>): Element | null', gave the following error.
    Property 'component' is missing in type '{ children: Element[]; item: true; xs: number; }' but required in type '{ component: ElementType<any, keyof IntrinsicElements>; }'.
  Overload 2 of 2, '(props: DefaultComponentProps<GridTypeMap<{}, "div">>): Element | null', gave the following error.
    Type '{ children: Element[]; item: true; xs: number; }' is not assignable to type 'IntrinsicAttributes & GridBaseProps & { sx?: SxProps<Theme> | undefined; } & SystemProps<Theme> & Omit<...>'.
      Property 'item' does not exist on type 'IntrinsicAttributes & GridBaseProps & { sx?: SxProps<Theme> | undefined; } & SystemProps<Theme> & Omit<...>'.
    346 |                                     </Box>
    347 |                                     <Grid container spacing={2}>
  > 348 |                                         <Grid item xs={6}>
        |                                         ^^^^^^^^^^^^^^^^^^
    349 |                                             <Typography variant="body2" color="text.secondary">
    350 |                                                 총 프로젝트
    351 |                                             </Typography>

ERROR in src/components/RealEstate/ConstructionCompanyDashboard.tsx:354:41
TS2769: No overload matches this call.
  Overload 1 of 2, '(props: { component: ElementType<any, keyof IntrinsicElements>; } & GridBaseProps & { sx?: SxProps<Theme> | undefined; } & SystemProps<...> & Omit<...>): Element | null', gave the following error.
    Property 'component' is missing in type '{ children: Element[]; item: true; xs: number; }' but required in type '{ component: ElementType<any, keyof IntrinsicElements>; }'.
  Overload 2 of 2, '(props: DefaultComponentProps<GridTypeMap<{}, "div">>): Element | null', gave the following error.
    Type '{ children: Element[]; item: true; xs: number; }' is not assignable to type 'IntrinsicAttributes & GridBaseProps & { sx?: SxProps<Theme> | undefined; } & SystemProps<Theme> & Omit<...>'.
      Property 'item' does not exist on type 'IntrinsicAttributes & GridBaseProps & { sx?: SxProps<Theme> | undefined; } & SystemProps<Theme> & Omit<...>'.
    352 |                                             <Typography variant="h6">{company.total_projects}</Typography>
    353 |                                         </Grid>
  > 354 |                                         <Grid item xs={6}>
        |                                         ^^^^^^^^^^^^^^^^^^
    355 |                                             <Typography variant="body2" color="text.secondary">
    356 |                                                 완료 프로젝트
    357 |                                             </Typography>

ERROR in src/components/RealEstate/ConstructionCompanyDashboard.tsx:362:41
TS2769: No overload matches this call.
  Overload 1 of 2, '(props: { component: ElementType<any, keyof IntrinsicElements>; } & GridBaseProps & { sx?: SxProps<Theme> | undefined; } & SystemProps<...> & Omit<...>): Element | null', gave the following error.
    Property 'component' is missing in type '{ children: Element[]; item: true; xs: number; }' but required in type '{ component: ElementType<any, keyof IntrinsicElements>; }'.
  Overload 2 of 2, '(props: DefaultComponentProps<GridTypeMap<{}, "div">>): Element | null', gave the following error.
    Type '{ children: Element[]; item: true; xs: number; }' is not assignable to type 'IntrinsicAttributes & GridBaseProps & { sx?: SxProps<Theme> | undefined; } & SystemProps<Theme> & Omit<...>'.
      Property 'item' does not exist on type 'IntrinsicAttributes & GridBaseProps & { sx?: SxProps<Theme> | undefined; } & SystemProps<Theme> & Omit<...>'.
    360 |                                             </Typography>
    361 |                                         </Grid>
  > 362 |                                         <Grid item xs={6}>
        |                                         ^^^^^^^^^^^^^^^^^^
    363 |                                             <Typography variant="body2" color="text.secondary">
    364 |                                                 평판 점수
    365 |                                             </Typography>

ERROR in src/components/RealEstate/ConstructionCompanyDashboard.tsx:368:41
TS2769: No overload matches this call.
  Overload 1 of 2, '(props: { component: ElementType<any, keyof IntrinsicElements>; } & GridBaseProps & { sx?: SxProps<Theme> | undefined; } & SystemProps<...> & Omit<...>): Element | null', gave the following error.
    Property 'component' is missing in type '{ children: Element[]; item: true; xs: number; }' but required in type '{ component: ElementType<any, keyof IntrinsicElements>; }'.
  Overload 2 of 2, '(props: DefaultComponentProps<GridTypeMap<{}, "div">>): Element | null', gave the following error.
    Type '{ children: Element[]; item: true; xs: number; }' is not assignable to type 'IntrinsicAttributes & GridBaseProps & { sx?: SxProps<Theme> | undefined; } & SystemProps<Theme> & Omit<...>'.
      Property 'item' does not exist on type 'IntrinsicAttributes & GridBaseProps & { sx?: SxProps<Theme> | undefined; } & SystemProps<Theme> & Omit<...>'.
    366 |                                             <Typography variant="h6">{company.reputation_score.toFixed(1)}</Typography>
    367 |                                         </Grid>
  > 368 |                                         <Grid item xs={6}>
        |                                         ^^^^^^^^^^^^^^^^^^
    369 |                                             <Typography variant="body2" color="text.secondary">
    370 |                                                 품질 점수
    371 |                                             </Typography>

ERROR in src/components/RealEstate/ConstructionCompanyDashboard.tsx:603:29
TS2769: No overload matches this call.
  Overload 1 of 2, '(props: { component: ElementType<any, keyof IntrinsicElements>; } & GridBaseProps & { sx?: SxProps<Theme> | undefined; } & SystemProps<...> & Omit<...>): Element | null', gave the following error.
    Property 'component' is missing in type '{ children: Element; item: true; xs: number; md: number; key: string; }' but required in type '{ component: ElementType<any, keyof IntrinsicElements>; }'.
  Overload 2 of 2, '(props: DefaultComponentProps<GridTypeMap<{}, "div">>): Element | null', gave the following error.
    Type '{ children: Element; item: true; xs: number; md: number; key: string; }' is not assignable to type 'IntrinsicAttributes & GridBaseProps & { sx?: SxProps<Theme> | undefined; } & SystemProps<Theme> & Omit<...>'.
      Property 'item' does not exist on type 'IntrinsicAttributes & GridBaseProps & { sx?: SxProps<Theme> | undefined; } & SystemProps<Theme> & Omit<...>'.
    601 |                     <Grid container spacing={3}>
    602 |                         {selectionAnalyses.map((analysis) => (
  > 603 |                             <Grid item xs={12} md={6} key={analysis.company_id}>
        |                             ^^^^^^^^^^^^^^^^^^^^^^^^^^^^^^^^^^^^^^^^^^^^^^^^^^^^
    604 |                                 <Card>
    605 |                                     <CardContent>
    606 |                                         <Typography variant="h6" gutterBottom>

ERROR in src/components/Security/AdvancedSecurityPanel.tsx:789:53
TS2367: This comparison appears to be unintentional because the types '"enabled" | "disabled"' and '""' have no overlap.
    787 |                                 value={policyFilter.enabled === undefined ? '' : policyFilter.enabled ? 'enabled' : 'disabled'}
    788 |                                 onChange={(e) => {
  > 789 |                                     const enabled = e.target.value === '' ? undefined : e.target.value === 'enabled';
        |                                                     ^^^^^^^^^^^^^^^^^^^^^
    790 |                                     handlePolicyFilterChange(policyFilter.type, enabled, policyFilter.search);
    791 |                                 }}
    792 |                                 label="상태"

ERROR in src/components/Security/AdvancedSecurityPanel.tsx:824:29
TS2769: No overload matches this call.
  Overload 1 of 2, '(props: { component: ElementType<any, keyof IntrinsicElements>; } & GridBaseProps & { sx?: SxProps<Theme> | undefined; } & SystemProps<...> & Omit<...>): Element | null', gave the following error.
    Property 'component' is missing in type '{ children: Element; item: true; xs: number; md: number; key: string; }' but required in type '{ component: ElementType<any, keyof IntrinsicElements>; }'.
  Overload 2 of 2, '(props: DefaultComponentProps<GridTypeMap<{}, "div">>): Element | null', gave the following error.
    Type '{ children: Element; item: true; xs: number; md: number; key: string; }' is not assignable to type 'IntrinsicAttributes & GridBaseProps & { sx?: SxProps<Theme> | undefined; } & SystemProps<Theme> & Omit<...>'.
      Property 'item' does not exist on type 'IntrinsicAttributes & GridBaseProps & { sx?: SxProps<Theme> | undefined; } & SystemProps<Theme> & Omit<...>'.
    822 |                     <Grid container spacing={2}>
    823 |                         {filteredPolicies.map((policy) => (
  > 824 |                             <Grid item xs={12} md={6} key={policy.id}>
        |                             ^^^^^^^^^^^^^^^^^^^^^^^^^^^^^^^^^^^^^^^^^^
    825 |                                 <Card>
    826 |                                     <CardContent>
    827 |                                         <Box sx={{ display: 'flex', justifyContent: 'space-between', mb: 1 }}>

ERROR in src/components/Security/SecurityAnalyticsPanel.tsx:105:25
TS2769: No overload matches this call.
  Overload 1 of 2, '(props: { component: ElementType<any, keyof IntrinsicElements>; } & GridBaseProps & { sx?: SxProps<Theme> | undefined; } & SystemProps<...> & Omit<...>): Element | null', gave the following error.
    Property 'component' is missing in type '{ children: Element; item: true; xs: number; sm: number; }' but required in type '{ component: ElementType<any, keyof IntrinsicElements>; }'.
  Overload 2 of 2, '(props: DefaultComponentProps<GridTypeMap<{}, "div">>): Element | null', gave the following error.
    Type '{ children: Element; item: true; xs: number; sm: number; }' is not assignable to type 'IntrinsicAttributes & GridBaseProps & { sx?: SxProps<Theme> | undefined; } & SystemProps<Theme> & Omit<...>'.
      Property 'item' does not exist on type 'IntrinsicAttributes & GridBaseProps & { sx?: SxProps<Theme> | undefined; } & SystemProps<Theme> & Omit<...>'.
    103 |                 <CardContent>
    104 |                     <Grid container spacing={2} alignItems="center">
  > 105 |                         <Grid item xs={12} sm={4}>
        |                         ^^^^^^^^^^^^^^^^^^^^^^^^^^
    106 |                             <Box>
    107 |                                 <Typography variant="body2" sx={{ mb: 1 }}>
    108 |                                     시작 날짜

ERROR in src/components/Security/SecurityAnalyticsPanel.tsx:125:25
TS2769: No overload matches this call.
  Overload 1 of 2, '(props: { component: ElementType<any, keyof IntrinsicElements>; } & GridBaseProps & { sx?: SxProps<Theme> | undefined; } & SystemProps<...> & Omit<...>): Element | null', gave the following error.
    Property 'component' is missing in type '{ children: Element; item: true; xs: number; sm: number; }' but required in type '{ component: ElementType<any, keyof IntrinsicElements>; }'.
  Overload 2 of 2, '(props: DefaultComponentProps<GridTypeMap<{}, "div">>): Element | null', gave the following error.
    Type '{ children: Element; item: true; xs: number; sm: number; }' is not assignable to type 'IntrinsicAttributes & GridBaseProps & { sx?: SxProps<Theme> | undefined; } & SystemProps<Theme> & Omit<...>'.
      Property 'item' does not exist on type 'IntrinsicAttributes & GridBaseProps & { sx?: SxProps<Theme> | undefined; } & SystemProps<Theme> & Omit<...>'.
    123 |                             </Box>
    124 |                         </Grid>
  > 125 |                         <Grid item xs={12} sm={4}>
        |                         ^^^^^^^^^^^^^^^^^^^^^^^^^^
    126 |                             <Box>
    127 |                                 <Typography variant="body2" sx={{ mb: 1 }}>
    128 |                                     종료 날짜

ERROR in src/components/Security/SecurityAnalyticsPanel.tsx:145:25
TS2769: No overload matches this call.
  Overload 1 of 2, '(props: { component: ElementType<any, keyof IntrinsicElements>; } & GridBaseProps & { sx?: SxProps<Theme> | undefined; } & SystemProps<...> & Omit<...>): Element | null', gave the following error.
    Property 'component' is missing in type '{ children: Element; item: true; xs: number; sm: number; }' but required in type '{ component: ElementType<any, keyof IntrinsicElements>; }'.
  Overload 2 of 2, '(props: DefaultComponentProps<GridTypeMap<{}, "div">>): Element | null', gave the following error.
    Type '{ children: Element; item: true; xs: number; sm: number; }' is not assignable to type 'IntrinsicAttributes & GridBaseProps & { sx?: SxProps<Theme> | undefined; } & SystemProps<Theme> & Omit<...>'.
      Property 'item' does not exist on type 'IntrinsicAttributes & GridBaseProps & { sx?: SxProps<Theme> | undefined; } & SystemProps<Theme> & Omit<...>'.
    143 |                             </Box>
    144 |                         </Grid>
  > 145 |                         <Grid item xs={12} sm={4}>
        |                         ^^^^^^^^^^^^^^^^^^^^^^^^^^
    146 |                             <Button
    147 |                                 variant="contained"
    148 |                                 fullWidth

ERROR in src/components/Security/SecurityAnalyticsPanel.tsx:180:17
TS2769: No overload matches this call.
  Overload 1 of 2, '(props: { component: ElementType<any, keyof IntrinsicElements>; } & GridBaseProps & { sx?: SxProps<Theme> | undefined; } & SystemProps<...> & Omit<...>): Element | null', gave the following error.
    Property 'component' is missing in type '{ children: Element; item: true; xs: number; md: number; }' but required in type '{ component: ElementType<any, keyof IntrinsicElements>; }'.
  Overload 2 of 2, '(props: DefaultComponentProps<GridTypeMap<{}, "div">>): Element | null', gave the following error.
    Type '{ children: Element; item: true; xs: number; md: number; }' is not assignable to type 'IntrinsicAttributes & GridBaseProps & { sx?: SxProps<Theme> | undefined; } & SystemProps<Theme> & Omit<...>'.
      Property 'item' does not exist on type 'IntrinsicAttributes & GridBaseProps & { sx?: SxProps<Theme> | undefined; } & SystemProps<Theme> & Omit<...>'.
    178 |             {/* 위협 통계 */}
    179 |             <Grid container spacing={3} sx={{ mb: 3 }}>
  > 180 |                 <Grid item xs={12} md={6}>
        |                 ^^^^^^^^^^^^^^^^^^^^^^^^^^
    181 |                     <Card>
    182 |                         <CardContent>
    183 |                             <Typography variant="h6" gutterBottom>

ERROR in src/components/Security/SecurityAnalyticsPanel.tsx:204:17
TS2769: No overload matches this call.
  Overload 1 of 2, '(props: { component: ElementType<any, keyof IntrinsicElements>; } & GridBaseProps & { sx?: SxProps<Theme> | undefined; } & SystemProps<...> & Omit<...>): Element | null', gave the following error.
    Property 'component' is missing in type '{ children: Element; item: true; xs: number; md: number; }' but required in type '{ component: ElementType<any, keyof IntrinsicElements>; }'.
  Overload 2 of 2, '(props: DefaultComponentProps<GridTypeMap<{}, "div">>): Element | null', gave the following error.
    Type '{ children: Element; item: true; xs: number; md: number; }' is not assignable to type 'IntrinsicAttributes & GridBaseProps & { sx?: SxProps<Theme> | undefined; } & SystemProps<Theme> & Omit<...>'.
      Property 'item' does not exist on type 'IntrinsicAttributes & GridBaseProps & { sx?: SxProps<Theme> | undefined; } & SystemProps<Theme> & Omit<...>'.
    202 |                 </Grid>
    203 |
  > 204 |                 <Grid item xs={12} md={6}>
        |                 ^^^^^^^^^^^^^^^^^^^^^^^^^^
    205 |                     <Card>
    206 |                         <CardContent>
    207 |                             <Typography variant="h6" gutterBottom>

ERROR in src/components/Security/SecurityAnalyticsPanel.tsx:262:17
TS2769: No overload matches this call.
  Overload 1 of 2, '(props: { component: ElementType<any, keyof IntrinsicElements>; } & GridBaseProps & { sx?: SxProps<Theme> | undefined; } & SystemProps<...> & Omit<...>): Element | null', gave the following error.
    Property 'component' is missing in type '{ children: Element; item: true; xs: number; md: number; }' but required in type '{ component: ElementType<any, keyof IntrinsicElements>; }'.
  Overload 2 of 2, '(props: DefaultComponentProps<GridTypeMap<{}, "div">>): Element | null', gave the following error.
    Type '{ children: Element; item: true; xs: number; md: number; }' is not assignable to type 'IntrinsicAttributes & GridBaseProps & { sx?: SxProps<Theme> | undefined; } & SystemProps<Theme> & Omit<...>'.
      Property 'item' does not exist on type 'IntrinsicAttributes & GridBaseProps & { sx?: SxProps<Theme> | undefined; } & SystemProps<Theme> & Omit<...>'.
    260 |             {/* 이벤트 통계 */}
    261 |             <Grid container spacing={3} sx={{ mb: 3 }}>
  > 262 |                 <Grid item xs={12} md={6}>
        |                 ^^^^^^^^^^^^^^^^^^^^^^^^^^
    263 |                     <Card>
    264 |                         <CardContent>
    265 |                             <Typography variant="h6" gutterBottom>

ERROR in src/components/Security/SecurityAnalyticsPanel.tsx:286:17
TS2769: No overload matches this call.
  Overload 1 of 2, '(props: { component: ElementType<any, keyof IntrinsicElements>; } & GridBaseProps & { sx?: SxProps<Theme> | undefined; } & SystemProps<...> & Omit<...>): Element | null', gave the following error.
    Property 'component' is missing in type '{ children: Element; item: true; xs: number; md: number; }' but required in type '{ component: ElementType<any, keyof IntrinsicElements>; }'.
  Overload 2 of 2, '(props: DefaultComponentProps<GridTypeMap<{}, "div">>): Element | null', gave the following error.
    Type '{ children: Element; item: true; xs: number; md: number; }' is not assignable to type 'IntrinsicAttributes & GridBaseProps & { sx?: SxProps<Theme> | undefined; } & SystemProps<Theme> & Omit<...>'.
      Property 'item' does not exist on type 'IntrinsicAttributes & GridBaseProps & { sx?: SxProps<Theme> | undefined; } & SystemProps<Theme> & Omit<...>'.
    284 |                 </Grid>
    285 |
  > 286 |                 <Grid item xs={12} md={6}>
        |                 ^^^^^^^^^^^^^^^^^^^^^^^^^^
    287 |                     <Card>
    288 |                         <CardContent>
    289 |                             <Typography variant="h6" gutterBottom>

ERROR in src/components/Security/SecurityAnalyticsPanel.tsx:320:25
TS2769: No overload matches this call.
  Overload 1 of 2, '(props: { component: ElementType<any, keyof IntrinsicElements>; } & GridBaseProps & { sx?: SxProps<Theme> | undefined; } & SystemProps<...> & Omit<...>): Element | null', gave the following error.
    Property 'component' is missing in type '{ children: Element[]; item: true; xs: number; sm: number; }' but required in type '{ component: ElementType<any, keyof IntrinsicElements>; }'.
  Overload 2 of 2, '(props: DefaultComponentProps<GridTypeMap<{}, "div">>): Element | null', gave the following error.
    Type '{ children: Element[]; item: true; xs: number; sm: number; }' is not assignable to type 'IntrinsicAttributes & GridBaseProps & { sx?: SxProps<Theme> | undefined; } & SystemProps<Theme> & Omit<...>'.
      Property 'item' does not exist on type 'IntrinsicAttributes & GridBaseProps & { sx?: SxProps<Theme> | undefined; } & SystemProps<Theme> & Omit<...>'.
    318 |                     </Typography>
    319 |                     <Grid container spacing={2}>
  > 320 |                         <Grid item xs={12} sm={4}>
        |                         ^^^^^^^^^^^^^^^^^^^^^^^^^^
    321 |                             <Typography variant="body2" color="text.secondary">
    322 |                                 총 알림 수
    323 |                             </Typography>

ERROR in src/components/Security/SecurityAnalyticsPanel.tsx:326:25
TS2769: No overload matches this call.
  Overload 1 of 2, '(props: { component: ElementType<any, keyof IntrinsicElements>; } & GridBaseProps & { sx?: SxProps<Theme> | undefined; } & SystemProps<...> & Omit<...>): Element | null', gave the following error.
    Property 'component' is missing in type '{ children: Element[]; item: true; xs: number; sm: number; }' but required in type '{ component: ElementType<any, keyof IntrinsicElements>; }'.
  Overload 2 of 2, '(props: DefaultComponentProps<GridTypeMap<{}, "div">>): Element | null', gave the following error.
    Type '{ children: Element[]; item: true; xs: number; sm: number; }' is not assignable to type 'IntrinsicAttributes & GridBaseProps & { sx?: SxProps<Theme> | undefined; } & SystemProps<Theme> & Omit<...>'.
      Property 'item' does not exist on type 'IntrinsicAttributes & GridBaseProps & { sx?: SxProps<Theme> | undefined; } & SystemProps<Theme> & Omit<...>'.
    324 |                             <Typography variant="h4">{statistics.alerts.total}</Typography>
    325 |                         </Grid>
  > 326 |                         <Grid item xs={12} sm={4}>
        |                         ^^^^^^^^^^^^^^^^^^^^^^^^^^
    327 |                             <Typography variant="body2" color="text.secondary">
    328 |                                 미확인 알림
    329 |                             </Typography>

ERROR in src/components/Security/SecurityAnalyticsPanel.tsx:334:25
TS2769: No overload matches this call.
  Overload 1 of 2, '(props: { component: ElementType<any, keyof IntrinsicElements>; } & GridBaseProps & { sx?: SxProps<Theme> | undefined; } & SystemProps<...> & Omit<...>): Element | null', gave the following error.
    Property 'component' is missing in type '{ children: Element[]; item: true; xs: number; sm: number; }' but required in type '{ component: ElementType<any, keyof IntrinsicElements>; }'.
  Overload 2 of 2, '(props: DefaultComponentProps<GridTypeMap<{}, "div">>): Element | null', gave the following error.
    Type '{ children: Element[]; item: true; xs: number; sm: number; }' is not assignable to type 'IntrinsicAttributes & GridBaseProps & { sx?: SxProps<Theme> | undefined; } & SystemProps<Theme> & Omit<...>'.
      Property 'item' does not exist on type 'IntrinsicAttributes & GridBaseProps & { sx?: SxProps<Theme> | undefined; } & SystemProps<Theme> & Omit<...>'.
    332 |                             </Typography>
    333 |                         </Grid>
  > 334 |                         <Grid item xs={12} sm={4}>
        |                         ^^^^^^^^^^^^^^^^^^^^^^^^^^
    335 |                             <Typography variant="body2" color="text.secondary">
    336 |                                 심각도별 분포
    337 |                             </Typography>

ERROR in src/components/Security/SecurityAnalyticsPanel.tsx:365:21
TS2769: No overload matches this call.
  Overload 1 of 2, '(props: { component: ElementType<any, keyof IntrinsicElements>; } & GridBaseProps & { sx?: SxProps<Theme> | undefined; } & SystemProps<...> & Omit<...>): Element | null', gave the following error.
    Property 'component' is missing in type '{ children: Element; item: true; xs: number; md: number; }' but required in type '{ component: ElementType<any, keyof IntrinsicElements>; }'.
  Overload 2 of 2, '(props: DefaultComponentProps<GridTypeMap<{}, "div">>): Element | null', gave the following error.
    Type '{ children: Element; item: true; xs: number; md: number; }' is not assignable to type 'IntrinsicAttributes & GridBaseProps & { sx?: SxProps<Theme> | undefined; } & SystemProps<Theme> & Omit<...>'.
      Property 'item' does not exist on type 'IntrinsicAttributes & GridBaseProps & { sx?: SxProps<Theme> | undefined; } & SystemProps<Theme> & Omit<...>'.
    363 |             {statistics.audit.topUsers.length > 0 && (
    364 |                 <Grid container spacing={3} sx={{ mb: 3 }}>
  > 365 |                     <Grid item xs={12} md={6}>
        |                     ^^^^^^^^^^^^^^^^^^^^^^^^^^
    366 |                         <Card>
    367 |                             <CardContent>
    368 |                                 <Typography variant="h6" gutterBottom>

ERROR in src/components/Security/SecurityAnalyticsPanel.tsx:393:21
TS2769: No overload matches this call.
  Overload 1 of 2, '(props: { component: ElementType<any, keyof IntrinsicElements>; } & GridBaseProps & { sx?: SxProps<Theme> | undefined; } & SystemProps<...> & Omit<...>): Element | null', gave the following error.
    Property 'component' is missing in type '{ children: Element; item: true; xs: number; md: number; }' but required in type '{ component: ElementType<any, keyof IntrinsicElements>; }'.
  Overload 2 of 2, '(props: DefaultComponentProps<GridTypeMap<{}, "div">>): Element | null', gave the following error.
    Type '{ children: Element; item: true; xs: number; md: number; }' is not assignable to type 'IntrinsicAttributes & GridBaseProps & { sx?: SxProps<Theme> | undefined; } & SystemProps<Theme> & Omit<...>'.
      Property 'item' does not exist on type 'IntrinsicAttributes & GridBaseProps & { sx?: SxProps<Theme> | undefined; } & SystemProps<Theme> & Omit<...>'.
    391 |                     </Grid>
    392 |
  > 393 |                     <Grid item xs={12} md={6}>
        |                     ^^^^^^^^^^^^^^^^^^^^^^^^^^
    394 |                         <Card>
    395 |                             <CardContent>
    396 |                                 <Typography variant="h6" gutterBottom>

ERROR in src/components/Security/SecurityAutomationPanel.tsx:103:17
TS2322: Type '{ type: "threat" | "alert" | "event" | "metric"; condition: string; severity?: "low" | "medium" | "high" | "critical" | undefined; }' is not assignable to type '{ type: "threat" | "alert" | "event" | "metric"; condition: string; severity: "low" | "medium" | "high" | "critical"; }'.
  Types of property 'severity' are incompatible.
    Type '"low" | "medium" | "high" | "critical" | undefined' is not assignable to type '"low" | "medium" | "high" | "critical"'.
      Type 'undefined' is not assignable to type '"low" | "medium" | "high" | "critical"'.
    101 |                 name: rule.name,
    102 |                 description: rule.description,
  > 103 |                 trigger: rule.trigger,
        |                 ^^^^^^^
    104 |                 actions: rule.actions,
    105 |                 enabled: rule.enabled,
    106 |             });

ERROR in src/components/Security/SecurityAutomationPanel.tsx:209:17
TS2769: No overload matches this call.
  Overload 1 of 2, '(props: { component: ElementType<any, keyof IntrinsicElements>; } & GridBaseProps & { sx?: SxProps<Theme> | undefined; } & SystemProps<...> & Omit<...>): Element | null', gave the following error.
    Property 'component' is missing in type '{ children: Element; item: true; xs: number; }' but required in type '{ component: ElementType<any, keyof IntrinsicElements>; }'.
  Overload 2 of 2, '(props: DefaultComponentProps<GridTypeMap<{}, "div">>): Element | null', gave the following error.
    Type '{ children: Element; item: true; xs: number; }' is not assignable to type 'IntrinsicAttributes & GridBaseProps & { sx?: SxProps<Theme> | undefined; } & SystemProps<Theme> & Omit<...>'.
      Property 'item' does not exist on type 'IntrinsicAttributes & GridBaseProps & { sx?: SxProps<Theme> | undefined; } & SystemProps<Theme> & Omit<...>'.
    207 |
    208 |             <Grid container spacing={3}>
  > 209 |                 <Grid item xs={12}>
        |                 ^^^^^^^^^^^^^^^^^^^
    210 |                     <Card>
    211 |                         <CardContent>
    212 |                             <Typography variant="h6" gutterBottom>

ERROR in src/components/Security/SecurityCharts.tsx:160:53
TS2339: Property 'percent' does not exist on type 'Props'.
    158 |                                     cy="50%"
    159 |                                     labelLine={false}
  > 160 |                                     label={({ name, percent }) =>
        |                                                     ^^^^^^^
    161 |                                         `${name}: ${(percent * 100).toFixed(0)}%`
    162 |                                     }
    163 |                                     outerRadius={80}

ERROR in src/services/aiHealthMonitor.ts:53:14
TS2300: Duplicate identifier 'AIHealthMonitor'.
    51 |
    52 | // AI 시스템 헬스 모니터 클래스
  > 53 | export class AIHealthMonitor extends EventEmitter {
       |              ^^^^^^^^^^^^^^^
    54 |     private services: Map<string, ServiceHealth> = new Map();
    55 |     private thresholds: Map<string, HealthThreshold> = new Map();
    56 |     private healthHistory: Map<string, HealthCheckResult[]> = new Map();

Compiling...
Compiled successfully!
webpack compiled successfully
ERROR in src/components/AnalyticsDashboard.tsx:42:16
TS7009: 'new' expression, whose target lacks a construct signature, implicitly has an 'any' type.
    40 |     } catch {
    41 |         // 최후의 수단
  > 42 |         return new Error(String(err));
       |                ^^^^^^^^^^^^^^^^^^^^^^
    43 |     }
    44 | };
    45 |

ERROR in src/components/AnalyticsDashboard.tsx:42:26
TS2769: No overload matches this call.
  Overload 1 of 2, '(props: { component: ElementType<any, keyof IntrinsicElements>; } & SvgIconOwnProps & CommonProps & Omit<any, "className" | ... 10 more ... | "viewBox">): Element | null', gave the following error.
    Argument of type 'string' is not assignable to parameter of type '{ component: ElementType<any, keyof IntrinsicElements>; } & SvgIconOwnProps & CommonProps & Omit<any, "className" | ... 10 more ... | "viewBox">'.
      Type 'string' is not assignable to type '{ component: ElementType<any, keyof IntrinsicElements>; }'.
  Overload 2 of 2, '(props: DefaultComponentProps<SvgIconTypeMap<{}, "svg">>): Element | null', gave the following error.
    Type 'string' has no properties in common with type 'DefaultComponentProps<SvgIconTypeMap<{}, "svg">>'.
    40 |     } catch {
    41 |         // 최후의 수단
  > 42 |         return new Error(String(err));
       |                          ^^^^^^^^^^^
    43 |     }
    44 | };
    45 |

ERROR in src/components/PWAInstallPrompt.tsx:299:24
TS2322: Type '{ children: Element[]; component: string; sx: { border: "none"; p: number; }; "aria-label": string; }' is not assignable to type 'IntrinsicAttributes & DialogActionsProps'.
  Property 'component' does not exist on type 'IntrinsicAttributes & DialogActionsProps'.
    297 |           </Alert>
    298 |         </DialogContent>
  > 299 |         <DialogActions component="fieldset" sx={{ border: 'none', p: 0 }} aria-label="업데이트 액션">
        |                        ^^^^^^^^^
    300 |           <Button 
    301 |             onClick={() => setShowUpdateDialog(false)}
    302 |             aria-label="업데이트 다이얼로그 닫기"

ERROR in src/components/RealEstate/ApartmentCommunityAnalysisDashboard.tsx:224:21
TS2769: No overload matches this call.
  Overload 1 of 2, '(props: { component: ElementType<any, keyof IntrinsicElements>; } & GridBaseProps & { sx?: SxProps<Theme> | undefined; } & SystemProps<...> & Omit<...>): Element | null', gave the following error.
    Property 'component' is missing in type '{ children: Element; item: true; xs: number; sm: number; md: number; }' but required in type '{ component: ElementType<any, keyof IntrinsicElements>; }'.
  Overload 2 of 2, '(props: DefaultComponentProps<GridTypeMap<{}, "div">>): Element | null', gave the following error.
    Type '{ children: Element; item: true; xs: number; sm: number; md: number; }' is not assignable to type 'IntrinsicAttributes & GridBaseProps & { sx?: SxProps<Theme> | undefined; } & SystemProps<Theme> & Omit<...>'.
      Property 'item' does not exist on type 'IntrinsicAttributes & GridBaseProps & { sx?: SxProps<Theme> | undefined; } & SystemProps<Theme> & Omit<...>'.
    222 |             {analytics && (
    223 |                 <Grid container spacing={3} sx={{ mb: 3 }}>
  > 224 |                     <Grid item xs={12} sm={6} md={3}>
        |                     ^^^^^^^^^^^^^^^^^^^^^^^^^^^^^^^^^
    225 |                         <Card>
    226 |                             <CardContent>
    227 |                                 <Typography color="textSecondary" gutterBottom>

ERROR in src/components/RealEstate/ApartmentCommunityAnalysisDashboard.tsx:237:21
TS2769: No overload matches this call.
  Overload 1 of 2, '(props: { component: ElementType<any, keyof IntrinsicElements>; } & GridBaseProps & { sx?: SxProps<Theme> | undefined; } & SystemProps<...> & Omit<...>): Element | null', gave the following error.
    Property 'component' is missing in type '{ children: Element; item: true; xs: number; sm: number; md: number; }' but required in type '{ component: ElementType<any, keyof IntrinsicElements>; }'.
  Overload 2 of 2, '(props: DefaultComponentProps<GridTypeMap<{}, "div">>): Element | null', gave the following error.
    Type '{ children: Element; item: true; xs: number; sm: number; md: number; }' is not assignable to type 'IntrinsicAttributes & GridBaseProps & { sx?: SxProps<Theme> | undefined; } & SystemProps<Theme> & Omit<...>'.
      Property 'item' does not exist on type 'IntrinsicAttributes & GridBaseProps & { sx?: SxProps<Theme> | undefined; } & SystemProps<Theme> & Omit<...>'.
    235 |                         </Card>
    236 |                     </Grid>
  > 237 |                     <Grid item xs={12} sm={6} md={3}>
        |                     ^^^^^^^^^^^^^^^^^^^^^^^^^^^^^^^^^
    238 |                         <Card>
    239 |                             <CardContent>
    240 |                                 <Typography color="textSecondary" gutterBottom>

ERROR in src/components/RealEstate/ApartmentCommunityAnalysisDashboard.tsx:247:21
TS2769: No overload matches this call.
  Overload 1 of 2, '(props: { component: ElementType<any, keyof IntrinsicElements>; } & GridBaseProps & { sx?: SxProps<Theme> | undefined; } & SystemProps<...> & Omit<...>): Element | null', gave the following error.
    Property 'component' is missing in type '{ children: Element; item: true; xs: number; sm: number; md: number; }' but required in type '{ component: ElementType<any, keyof IntrinsicElements>; }'.
  Overload 2 of 2, '(props: DefaultComponentProps<GridTypeMap<{}, "div">>): Element | null', gave the following error.
    Type '{ children: Element; item: true; xs: number; sm: number; md: number; }' is not assignable to type 'IntrinsicAttributes & GridBaseProps & { sx?: SxProps<Theme> | undefined; } & SystemProps<Theme> & Omit<...>'.
      Property 'item' does not exist on type 'IntrinsicAttributes & GridBaseProps & { sx?: SxProps<Theme> | undefined; } & SystemProps<Theme> & Omit<...>'.
    245 |                         </Card>
    246 |                     </Grid>
  > 247 |                     <Grid item xs={12} sm={6} md={3}>
        |                     ^^^^^^^^^^^^^^^^^^^^^^^^^^^^^^^^^
    248 |                         <Card>
    249 |                             <CardContent>
    250 |                                 <Typography color="textSecondary" gutterBottom>

ERROR in src/components/RealEstate/ApartmentCommunityAnalysisDashboard.tsx:259:21
TS2769: No overload matches this call.
  Overload 1 of 2, '(props: { component: ElementType<any, keyof IntrinsicElements>; } & GridBaseProps & { sx?: SxProps<Theme> | undefined; } & SystemProps<...> & Omit<...>): Element | null', gave the following error.
    Property 'component' is missing in type '{ children: Element; item: true; xs: number; sm: number; md: number; }' but required in type '{ component: ElementType<any, keyof IntrinsicElements>; }'.
  Overload 2 of 2, '(props: DefaultComponentProps<GridTypeMap<{}, "div">>): Element | null', gave the following error.
    Type '{ children: Element; item: true; xs: number; sm: number; md: number; }' is not assignable to type 'IntrinsicAttributes & GridBaseProps & { sx?: SxProps<Theme> | undefined; } & SystemProps<Theme> & Omit<...>'.
      Property 'item' does not exist on type 'IntrinsicAttributes & GridBaseProps & { sx?: SxProps<Theme> | undefined; } & SystemProps<Theme> & Omit<...>'.
    257 |                         </Card>
    258 |                     </Grid>
  > 259 |                     <Grid item xs={12} sm={6} md={3}>
        |                     ^^^^^^^^^^^^^^^^^^^^^^^^^^^^^^^^^
    260 |                         <Card>
    261 |                             <CardContent>
    262 |                                 <Typography color="textSecondary" gutterBottom>

ERROR in src/components/RealEstate/ApartmentCommunityAnalysisDashboard.tsx:473:25
TS2769: No overload matches this call.
  Overload 1 of 2, '(props: { component: ElementType<any, keyof IntrinsicElements>; } & GridBaseProps & { sx?: SxProps<Theme> | undefined; } & SystemProps<...> & Omit<...>): Element | null', gave the following error.
    Property 'component' is missing in type '{ children: Element; item: true; xs: number; md: number; }' but required in type '{ component: ElementType<any, keyof IntrinsicElements>; }'.
  Overload 2 of 2, '(props: DefaultComponentProps<GridTypeMap<{}, "div">>): Element | null', gave the following error.
    Type '{ children: Element; item: true; xs: number; md: number; }' is not assignable to type 'IntrinsicAttributes & GridBaseProps & { sx?: SxProps<Theme> | undefined; } & SystemProps<Theme> & Omit<...>'.
      Property 'item' does not exist on type 'IntrinsicAttributes & GridBaseProps & { sx?: SxProps<Theme> | undefined; } & SystemProps<Theme> & Omit<...>'.
    471 |                 {analytics ? (
    472 |                     <Grid container spacing={3}>
  > 473 |                         <Grid item xs={12} md={6}>
        |                         ^^^^^^^^^^^^^^^^^^^^^^^^^^
    474 |                             <Card>
    475 |                                 <CardContent>
    476 |                                     <Typography variant="h6" gutterBottom>

ERROR in src/components/RealEstate/ApartmentCommunityAnalysisDashboard.tsx:505:25
TS2769: No overload matches this call.
  Overload 1 of 2, '(props: { component: ElementType<any, keyof IntrinsicElements>; } & GridBaseProps & { sx?: SxProps<Theme> | undefined; } & SystemProps<...> & Omit<...>): Element | null', gave the following error.
    Property 'component' is missing in type '{ children: Element; item: true; xs: number; md: number; }' but required in type '{ component: ElementType<any, keyof IntrinsicElements>; }'.
  Overload 2 of 2, '(props: DefaultComponentProps<GridTypeMap<{}, "div">>): Element | null', gave the following error.
    Type '{ children: Element; item: true; xs: number; md: number; }' is not assignable to type 'IntrinsicAttributes & GridBaseProps & { sx?: SxProps<Theme> | undefined; } & SystemProps<Theme> & Omit<...>'.
      Property 'item' does not exist on type 'IntrinsicAttributes & GridBaseProps & { sx?: SxProps<Theme> | undefined; } & SystemProps<Theme> & Omit<...>'.
    503 |                             </Card>
    504 |                         </Grid>
  > 505 |                         <Grid item xs={12} md={6}>
        |                         ^^^^^^^^^^^^^^^^^^^^^^^^^^
    506 |                             <Card>
    507 |                                 <CardContent>
    508 |                                     <Typography variant="h6" gutterBottom>

ERROR in src/components/RealEstate/ApartmentCommunityAnalysisDashboard.tsx:524:25
TS2769: No overload matches this call.
  Overload 1 of 2, '(props: { component: ElementType<any, keyof IntrinsicElements>; } & GridBaseProps & { sx?: SxProps<Theme> | undefined; } & SystemProps<...> & Omit<...>): Element | null', gave the following error.
    Property 'component' is missing in type '{ children: Element; item: true; xs: number; }' but required in type '{ component: ElementType<any, keyof IntrinsicElements>; }'.
  Overload 2 of 2, '(props: DefaultComponentProps<GridTypeMap<{}, "div">>): Element | null', gave the following error.
    Type '{ children: Element; item: true; xs: number; }' is not assignable to type 'IntrinsicAttributes & GridBaseProps & { sx?: SxProps<Theme> | undefined; } & SystemProps<Theme> & Omit<...>'.
      Property 'item' does not exist on type 'IntrinsicAttributes & GridBaseProps & { sx?: SxProps<Theme> | undefined; } & SystemProps<Theme> & Omit<...>'.
    522 |                             </Card>
    523 |                         </Grid>
  > 524 |                         <Grid item xs={12}>
        |                         ^^^^^^^^^^^^^^^^^^^
    525 |                             <Card>
    526 |                                 <CardContent>
    527 |                                     <Typography variant="h6" gutterBottom>

ERROR in src/components/RealEstate/ConstructionCompanyDashboard.tsx:327:25
TS2769: No overload matches this call.
  Overload 1 of 2, '(props: { component: ElementType<any, keyof IntrinsicElements>; } & GridBaseProps & { sx?: SxProps<Theme> | undefined; } & SystemProps<...> & Omit<...>): Element | null', gave the following error.
    Property 'component' is missing in type '{ children: Element; item: true; xs: number; md: number; key: string; }' but required in type '{ component: ElementType<any, keyof IntrinsicElements>; }'.
  Overload 2 of 2, '(props: DefaultComponentProps<GridTypeMap<{}, "div">>): Element | null', gave the following error.
    Type '{ children: Element; item: true; xs: number; md: number; key: string; }' is not assignable to type 'IntrinsicAttributes & GridBaseProps & { sx?: SxProps<Theme> | undefined; } & SystemProps<Theme> & Omit<...>'.
      Property 'item' does not exist on type 'IntrinsicAttributes & GridBaseProps & { sx?: SxProps<Theme> | undefined; } & SystemProps<Theme> & Omit<...>'.
    325 |                 <Grid container spacing={3}>
    326 |                     {companies.map((company) => (
  > 327 |                         <Grid item xs={12} md={6} key={company.id}>
        |                         ^^^^^^^^^^^^^^^^^^^^^^^^^^^^^^^^^^^^^^^^^^^
    328 |                             <Card>
    329 |                                 <CardContent>
    330 |                                     <Box sx={{ display: 'flex', justifyContent: 'space-between', mb: 2 }}>

ERROR in src/components/RealEstate/ConstructionCompanyDashboard.tsx:348:41
TS2769: No overload matches this call.
  Overload 1 of 2, '(props: { component: ElementType<any, keyof IntrinsicElements>; } & GridBaseProps & { sx?: SxProps<Theme> | undefined; } & SystemProps<...> & Omit<...>): Element | null', gave the following error.
    Property 'component' is missing in type '{ children: Element[]; item: true; xs: number; }' but required in type '{ component: ElementType<any, keyof IntrinsicElements>; }'.
  Overload 2 of 2, '(props: DefaultComponentProps<GridTypeMap<{}, "div">>): Element | null', gave the following error.
    Type '{ children: Element[]; item: true; xs: number; }' is not assignable to type 'IntrinsicAttributes & GridBaseProps & { sx?: SxProps<Theme> | undefined; } & SystemProps<Theme> & Omit<...>'.
      Property 'item' does not exist on type 'IntrinsicAttributes & GridBaseProps & { sx?: SxProps<Theme> | undefined; } & SystemProps<Theme> & Omit<...>'.
    346 |                                     </Box>
    347 |                                     <Grid container spacing={2}>
  > 348 |                                         <Grid item xs={6}>
        |                                         ^^^^^^^^^^^^^^^^^^
    349 |                                             <Typography variant="body2" color="text.secondary">
    350 |                                                 총 프로젝트
    351 |                                             </Typography>

ERROR in src/components/RealEstate/ConstructionCompanyDashboard.tsx:354:41
TS2769: No overload matches this call.
  Overload 1 of 2, '(props: { component: ElementType<any, keyof IntrinsicElements>; } & GridBaseProps & { sx?: SxProps<Theme> | undefined; } & SystemProps<...> & Omit<...>): Element | null', gave the following error.
    Property 'component' is missing in type '{ children: Element[]; item: true; xs: number; }' but required in type '{ component: ElementType<any, keyof IntrinsicElements>; }'.
  Overload 2 of 2, '(props: DefaultComponentProps<GridTypeMap<{}, "div">>): Element | null', gave the following error.
    Type '{ children: Element[]; item: true; xs: number; }' is not assignable to type 'IntrinsicAttributes & GridBaseProps & { sx?: SxProps<Theme> | undefined; } & SystemProps<Theme> & Omit<...>'.
      Property 'item' does not exist on type 'IntrinsicAttributes & GridBaseProps & { sx?: SxProps<Theme> | undefined; } & SystemProps<Theme> & Omit<...>'.
    352 |                                             <Typography variant="h6">{company.total_projects}</Typography>
    353 |                                         </Grid>
  > 354 |                                         <Grid item xs={6}>
        |                                         ^^^^^^^^^^^^^^^^^^
    355 |                                             <Typography variant="body2" color="text.secondary">
    356 |                                                 완료 프로젝트
    357 |                                             </Typography>

ERROR in src/components/RealEstate/ConstructionCompanyDashboard.tsx:362:41
TS2769: No overload matches this call.
  Overload 1 of 2, '(props: { component: ElementType<any, keyof IntrinsicElements>; } & GridBaseProps & { sx?: SxProps<Theme> | undefined; } & SystemProps<...> & Omit<...>): Element | null', gave the following error.
    Property 'component' is missing in type '{ children: Element[]; item: true; xs: number; }' but required in type '{ component: ElementType<any, keyof IntrinsicElements>; }'.
  Overload 2 of 2, '(props: DefaultComponentProps<GridTypeMap<{}, "div">>): Element | null', gave the following error.
    Type '{ children: Element[]; item: true; xs: number; }' is not assignable to type 'IntrinsicAttributes & GridBaseProps & { sx?: SxProps<Theme> | undefined; } & SystemProps<Theme> & Omit<...>'.
      Property 'item' does not exist on type 'IntrinsicAttributes & GridBaseProps & { sx?: SxProps<Theme> | undefined; } & SystemProps<Theme> & Omit<...>'.
    360 |                                             </Typography>
    361 |                                         </Grid>
  > 362 |                                         <Grid item xs={6}>
        |                                         ^^^^^^^^^^^^^^^^^^
    363 |                                             <Typography variant="body2" color="text.secondary">
    364 |                                                 평판 점수
    365 |                                             </Typography>

ERROR in src/components/RealEstate/ConstructionCompanyDashboard.tsx:368:41
TS2769: No overload matches this call.
  Overload 1 of 2, '(props: { component: ElementType<any, keyof IntrinsicElements>; } & GridBaseProps & { sx?: SxProps<Theme> | undefined; } & SystemProps<...> & Omit<...>): Element | null', gave the following error.
    Property 'component' is missing in type '{ children: Element[]; item: true; xs: number; }' but required in type '{ component: ElementType<any, keyof IntrinsicElements>; }'.
  Overload 2 of 2, '(props: DefaultComponentProps<GridTypeMap<{}, "div">>): Element | null', gave the following error.
    Type '{ children: Element[]; item: true; xs: number; }' is not assignable to type 'IntrinsicAttributes & GridBaseProps & { sx?: SxProps<Theme> | undefined; } & SystemProps<Theme> & Omit<...>'.
      Property 'item' does not exist on type 'IntrinsicAttributes & GridBaseProps & { sx?: SxProps<Theme> | undefined; } & SystemProps<Theme> & Omit<...>'.
    366 |                                             <Typography variant="h6">{company.reputation_score.toFixed(1)}</Typography>
    367 |                                         </Grid>
  > 368 |                                         <Grid item xs={6}>
        |                                         ^^^^^^^^^^^^^^^^^^
    369 |                                             <Typography variant="body2" color="text.secondary">
    370 |                                                 품질 점수
    371 |                                             </Typography>

ERROR in src/components/RealEstate/ConstructionCompanyDashboard.tsx:603:29
TS2769: No overload matches this call.
  Overload 1 of 2, '(props: { component: ElementType<any, keyof IntrinsicElements>; } & GridBaseProps & { sx?: SxProps<Theme> | undefined; } & SystemProps<...> & Omit<...>): Element | null', gave the following error.
    Property 'component' is missing in type '{ children: Element; item: true; xs: number; md: number; key: string; }' but required in type '{ component: ElementType<any, keyof IntrinsicElements>; }'.
  Overload 2 of 2, '(props: DefaultComponentProps<GridTypeMap<{}, "div">>): Element | null', gave the following error.
    Type '{ children: Element; item: true; xs: number; md: number; key: string; }' is not assignable to type 'IntrinsicAttributes & GridBaseProps & { sx?: SxProps<Theme> | undefined; } & SystemProps<Theme> & Omit<...>'.
      Property 'item' does not exist on type 'IntrinsicAttributes & GridBaseProps & { sx?: SxProps<Theme> | undefined; } & SystemProps<Theme> & Omit<...>'.
    601 |                     <Grid container spacing={3}>
    602 |                         {selectionAnalyses.map((analysis) => (
  > 603 |                             <Grid item xs={12} md={6} key={analysis.company_id}>
        |                             ^^^^^^^^^^^^^^^^^^^^^^^^^^^^^^^^^^^^^^^^^^^^^^^^^^^^
    604 |                                 <Card>
    605 |                                     <CardContent>
    606 |                                         <Typography variant="h6" gutterBottom>

ERROR in src/components/Security/AdvancedSecurityPanel.tsx:789:53
TS2367: This comparison appears to be unintentional because the types '"enabled" | "disabled"' and '""' have no overlap.
    787 |                                 value={policyFilter.enabled === undefined ? '' : policyFilter.enabled ? 'enabled' : 'disabled'}
    788 |                                 onChange={(e) => {
  > 789 |                                     const enabled = e.target.value === '' ? undefined : e.target.value === 'enabled';
        |                                                     ^^^^^^^^^^^^^^^^^^^^^
    790 |                                     handlePolicyFilterChange(policyFilter.type, enabled, policyFilter.search);
    791 |                                 }}
    792 |                                 label="상태"

ERROR in src/components/Security/AdvancedSecurityPanel.tsx:824:29
TS2769: No overload matches this call.
  Overload 1 of 2, '(props: { component: ElementType<any, keyof IntrinsicElements>; } & GridBaseProps & { sx?: SxProps<Theme> | undefined; } & SystemProps<...> & Omit<...>): Element | null', gave the following error.
    Property 'component' is missing in type '{ children: Element; item: true; xs: number; md: number; key: string; }' but required in type '{ component: ElementType<any, keyof IntrinsicElements>; }'.
  Overload 2 of 2, '(props: DefaultComponentProps<GridTypeMap<{}, "div">>): Element | null', gave the following error.
    Type '{ children: Element; item: true; xs: number; md: number; key: string; }' is not assignable to type 'IntrinsicAttributes & GridBaseProps & { sx?: SxProps<Theme> | undefined; } & SystemProps<Theme> & Omit<...>'.
      Property 'item' does not exist on type 'IntrinsicAttributes & GridBaseProps & { sx?: SxProps<Theme> | undefined; } & SystemProps<Theme> & Omit<...>'.
    822 |                     <Grid container spacing={2}>
    823 |                         {filteredPolicies.map((policy) => (
  > 824 |                             <Grid item xs={12} md={6} key={policy.id}>
        |                             ^^^^^^^^^^^^^^^^^^^^^^^^^^^^^^^^^^^^^^^^^^
    825 |                                 <Card>
    826 |                                     <CardContent>
    827 |                                         <Box sx={{ display: 'flex', justifyContent: 'space-between', mb: 1 }}>

ERROR in src/components/Security/SecurityAnalyticsPanel.tsx:105:25
TS2769: No overload matches this call.
  Overload 1 of 2, '(props: { component: ElementType<any, keyof IntrinsicElements>; } & GridBaseProps & { sx?: SxProps<Theme> | undefined; } & SystemProps<...> & Omit<...>): Element | null', gave the following error.
    Property 'component' is missing in type '{ children: Element; item: true; xs: number; sm: number; }' but required in type '{ component: ElementType<any, keyof IntrinsicElements>; }'.
  Overload 2 of 2, '(props: DefaultComponentProps<GridTypeMap<{}, "div">>): Element | null', gave the following error.
    Type '{ children: Element; item: true; xs: number; sm: number; }' is not assignable to type 'IntrinsicAttributes & GridBaseProps & { sx?: SxProps<Theme> | undefined; } & SystemProps<Theme> & Omit<...>'.
      Property 'item' does not exist on type 'IntrinsicAttributes & GridBaseProps & { sx?: SxProps<Theme> | undefined; } & SystemProps<Theme> & Omit<...>'.
    103 |                 <CardContent>
    104 |                     <Grid container spacing={2} alignItems="center">
  > 105 |                         <Grid item xs={12} sm={4}>
        |                         ^^^^^^^^^^^^^^^^^^^^^^^^^^
    106 |                             <Box>
    107 |                                 <Typography variant="body2" sx={{ mb: 1 }}>
    108 |                                     시작 날짜

ERROR in src/components/Security/SecurityAnalyticsPanel.tsx:125:25
TS2769: No overload matches this call.
  Overload 1 of 2, '(props: { component: ElementType<any, keyof IntrinsicElements>; } & GridBaseProps & { sx?: SxProps<Theme> | undefined; } & SystemProps<...> & Omit<...>): Element | null', gave the following error.
    Property 'component' is missing in type '{ children: Element; item: true; xs: number; sm: number; }' but required in type '{ component: ElementType<any, keyof IntrinsicElements>; }'.
  Overload 2 of 2, '(props: DefaultComponentProps<GridTypeMap<{}, "div">>): Element | null', gave the following error.
    Type '{ children: Element; item: true; xs: number; sm: number; }' is not assignable to type 'IntrinsicAttributes & GridBaseProps & { sx?: SxProps<Theme> | undefined; } & SystemProps<Theme> & Omit<...>'.
      Property 'item' does not exist on type 'IntrinsicAttributes & GridBaseProps & { sx?: SxProps<Theme> | undefined; } & SystemProps<Theme> & Omit<...>'.
    123 |                             </Box>
    124 |                         </Grid>
  > 125 |                         <Grid item xs={12} sm={4}>
        |                         ^^^^^^^^^^^^^^^^^^^^^^^^^^
    126 |                             <Box>
    127 |                                 <Typography variant="body2" sx={{ mb: 1 }}>
    128 |                                     종료 날짜

ERROR in src/components/Security/SecurityAnalyticsPanel.tsx:145:25
TS2769: No overload matches this call.
  Overload 1 of 2, '(props: { component: ElementType<any, keyof IntrinsicElements>; } & GridBaseProps & { sx?: SxProps<Theme> | undefined; } & SystemProps<...> & Omit<...>): Element | null', gave the following error.
    Property 'component' is missing in type '{ children: Element; item: true; xs: number; sm: number; }' but required in type '{ component: ElementType<any, keyof IntrinsicElements>; }'.
  Overload 2 of 2, '(props: DefaultComponentProps<GridTypeMap<{}, "div">>): Element | null', gave the following error.
    Type '{ children: Element; item: true; xs: number; sm: number; }' is not assignable to type 'IntrinsicAttributes & GridBaseProps & { sx?: SxProps<Theme> | undefined; } & SystemProps<Theme> & Omit<...>'.
      Property 'item' does not exist on type 'IntrinsicAttributes & GridBaseProps & { sx?: SxProps<Theme> | undefined; } & SystemProps<Theme> & Omit<...>'.
    143 |                             </Box>
    144 |                         </Grid>
  > 145 |                         <Grid item xs={12} sm={4}>
        |                         ^^^^^^^^^^^^^^^^^^^^^^^^^^
    146 |                             <Button
    147 |                                 variant="contained"
    148 |                                 fullWidth

ERROR in src/components/Security/SecurityAnalyticsPanel.tsx:180:17
TS2769: No overload matches this call.
  Overload 1 of 2, '(props: { component: ElementType<any, keyof IntrinsicElements>; } & GridBaseProps & { sx?: SxProps<Theme> | undefined; } & SystemProps<...> & Omit<...>): Element | null', gave the following error.
    Property 'component' is missing in type '{ children: Element; item: true; xs: number; md: number; }' but required in type '{ component: ElementType<any, keyof IntrinsicElements>; }'.
  Overload 2 of 2, '(props: DefaultComponentProps<GridTypeMap<{}, "div">>): Element | null', gave the following error.
    Type '{ children: Element; item: true; xs: number; md: number; }' is not assignable to type 'IntrinsicAttributes & GridBaseProps & { sx?: SxProps<Theme> | undefined; } & SystemProps<Theme> & Omit<...>'.
      Property 'item' does not exist on type 'IntrinsicAttributes & GridBaseProps & { sx?: SxProps<Theme> | undefined; } & SystemProps<Theme> & Omit<...>'.
    178 |             {/* 위협 통계 */}
    179 |             <Grid container spacing={3} sx={{ mb: 3 }}>
  > 180 |                 <Grid item xs={12} md={6}>
        |                 ^^^^^^^^^^^^^^^^^^^^^^^^^^
    181 |                     <Card>
    182 |                         <CardContent>
    183 |                             <Typography variant="h6" gutterBottom>

ERROR in src/components/Security/SecurityAnalyticsPanel.tsx:204:17
TS2769: No overload matches this call.
  Overload 1 of 2, '(props: { component: ElementType<any, keyof IntrinsicElements>; } & GridBaseProps & { sx?: SxProps<Theme> | undefined; } & SystemProps<...> & Omit<...>): Element | null', gave the following error.
    Property 'component' is missing in type '{ children: Element; item: true; xs: number; md: number; }' but required in type '{ component: ElementType<any, keyof IntrinsicElements>; }'.
  Overload 2 of 2, '(props: DefaultComponentProps<GridTypeMap<{}, "div">>): Element | null', gave the following error.
    Type '{ children: Element; item: true; xs: number; md: number; }' is not assignable to type 'IntrinsicAttributes & GridBaseProps & { sx?: SxProps<Theme> | undefined; } & SystemProps<Theme> & Omit<...>'.
      Property 'item' does not exist on type 'IntrinsicAttributes & GridBaseProps & { sx?: SxProps<Theme> | undefined; } & SystemProps<Theme> & Omit<...>'.
    202 |                 </Grid>
    203 |
  > 204 |                 <Grid item xs={12} md={6}>
        |                 ^^^^^^^^^^^^^^^^^^^^^^^^^^
    205 |                     <Card>
    206 |                         <CardContent>
    207 |                             <Typography variant="h6" gutterBottom>

ERROR in src/components/Security/SecurityAnalyticsPanel.tsx:262:17
TS2769: No overload matches this call.
  Overload 1 of 2, '(props: { component: ElementType<any, keyof IntrinsicElements>; } & GridBaseProps & { sx?: SxProps<Theme> | undefined; } & SystemProps<...> & Omit<...>): Element | null', gave the following error.
    Property 'component' is missing in type '{ children: Element; item: true; xs: number; md: number; }' but required in type '{ component: ElementType<any, keyof IntrinsicElements>; }'.
  Overload 2 of 2, '(props: DefaultComponentProps<GridTypeMap<{}, "div">>): Element | null', gave the following error.
    Type '{ children: Element; item: true; xs: number; md: number; }' is not assignable to type 'IntrinsicAttributes & GridBaseProps & { sx?: SxProps<Theme> | undefined; } & SystemProps<Theme> & Omit<...>'.
      Property 'item' does not exist on type 'IntrinsicAttributes & GridBaseProps & { sx?: SxProps<Theme> | undefined; } & SystemProps<Theme> & Omit<...>'.
    260 |             {/* 이벤트 통계 */}
    261 |             <Grid container spacing={3} sx={{ mb: 3 }}>
  > 262 |                 <Grid item xs={12} md={6}>
        |                 ^^^^^^^^^^^^^^^^^^^^^^^^^^
    263 |                     <Card>
    264 |                         <CardContent>
    265 |                             <Typography variant="h6" gutterBottom>

ERROR in src/components/Security/SecurityAnalyticsPanel.tsx:286:17
TS2769: No overload matches this call.
  Overload 1 of 2, '(props: { component: ElementType<any, keyof IntrinsicElements>; } & GridBaseProps & { sx?: SxProps<Theme> | undefined; } & SystemProps<...> & Omit<...>): Element | null', gave the following error.
    Property 'component' is missing in type '{ children: Element; item: true; xs: number; md: number; }' but required in type '{ component: ElementType<any, keyof IntrinsicElements>; }'.
  Overload 2 of 2, '(props: DefaultComponentProps<GridTypeMap<{}, "div">>): Element | null', gave the following error.
    Type '{ children: Element; item: true; xs: number; md: number; }' is not assignable to type 'IntrinsicAttributes & GridBaseProps & { sx?: SxProps<Theme> | undefined; } & SystemProps<Theme> & Omit<...>'.
      Property 'item' does not exist on type 'IntrinsicAttributes & GridBaseProps & { sx?: SxProps<Theme> | undefined; } & SystemProps<Theme> & Omit<...>'.
    284 |                 </Grid>
    285 |
  > 286 |                 <Grid item xs={12} md={6}>
        |                 ^^^^^^^^^^^^^^^^^^^^^^^^^^
    287 |                     <Card>
    288 |                         <CardContent>
    289 |                             <Typography variant="h6" gutterBottom>

ERROR in src/components/Security/SecurityAnalyticsPanel.tsx:320:25
TS2769: No overload matches this call.
  Overload 1 of 2, '(props: { component: ElementType<any, keyof IntrinsicElements>; } & GridBaseProps & { sx?: SxProps<Theme> | undefined; } & SystemProps<...> & Omit<...>): Element | null', gave the following error.
    Property 'component' is missing in type '{ children: Element[]; item: true; xs: number; sm: number; }' but required in type '{ component: ElementType<any, keyof IntrinsicElements>; }'.
  Overload 2 of 2, '(props: DefaultComponentProps<GridTypeMap<{}, "div">>): Element | null', gave the following error.
    Type '{ children: Element[]; item: true; xs: number; sm: number; }' is not assignable to type 'IntrinsicAttributes & GridBaseProps & { sx?: SxProps<Theme> | undefined; } & SystemProps<Theme> & Omit<...>'.
      Property 'item' does not exist on type 'IntrinsicAttributes & GridBaseProps & { sx?: SxProps<Theme> | undefined; } & SystemProps<Theme> & Omit<...>'.
    318 |                     </Typography>
    319 |                     <Grid container spacing={2}>
  > 320 |                         <Grid item xs={12} sm={4}>
        |                         ^^^^^^^^^^^^^^^^^^^^^^^^^^
    321 |                             <Typography variant="body2" color="text.secondary">
    322 |                                 총 알림 수
    323 |                             </Typography>

ERROR in src/components/Security/SecurityAnalyticsPanel.tsx:326:25
TS2769: No overload matches this call.
  Overload 1 of 2, '(props: { component: ElementType<any, keyof IntrinsicElements>; } & GridBaseProps & { sx?: SxProps<Theme> | undefined; } & SystemProps<...> & Omit<...>): Element | null', gave the following error.
    Property 'component' is missing in type '{ children: Element[]; item: true; xs: number; sm: number; }' but required in type '{ component: ElementType<any, keyof IntrinsicElements>; }'.
  Overload 2 of 2, '(props: DefaultComponentProps<GridTypeMap<{}, "div">>): Element | null', gave the following error.
    Type '{ children: Element[]; item: true; xs: number; sm: number; }' is not assignable to type 'IntrinsicAttributes & GridBaseProps & { sx?: SxProps<Theme> | undefined; } & SystemProps<Theme> & Omit<...>'.
      Property 'item' does not exist on type 'IntrinsicAttributes & GridBaseProps & { sx?: SxProps<Theme> | undefined; } & SystemProps<Theme> & Omit<...>'.
    324 |                             <Typography variant="h4">{statistics.alerts.total}</Typography>
    325 |                         </Grid>
  > 326 |                         <Grid item xs={12} sm={4}>
        |                         ^^^^^^^^^^^^^^^^^^^^^^^^^^
    327 |                             <Typography variant="body2" color="text.secondary">
    328 |                                 미확인 알림
    329 |                             </Typography>

ERROR in src/components/Security/SecurityAnalyticsPanel.tsx:334:25
TS2769: No overload matches this call.
  Overload 1 of 2, '(props: { component: ElementType<any, keyof IntrinsicElements>; } & GridBaseProps & { sx?: SxProps<Theme> | undefined; } & SystemProps<...> & Omit<...>): Element | null', gave the following error.
    Property 'component' is missing in type '{ children: Element[]; item: true; xs: number; sm: number; }' but required in type '{ component: ElementType<any, keyof IntrinsicElements>; }'.
  Overload 2 of 2, '(props: DefaultComponentProps<GridTypeMap<{}, "div">>): Element | null', gave the following error.
    Type '{ children: Element[]; item: true; xs: number; sm: number; }' is not assignable to type 'IntrinsicAttributes & GridBaseProps & { sx?: SxProps<Theme> | undefined; } & SystemProps<Theme> & Omit<...>'.
      Property 'item' does not exist on type 'IntrinsicAttributes & GridBaseProps & { sx?: SxProps<Theme> | undefined; } & SystemProps<Theme> & Omit<...>'.
    332 |                             </Typography>
    333 |                         </Grid>
  > 334 |                         <Grid item xs={12} sm={4}>
        |                         ^^^^^^^^^^^^^^^^^^^^^^^^^^
    335 |                             <Typography variant="body2" color="text.secondary">
    336 |                                 심각도별 분포
    337 |                             </Typography>

ERROR in src/components/Security/SecurityAnalyticsPanel.tsx:365:21
TS2769: No overload matches this call.
  Overload 1 of 2, '(props: { component: ElementType<any, keyof IntrinsicElements>; } & GridBaseProps & { sx?: SxProps<Theme> | undefined; } & SystemProps<...> & Omit<...>): Element | null', gave the following error.
    Property 'component' is missing in type '{ children: Element; item: true; xs: number; md: number; }' but required in type '{ component: ElementType<any, keyof IntrinsicElements>; }'.
  Overload 2 of 2, '(props: DefaultComponentProps<GridTypeMap<{}, "div">>): Element | null', gave the following error.
    Type '{ children: Element; item: true; xs: number; md: number; }' is not assignable to type 'IntrinsicAttributes & GridBaseProps & { sx?: SxProps<Theme> | undefined; } & SystemProps<Theme> & Omit<...>'.
      Property 'item' does not exist on type 'IntrinsicAttributes & GridBaseProps & { sx?: SxProps<Theme> | undefined; } & SystemProps<Theme> & Omit<...>'.
    363 |             {statistics.audit.topUsers.length > 0 && (
    364 |                 <Grid container spacing={3} sx={{ mb: 3 }}>
  > 365 |                     <Grid item xs={12} md={6}>
        |                     ^^^^^^^^^^^^^^^^^^^^^^^^^^
    366 |                         <Card>
    367 |                             <CardContent>
    368 |                                 <Typography variant="h6" gutterBottom>

ERROR in src/components/Security/SecurityAnalyticsPanel.tsx:393:21
TS2769: No overload matches this call.
  Overload 1 of 2, '(props: { component: ElementType<any, keyof IntrinsicElements>; } & GridBaseProps & { sx?: SxProps<Theme> | undefined; } & SystemProps<...> & Omit<...>): Element | null', gave the following error.
    Property 'component' is missing in type '{ children: Element; item: true; xs: number; md: number; }' but required in type '{ component: ElementType<any, keyof IntrinsicElements>; }'.
  Overload 2 of 2, '(props: DefaultComponentProps<GridTypeMap<{}, "div">>): Element | null', gave the following error.
    Type '{ children: Element; item: true; xs: number; md: number; }' is not assignable to type 'IntrinsicAttributes & GridBaseProps & { sx?: SxProps<Theme> | undefined; } & SystemProps<Theme> & Omit<...>'.
      Property 'item' does not exist on type 'IntrinsicAttributes & GridBaseProps & { sx?: SxProps<Theme> | undefined; } & SystemProps<Theme> & Omit<...>'.
    391 |                     </Grid>
    392 |
  > 393 |                     <Grid item xs={12} md={6}>
        |                     ^^^^^^^^^^^^^^^^^^^^^^^^^^
    394 |                         <Card>
    395 |                             <CardContent>
    396 |                                 <Typography variant="h6" gutterBottom>

ERROR in src/components/Security/SecurityAutomationPanel.tsx:103:17
TS2322: Type '{ type: "threat" | "alert" | "event" | "metric"; condition: string; severity?: "low" | "medium" | "high" | "critical" | undefined; }' is not assignable to type '{ type: "threat" | "alert" | "event" | "metric"; condition: string; severity: "low" | "medium" | "high" | "critical"; }'.
  Types of property 'severity' are incompatible.
    Type '"low" | "medium" | "high" | "critical" | undefined' is not assignable to type '"low" | "medium" | "high" | "critical"'.
      Type 'undefined' is not assignable to type '"low" | "medium" | "high" | "critical"'.
    101 |                 name: rule.name,
    102 |                 description: rule.description,
  > 103 |                 trigger: rule.trigger,
        |                 ^^^^^^^
    104 |                 actions: rule.actions,
    105 |                 enabled: rule.enabled,
    106 |             });

ERROR in src/components/Security/SecurityAutomationPanel.tsx:209:17
TS2769: No overload matches this call.
  Overload 1 of 2, '(props: { component: ElementType<any, keyof IntrinsicElements>; } & GridBaseProps & { sx?: SxProps<Theme> | undefined; } & SystemProps<...> & Omit<...>): Element | null', gave the following error.
    Property 'component' is missing in type '{ children: Element; item: true; xs: number; }' but required in type '{ component: ElementType<any, keyof IntrinsicElements>; }'.
  Overload 2 of 2, '(props: DefaultComponentProps<GridTypeMap<{}, "div">>): Element | null', gave the following error.
    Type '{ children: Element; item: true; xs: number; }' is not assignable to type 'IntrinsicAttributes & GridBaseProps & { sx?: SxProps<Theme> | undefined; } & SystemProps<Theme> & Omit<...>'.
      Property 'item' does not exist on type 'IntrinsicAttributes & GridBaseProps & { sx?: SxProps<Theme> | undefined; } & SystemProps<Theme> & Omit<...>'.
    207 |
    208 |             <Grid container spacing={3}>
  > 209 |                 <Grid item xs={12}>
        |                 ^^^^^^^^^^^^^^^^^^^
    210 |                     <Card>
    211 |                         <CardContent>
    212 |                             <Typography variant="h6" gutterBottom>

ERROR in src/components/Security/SecurityCharts.tsx:160:53
TS2339: Property 'percent' does not exist on type 'Props'.
    158 |                                     cy="50%"
    159 |                                     labelLine={false}
  > 160 |                                     label={({ name, percent }) =>
        |                                                     ^^^^^^^
    161 |                                         `${name}: ${(percent * 100).toFixed(0)}%`
    162 |                                     }
    163 |                                     outerRadius={80}

ERROR in src/services/aiHealthMonitor.ts:53:14
TS2300: Duplicate identifier 'AIHealthMonitor'.
    51 |
    52 | // AI 시스템 헬스 모니터 클래스
  > 53 | export class AIHealthMonitor extends EventEmitter {
       |              ^^^^^^^^^^^^^^^
    54 |     private services: Map<string, ServiceHealth> = new Map();
    55 |     private thresholds: Map<string, HealthThreshold> = new Map();
    56 |     private healthHistory: Map<string, HealthCheckResult[]> = new Map();

Compiling...
Compiled successfully!
webpack compiled successfully
Files successfully emitted, waiting for typecheck results...
Issues checking in progress...
Compiling...
Compiled successfully!
webpack compiled successfully
Files successfully emitted, waiting for typecheck results...
Issues checking in progress...
Compiling...
Compiled successfully!
webpack compiled successfully
Files successfully emitted, waiting for typecheck results...
Issues checking in progress...
Compiling...
Compiled successfully!
webpack compiled successfully
Files successfully emitted, waiting for typecheck results...
Issues checking in progress...
Compiling...
Compiled successfully!
webpack compiled successfully
Compiling...
Files successfully emitted, waiting for typecheck results...
Issues checking in progress...
Compiled successfully!
webpack compiled successfully
Files successfully emitted, waiting for typecheck results...
Issues checking in progress...
Compiling...
Compiled successfully!
webpack compiled successfully
Compiling...
Files successfully emitted, waiting for typecheck results...
Issues checking in progress...
Compiled successfully!
webpack compiled successfully
Compiling...
Compiled successfully!
webpack compiled successfully
Files successfully emitted, waiting for typecheck results...
Issues checking in progress...
Files successfully emitted, waiting for typecheck results...
Issues checking in progress...
Compiling...
Compiled successfully!
webpack compiled successfully
Files successfully emitted, waiting for typecheck results...
Issues checking in progress...
ERROR in src/components/AnalyticsDashboard.tsx:42:16
TS7009: 'new' expression, whose target lacks a construct signature, implicitly has an 'any' type.
    40 |     } catch {
    41 |         // 최후의 수단
  > 42 |         return new Error(String(err));
       |                ^^^^^^^^^^^^^^^^^^^^^^
    43 |     }
    44 | };
    45 |

ERROR in src/components/AnalyticsDashboard.tsx:42:26
TS2769: No overload matches this call.
  Overload 1 of 2, '(props: { component: ElementType<any, keyof IntrinsicElements>; } & SvgIconOwnProps & CommonProps & Omit<any, "className" | ... 10 more ... | "viewBox">): Element | null', gave the following error.
    Argument of type 'string' is not assignable to parameter of type '{ component: ElementType<any, keyof IntrinsicElements>; } & SvgIconOwnProps & CommonProps & Omit<any, "className" | ... 10 more ... | "viewBox">'.
      Type 'string' is not assignable to type '{ component: ElementType<any, keyof IntrinsicElements>; }'.
  Overload 2 of 2, '(props: DefaultComponentProps<SvgIconTypeMap<{}, "svg">>): Element | null', gave the following error.
    Type 'string' has no properties in common with type 'DefaultComponentProps<SvgIconTypeMap<{}, "svg">>'.
    40 |     } catch {
    41 |         // 최후의 수단
  > 42 |         return new Error(String(err));
       |                          ^^^^^^^^^^^
    43 |     }
    44 | };
    45 |

ERROR in src/components/PWAInstallPrompt.tsx:299:24
TS2322: Type '{ children: Element[]; component: string; sx: { border: "none"; p: number; }; "aria-label": string; }' is not assignable to type 'IntrinsicAttributes & DialogActionsProps'.
  Property 'component' does not exist on type 'IntrinsicAttributes & DialogActionsProps'.
    297 |           </Alert>
    298 |         </DialogContent>
  > 299 |         <DialogActions component="fieldset" sx={{ border: 'none', p: 0 }} aria-label="업데이트 액션">
        |                        ^^^^^^^^^
    300 |           <Button 
    301 |             onClick={() => setShowUpdateDialog(false)}
    302 |             aria-label="업데이트 다이얼로그 닫기"

ERROR in src/components/RealEstate/ApartmentCommunityAnalysisDashboard.tsx:524:25
TS2769: No overload matches this call.
  Overload 1 of 2, '(props: { component: ElementType<any, keyof IntrinsicElements>; } & GridBaseProps & { sx?: SxProps<Theme> | undefined; } & SystemProps<...> & Omit<...>): Element | null', gave the following error.
    Property 'component' is missing in type '{ children: Element; item: true; xs: number; }' but required in type '{ component: ElementType<any, keyof IntrinsicElements>; }'.
  Overload 2 of 2, '(props: DefaultComponentProps<GridTypeMap<{}, "div">>): Element | null', gave the following error.
    Type '{ children: Element; item: true; xs: number; }' is not assignable to type 'IntrinsicAttributes & GridBaseProps & { sx?: SxProps<Theme> | undefined; } & SystemProps<Theme> & Omit<...>'.
      Property 'item' does not exist on type 'IntrinsicAttributes & GridBaseProps & { sx?: SxProps<Theme> | undefined; } & SystemProps<Theme> & Omit<...>'.
    522 |                             </Card>
    523 |                         </Grid>
  > 524 |                         <Grid item xs={12}>
        |                         ^^^^^^^^^^^^^^^^^^^
    525 |                             <Card>
    526 |                                 <CardContent>
    527 |                                     <Typography variant="h6" gutterBottom>

ERROR in src/components/Security/AdvancedSecurityPanel.tsx:789:53
TS2367: This comparison appears to be unintentional because the types '"enabled" | "disabled"' and '""' have no overlap.
    787 |                                 value={policyFilter.enabled === undefined ? '' : policyFilter.enabled ? 'enabled' : 'disabled'}
    788 |                                 onChange={(e) => {
  > 789 |                                     const enabled = e.target.value === '' ? undefined : e.target.value === 'enabled';
        |                                                     ^^^^^^^^^^^^^^^^^^^^^
    790 |                                     handlePolicyFilterChange(policyFilter.type, enabled, policyFilter.search);
    791 |                                 }}
    792 |                                 label="상태"

ERROR in src/components/Security/SecurityAnalyticsPanel.tsx:105:25
TS2769: No overload matches this call.
  Overload 1 of 2, '(props: { component: ElementType<any, keyof IntrinsicElements>; } & GridBaseProps & { sx?: SxProps<Theme> | undefined; } & SystemProps<...> & Omit<...>): Element | null', gave the following error.
    Property 'component' is missing in type '{ children: Element; size: { xs: number; }; sm: number; }' but required in type '{ component: ElementType<any, keyof IntrinsicElements>; }'.
  Overload 2 of 2, '(props: DefaultComponentProps<GridTypeMap<{}, "div">>): Element | null', gave the following error.
    Type '{ children: Element; size: { xs: number; }; sm: number; }' is not assignable to type 'IntrinsicAttributes & GridBaseProps & { sx?: SxProps<Theme> | undefined; } & SystemProps<Theme> & Omit<...>'.
      Property 'sm' does not exist on type 'IntrinsicAttributes & GridBaseProps & { sx?: SxProps<Theme> | undefined; } & SystemProps<Theme> & Omit<...>'.
    103 |                 <CardContent>
    104 |                     <Grid container spacing={2} alignItems="center">
  > 105 |                         <Grid size={{ xs: 12 }} sm={4}>
        |                         ^^^^^^^^^^^^^^^^^^^^^^^^^^^^^^^
    106 |                             <Box>
    107 |                                 <Typography variant="body2" sx={{ mb: 1 }}>
    108 |                                     시작 날짜

ERROR in src/components/Security/SecurityAnalyticsPanel.tsx:125:25
TS2769: No overload matches this call.
  Overload 1 of 2, '(props: { component: ElementType<any, keyof IntrinsicElements>; } & GridBaseProps & { sx?: SxProps<Theme> | undefined; } & SystemProps<...> & Omit<...>): Element | null', gave the following error.
    Property 'component' is missing in type '{ children: Element; size: { xs: number; }; sm: number; }' but required in type '{ component: ElementType<any, keyof IntrinsicElements>; }'.
  Overload 2 of 2, '(props: DefaultComponentProps<GridTypeMap<{}, "div">>): Element | null', gave the following error.
    Type '{ children: Element; size: { xs: number; }; sm: number; }' is not assignable to type 'IntrinsicAttributes & GridBaseProps & { sx?: SxProps<Theme> | undefined; } & SystemProps<Theme> & Omit<...>'.
      Property 'sm' does not exist on type 'IntrinsicAttributes & GridBaseProps & { sx?: SxProps<Theme> | undefined; } & SystemProps<Theme> & Omit<...>'.
    123 |                             </Box>
    124 |                         </Grid>
  > 125 |                         <Grid size={{ xs: 12 }} sm={4}>
        |                         ^^^^^^^^^^^^^^^^^^^^^^^^^^^^^^^
    126 |                             <Box>
    127 |                                 <Typography variant="body2" sx={{ mb: 1 }}>
    128 |                                     종료 날짜

ERROR in src/components/Security/SecurityAnalyticsPanel.tsx:145:25
TS2769: No overload matches this call.
  Overload 1 of 2, '(props: { component: ElementType<any, keyof IntrinsicElements>; } & GridBaseProps & { sx?: SxProps<Theme> | undefined; } & SystemProps<...> & Omit<...>): Element | null', gave the following error.
    Property 'component' is missing in type '{ children: Element; size: { xs: number; }; sm: number; }' but required in type '{ component: ElementType<any, keyof IntrinsicElements>; }'.
  Overload 2 of 2, '(props: DefaultComponentProps<GridTypeMap<{}, "div">>): Element | null', gave the following error.
    Type '{ children: Element; size: { xs: number; }; sm: number; }' is not assignable to type 'IntrinsicAttributes & GridBaseProps & { sx?: SxProps<Theme> | undefined; } & SystemProps<Theme> & Omit<...>'.
      Property 'sm' does not exist on type 'IntrinsicAttributes & GridBaseProps & { sx?: SxProps<Theme> | undefined; } & SystemProps<Theme> & Omit<...>'.
    143 |                             </Box>
    144 |                         </Grid>
  > 145 |                         <Grid size={{ xs: 12 }} sm={4}>
        |                         ^^^^^^^^^^^^^^^^^^^^^^^^^^^^^^^
    146 |                             <Button
    147 |                                 variant="contained"
    148 |                                 fullWidth

ERROR in src/components/Security/SecurityAnalyticsPanel.tsx:320:25
TS2769: No overload matches this call.
  Overload 1 of 2, '(props: { component: ElementType<any, keyof IntrinsicElements>; } & GridBaseProps & { sx?: SxProps<Theme> | undefined; } & SystemProps<...> & Omit<...>): Element | null', gave the following error.
    Property 'component' is missing in type '{ children: Element[]; size: { xs: number; }; sm: number; }' but required in type '{ component: ElementType<any, keyof IntrinsicElements>; }'.
  Overload 2 of 2, '(props: DefaultComponentProps<GridTypeMap<{}, "div">>): Element | null', gave the following error.
    Type '{ children: Element[]; size: { xs: number; }; sm: number; }' is not assignable to type 'IntrinsicAttributes & GridBaseProps & { sx?: SxProps<Theme> | undefined; } & SystemProps<Theme> & Omit<...>'.
      Property 'sm' does not exist on type 'IntrinsicAttributes & GridBaseProps & { sx?: SxProps<Theme> | undefined; } & SystemProps<Theme> & Omit<...>'.
    318 |                     </Typography>
    319 |                     <Grid container spacing={2}>
  > 320 |                         <Grid size={{ xs: 12 }} sm={4}>
        |                         ^^^^^^^^^^^^^^^^^^^^^^^^^^^^^^^
    321 |                             <Typography variant="body2" color="text.secondary">
    322 |                                 총 알림 수
    323 |                             </Typography>

ERROR in src/components/Security/SecurityAnalyticsPanel.tsx:326:25
TS2769: No overload matches this call.
  Overload 1 of 2, '(props: { component: ElementType<any, keyof IntrinsicElements>; } & GridBaseProps & { sx?: SxProps<Theme> | undefined; } & SystemProps<...> & Omit<...>): Element | null', gave the following error.
    Property 'component' is missing in type '{ children: Element[]; size: { xs: number; }; sm: number; }' but required in type '{ component: ElementType<any, keyof IntrinsicElements>; }'.
  Overload 2 of 2, '(props: DefaultComponentProps<GridTypeMap<{}, "div">>): Element | null', gave the following error.
    Type '{ children: Element[]; size: { xs: number; }; sm: number; }' is not assignable to type 'IntrinsicAttributes & GridBaseProps & { sx?: SxProps<Theme> | undefined; } & SystemProps<Theme> & Omit<...>'.
      Property 'sm' does not exist on type 'IntrinsicAttributes & GridBaseProps & { sx?: SxProps<Theme> | undefined; } & SystemProps<Theme> & Omit<...>'.
    324 |                             <Typography variant="h4">{statistics.alerts.total}</Typography>
    325 |                         </Grid>
  > 326 |                         <Grid size={{ xs: 12 }} sm={4}>
        |                         ^^^^^^^^^^^^^^^^^^^^^^^^^^^^^^^
    327 |                             <Typography variant="body2" color="text.secondary">
    328 |                                 미확인 알림
    329 |                             </Typography>

ERROR in src/components/Security/SecurityAnalyticsPanel.tsx:334:25
TS2769: No overload matches this call.
  Overload 1 of 2, '(props: { component: ElementType<any, keyof IntrinsicElements>; } & GridBaseProps & { sx?: SxProps<Theme> | undefined; } & SystemProps<...> & Omit<...>): Element | null', gave the following error.
    Property 'component' is missing in type '{ children: Element[]; size: { xs: number; }; sm: number; }' but required in type '{ component: ElementType<any, keyof IntrinsicElements>; }'.
  Overload 2 of 2, '(props: DefaultComponentProps<GridTypeMap<{}, "div">>): Element | null', gave the following error.
    Type '{ children: Element[]; size: { xs: number; }; sm: number; }' is not assignable to type 'IntrinsicAttributes & GridBaseProps & { sx?: SxProps<Theme> | undefined; } & SystemProps<Theme> & Omit<...>'.
      Property 'sm' does not exist on type 'IntrinsicAttributes & GridBaseProps & { sx?: SxProps<Theme> | undefined; } & SystemProps<Theme> & Omit<...>'.
    332 |                             </Typography>
    333 |                         </Grid>
  > 334 |                         <Grid size={{ xs: 12 }} sm={4}>
        |                         ^^^^^^^^^^^^^^^^^^^^^^^^^^^^^^^
    335 |                             <Typography variant="body2" color="text.secondary">
    336 |                                 심각도별 분포
    337 |                             </Typography>

ERROR in src/components/Security/SecurityAutomationPanel.tsx:103:17
TS2322: Type '{ type: "event" | "threat" | "alert" | "metric"; condition: string; severity?: "medium" | "low" | "high" | "critical" | undefined; }' is not assignable to type '{ type: "event" | "threat" | "alert" | "metric"; condition: string; severity: "medium" | "low" | "high" | "critical"; }'.
  Types of property 'severity' are incompatible.
    Type '"medium" | "low" | "high" | "critical" | undefined' is not assignable to type '"medium" | "low" | "high" | "critical"'.
      Type 'undefined' is not assignable to type '"medium" | "low" | "high" | "critical"'.
    101 |                 name: rule.name,
    102 |                 description: rule.description,
  > 103 |                 trigger: rule.trigger,
        |                 ^^^^^^^
    104 |                 actions: rule.actions,
    105 |                 enabled: rule.enabled,
    106 |             });

ERROR in src/components/Security/SecurityCharts.tsx:160:53
TS2339: Property 'percent' does not exist on type 'Props'.
    158 |                                     cy="50%"
    159 |                                     labelLine={false}
  > 160 |                                     label={({ name, percent }) =>
        |                                                     ^^^^^^^
    161 |                                         `${name}: ${(percent * 100).toFixed(0)}%`
    162 |                                     }
    163 |                                     outerRadius={80}

ERROR in src/services/aiHealthMonitor.ts:53:14
TS2300: Duplicate identifier 'AIHealthMonitor'.
    51 |
    52 | // AI 시스템 헬스 모니터 클래스
  > 53 | export class AIHealthMonitor extends EventEmitter {
       |              ^^^^^^^^^^^^^^^
    54 |     private services: Map<string, ServiceHealth> = new Map();
    55 |     private thresholds: Map<string, HealthThreshold> = new Map();
    56 |     private healthHistory: Map<string, HealthCheckResult[]> = new Map();

Compiling...
Compiled successfully!
webpack compiled successfully
Files successfully emitted, waiting for typecheck results...
Issues checking in progress...
ERROR in src/components/AnalyticsDashboard.tsx:42:16
TS7009: 'new' expression, whose target lacks a construct signature, implicitly has an 'any' type.
    40 |     } catch {
    41 |         // 최후의 수단
  > 42 |         return new Error(String(err));
       |                ^^^^^^^^^^^^^^^^^^^^^^
    43 |     }
    44 | };
    45 |

ERROR in src/components/AnalyticsDashboard.tsx:42:26
TS2769: No overload matches this call.
  Overload 1 of 2, '(props: { component: ElementType<any, keyof IntrinsicElements>; } & SvgIconOwnProps & CommonProps & Omit<any, "className" | ... 10 more ... | "viewBox">): Element | null', gave the following error.
    Argument of type 'string' is not assignable to parameter of type '{ component: ElementType<any, keyof IntrinsicElements>; } & SvgIconOwnProps & CommonProps & Omit<any, "className" | ... 10 more ... | "viewBox">'.
      Type 'string' is not assignable to type '{ component: ElementType<any, keyof IntrinsicElements>; }'.
  Overload 2 of 2, '(props: DefaultComponentProps<SvgIconTypeMap<{}, "svg">>): Element | null', gave the following error.
    Type 'string' has no properties in common with type 'DefaultComponentProps<SvgIconTypeMap<{}, "svg">>'.
    40 |     } catch {
    41 |         // 최후의 수단
  > 42 |         return new Error(String(err));
       |                          ^^^^^^^^^^^
    43 |     }
    44 | };
    45 |

ERROR in src/components/PWAInstallPrompt.tsx:299:24
TS2322: Type '{ children: Element[]; component: string; sx: { border: "none"; p: number; }; "aria-label": string; }' is not assignable to type 'IntrinsicAttributes & DialogActionsProps'.
  Property 'component' does not exist on type 'IntrinsicAttributes & DialogActionsProps'.
    297 |           </Alert>
    298 |         </DialogContent>
  > 299 |         <DialogActions component="fieldset" sx={{ border: 'none', p: 0 }} aria-label="업데이트 액션">
        |                        ^^^^^^^^^
    300 |           <Button 
    301 |             onClick={() => setShowUpdateDialog(false)}
    302 |             aria-label="업데이트 다이얼로그 닫기"

ERROR in src/components/RealEstate/ApartmentCommunityAnalysisDashboard.tsx:524:25
TS2769: No overload matches this call.
  Overload 1 of 2, '(props: { component: ElementType<any, keyof IntrinsicElements>; } & GridBaseProps & { sx?: SxProps<Theme> | undefined; } & SystemProps<...> & Omit<...>): Element | null', gave the following error.
    Property 'component' is missing in type '{ children: Element; item: true; xs: number; }' but required in type '{ component: ElementType<any, keyof IntrinsicElements>; }'.
  Overload 2 of 2, '(props: DefaultComponentProps<GridTypeMap<{}, "div">>): Element | null', gave the following error.
    Type '{ children: Element; item: true; xs: number; }' is not assignable to type 'IntrinsicAttributes & GridBaseProps & { sx?: SxProps<Theme> | undefined; } & SystemProps<Theme> & Omit<...>'.
      Property 'item' does not exist on type 'IntrinsicAttributes & GridBaseProps & { sx?: SxProps<Theme> | undefined; } & SystemProps<Theme> & Omit<...>'.
    522 |                             </Card>
    523 |                         </Grid>
  > 524 |                         <Grid item xs={12}>
        |                         ^^^^^^^^^^^^^^^^^^^
    525 |                             <Card>
    526 |                                 <CardContent>
    527 |                                     <Typography variant="h6" gutterBottom>

ERROR in src/components/Security/AdvancedSecurityPanel.tsx:789:53
TS2367: This comparison appears to be unintentional because the types '"enabled" | "disabled"' and '""' have no overlap.
    787 |                                 value={policyFilter.enabled === undefined ? '' : policyFilter.enabled ? 'enabled' : 'disabled'}
    788 |                                 onChange={(e) => {
  > 789 |                                     const enabled = e.target.value === '' ? undefined : e.target.value === 'enabled';
        |                                                     ^^^^^^^^^^^^^^^^^^^^^
    790 |                                     handlePolicyFilterChange(policyFilter.type, enabled, policyFilter.search);
    791 |                                 }}
    792 |                                 label="상태"

ERROR in src/components/Security/SecurityAnalyticsPanel.tsx:105:25
TS2769: No overload matches this call.
  Overload 1 of 2, '(props: { component: ElementType<any, keyof IntrinsicElements>; } & GridBaseProps & { sx?: SxProps<Theme> | undefined; } & SystemProps<...> & Omit<...>): Element | null', gave the following error.
    Property 'component' is missing in type '{ children: Element; size: { xs: number; }; sm: number; }' but required in type '{ component: ElementType<any, keyof IntrinsicElements>; }'.
  Overload 2 of 2, '(props: DefaultComponentProps<GridTypeMap<{}, "div">>): Element | null', gave the following error.
    Type '{ children: Element; size: { xs: number; }; sm: number; }' is not assignable to type 'IntrinsicAttributes & GridBaseProps & { sx?: SxProps<Theme> | undefined; } & SystemProps<Theme> & Omit<...>'.
      Property 'sm' does not exist on type 'IntrinsicAttributes & GridBaseProps & { sx?: SxProps<Theme> | undefined; } & SystemProps<Theme> & Omit<...>'.
    103 |                 <CardContent>
    104 |                     <Grid container spacing={2} alignItems="center">
  > 105 |                         <Grid size={{ xs: 12 }} sm={4}>
        |                         ^^^^^^^^^^^^^^^^^^^^^^^^^^^^^^^
    106 |                             <Box>
    107 |                                 <Typography variant="body2" sx={{ mb: 1 }}>
    108 |                                     시작 날짜

ERROR in src/components/Security/SecurityAnalyticsPanel.tsx:125:25
TS2769: No overload matches this call.
  Overload 1 of 2, '(props: { component: ElementType<any, keyof IntrinsicElements>; } & GridBaseProps & { sx?: SxProps<Theme> | undefined; } & SystemProps<...> & Omit<...>): Element | null', gave the following error.
    Property 'component' is missing in type '{ children: Element; size: { xs: number; }; sm: number; }' but required in type '{ component: ElementType<any, keyof IntrinsicElements>; }'.
  Overload 2 of 2, '(props: DefaultComponentProps<GridTypeMap<{}, "div">>): Element | null', gave the following error.
    Type '{ children: Element; size: { xs: number; }; sm: number; }' is not assignable to type 'IntrinsicAttributes & GridBaseProps & { sx?: SxProps<Theme> | undefined; } & SystemProps<Theme> & Omit<...>'.
      Property 'sm' does not exist on type 'IntrinsicAttributes & GridBaseProps & { sx?: SxProps<Theme> | undefined; } & SystemProps<Theme> & Omit<...>'.
    123 |                             </Box>
    124 |                         </Grid>
  > 125 |                         <Grid size={{ xs: 12 }} sm={4}>
        |                         ^^^^^^^^^^^^^^^^^^^^^^^^^^^^^^^
    126 |                             <Box>
    127 |                                 <Typography variant="body2" sx={{ mb: 1 }}>
    128 |                                     종료 날짜

ERROR in src/components/Security/SecurityAnalyticsPanel.tsx:145:25
TS2769: No overload matches this call.
  Overload 1 of 2, '(props: { component: ElementType<any, keyof IntrinsicElements>; } & GridBaseProps & { sx?: SxProps<Theme> | undefined; } & SystemProps<...> & Omit<...>): Element | null', gave the following error.
    Property 'component' is missing in type '{ children: Element; size: { xs: number; }; sm: number; }' but required in type '{ component: ElementType<any, keyof IntrinsicElements>; }'.
  Overload 2 of 2, '(props: DefaultComponentProps<GridTypeMap<{}, "div">>): Element | null', gave the following error.
    Type '{ children: Element; size: { xs: number; }; sm: number; }' is not assignable to type 'IntrinsicAttributes & GridBaseProps & { sx?: SxProps<Theme> | undefined; } & SystemProps<Theme> & Omit<...>'.
      Property 'sm' does not exist on type 'IntrinsicAttributes & GridBaseProps & { sx?: SxProps<Theme> | undefined; } & SystemProps<Theme> & Omit<...>'.
    143 |                             </Box>
    144 |                         </Grid>
  > 145 |                         <Grid size={{ xs: 12 }} sm={4}>
        |                         ^^^^^^^^^^^^^^^^^^^^^^^^^^^^^^^
    146 |                             <Button
    147 |                                 variant="contained"
    148 |                                 fullWidth

ERROR in src/components/Security/SecurityAnalyticsPanel.tsx:320:25
TS2769: No overload matches this call.
  Overload 1 of 2, '(props: { component: ElementType<any, keyof IntrinsicElements>; } & GridBaseProps & { sx?: SxProps<Theme> | undefined; } & SystemProps<...> & Omit<...>): Element | null', gave the following error.
    Property 'component' is missing in type '{ children: Element[]; size: { xs: number; }; sm: number; }' but required in type '{ component: ElementType<any, keyof IntrinsicElements>; }'.
  Overload 2 of 2, '(props: DefaultComponentProps<GridTypeMap<{}, "div">>): Element | null', gave the following error.
    Type '{ children: Element[]; size: { xs: number; }; sm: number; }' is not assignable to type 'IntrinsicAttributes & GridBaseProps & { sx?: SxProps<Theme> | undefined; } & SystemProps<Theme> & Omit<...>'.
      Property 'sm' does not exist on type 'IntrinsicAttributes & GridBaseProps & { sx?: SxProps<Theme> | undefined; } & SystemProps<Theme> & Omit<...>'.
    318 |                     </Typography>
    319 |                     <Grid container spacing={2}>
  > 320 |                         <Grid size={{ xs: 12 }} sm={4}>
        |                         ^^^^^^^^^^^^^^^^^^^^^^^^^^^^^^^
    321 |                             <Typography variant="body2" color="text.secondary">
    322 |                                 총 알림 수
    323 |                             </Typography>

ERROR in src/components/Security/SecurityAnalyticsPanel.tsx:326:25
TS2769: No overload matches this call.
  Overload 1 of 2, '(props: { component: ElementType<any, keyof IntrinsicElements>; } & GridBaseProps & { sx?: SxProps<Theme> | undefined; } & SystemProps<...> & Omit<...>): Element | null', gave the following error.
    Property 'component' is missing in type '{ children: Element[]; size: { xs: number; }; sm: number; }' but required in type '{ component: ElementType<any, keyof IntrinsicElements>; }'.
  Overload 2 of 2, '(props: DefaultComponentProps<GridTypeMap<{}, "div">>): Element | null', gave the following error.
    Type '{ children: Element[]; size: { xs: number; }; sm: number; }' is not assignable to type 'IntrinsicAttributes & GridBaseProps & { sx?: SxProps<Theme> | undefined; } & SystemProps<Theme> & Omit<...>'.
      Property 'sm' does not exist on type 'IntrinsicAttributes & GridBaseProps & { sx?: SxProps<Theme> | undefined; } & SystemProps<Theme> & Omit<...>'.
    324 |                             <Typography variant="h4">{statistics.alerts.total}</Typography>
    325 |                         </Grid>
  > 326 |                         <Grid size={{ xs: 12 }} sm={4}>
        |                         ^^^^^^^^^^^^^^^^^^^^^^^^^^^^^^^
    327 |                             <Typography variant="body2" color="text.secondary">
    328 |                                 미확인 알림
    329 |                             </Typography>

ERROR in src/components/Security/SecurityAnalyticsPanel.tsx:334:25
TS2769: No overload matches this call.
  Overload 1 of 2, '(props: { component: ElementType<any, keyof IntrinsicElements>; } & GridBaseProps & { sx?: SxProps<Theme> | undefined; } & SystemProps<...> & Omit<...>): Element | null', gave the following error.
    Property 'component' is missing in type '{ children: Element[]; size: { xs: number; }; sm: number; }' but required in type '{ component: ElementType<any, keyof IntrinsicElements>; }'.
  Overload 2 of 2, '(props: DefaultComponentProps<GridTypeMap<{}, "div">>): Element | null', gave the following error.
    Type '{ children: Element[]; size: { xs: number; }; sm: number; }' is not assignable to type 'IntrinsicAttributes & GridBaseProps & { sx?: SxProps<Theme> | undefined; } & SystemProps<Theme> & Omit<...>'.
      Property 'sm' does not exist on type 'IntrinsicAttributes & GridBaseProps & { sx?: SxProps<Theme> | undefined; } & SystemProps<Theme> & Omit<...>'.
    332 |                             </Typography>
    333 |                         </Grid>
  > 334 |                         <Grid size={{ xs: 12 }} sm={4}>
        |                         ^^^^^^^^^^^^^^^^^^^^^^^^^^^^^^^
    335 |                             <Typography variant="body2" color="text.secondary">
    336 |                                 심각도별 분포
    337 |                             </Typography>

ERROR in src/components/Security/SecurityAutomationPanel.tsx:103:17
TS2322: Type '{ type: "event" | "threat" | "alert" | "metric"; condition: string; severity?: "medium" | "low" | "high" | "critical" | undefined; }' is not assignable to type '{ type: "event" | "threat" | "alert" | "metric"; condition: string; severity: "medium" | "low" | "high" | "critical"; }'.
  Types of property 'severity' are incompatible.
    Type '"medium" | "low" | "high" | "critical" | undefined' is not assignable to type '"medium" | "low" | "high" | "critical"'.
      Type 'undefined' is not assignable to type '"medium" | "low" | "high" | "critical"'.
    101 |                 name: rule.name,
    102 |                 description: rule.description,
  > 103 |                 trigger: rule.trigger,
        |                 ^^^^^^^
    104 |                 actions: rule.actions,
    105 |                 enabled: rule.enabled,
    106 |             });

ERROR in src/components/Security/SecurityCharts.tsx:160:37
TS2322: Type '({ name, percent }: { name: string; percent: number; }) => string' is not assignable to type 'ImplicitLabelListType | undefined'.
  Type '({ name, percent }: { name: string; percent: number; }) => string' is not assignable to type '(props: Props) => ReactNode'.
    Types of parameters '__0' and 'props' are incompatible.
      Property 'percent' is missing in type 'Props' but required in type '{ name: string; percent: number; }'.
    158 |                                     cy="50%"
    159 |                                     labelLine={false}
  > 160 |                                     label={({ name, percent }: { name: string; percent: number }) =>
        |                                     ^^^^^
    161 |                                         `${name}: ${(percent * 100).toFixed(0)}%`
    162 |                                     }
    163 |                                     outerRadius={80}

ERROR in src/services/aiHealthMonitor.ts:53:14
TS2300: Duplicate identifier 'AIHealthMonitor'.
    51 |
    52 | // AI 시스템 헬스 모니터 클래스
  > 53 | export class AIHealthMonitor extends EventEmitter {
       |              ^^^^^^^^^^^^^^^
    54 |     private services: Map<string, ServiceHealth> = new Map();
    55 |     private thresholds: Map<string, HealthThreshold> = new Map();
    56 |     private healthHistory: Map<string, HealthCheckResult[]> = new Map();

Compiling...
Compiled successfully!
webpack compiled successfully
Files successfully emitted, waiting for typecheck results...
Issues checking in progress...
ERROR in src/components/AnalyticsDashboard.tsx:42:16
TS7009: 'new' expression, whose target lacks a construct signature, implicitly has an 'any' type.
    40 |     } catch {
    41 |         // 최후의 수단
  > 42 |         return new Error(String(err));
       |                ^^^^^^^^^^^^^^^^^^^^^^
    43 |     }
    44 | };
    45 |

ERROR in src/components/AnalyticsDashboard.tsx:42:26
TS2769: No overload matches this call.
  Overload 1 of 2, '(props: { component: ElementType<any, keyof IntrinsicElements>; } & SvgIconOwnProps & CommonProps & Omit<any, "className" | ... 10 more ... | "viewBox">): Element | null', gave the following error.
    Argument of type 'string' is not assignable to parameter of type '{ component: ElementType<any, keyof IntrinsicElements>; } & SvgIconOwnProps & CommonProps & Omit<any, "className" | ... 10 more ... | "viewBox">'.
      Type 'string' is not assignable to type '{ component: ElementType<any, keyof IntrinsicElements>; }'.
  Overload 2 of 2, '(props: DefaultComponentProps<SvgIconTypeMap<{}, "svg">>): Element | null', gave the following error.
    Type 'string' has no properties in common with type 'DefaultComponentProps<SvgIconTypeMap<{}, "svg">>'.
    40 |     } catch {
    41 |         // 최후의 수단
  > 42 |         return new Error(String(err));
       |                          ^^^^^^^^^^^
    43 |     }
    44 | };
    45 |

ERROR in src/components/PWAInstallPrompt.tsx:299:24
TS2322: Type '{ children: Element[]; component: string; sx: { border: "none"; p: number; }; "aria-label": string; }' is not assignable to type 'IntrinsicAttributes & DialogActionsProps'.
  Property 'component' does not exist on type 'IntrinsicAttributes & DialogActionsProps'.
    297 |           </Alert>
    298 |         </DialogContent>
  > 299 |         <DialogActions component="fieldset" sx={{ border: 'none', p: 0 }} aria-label="업데이트 액션">
        |                        ^^^^^^^^^
    300 |           <Button 
    301 |             onClick={() => setShowUpdateDialog(false)}
    302 |             aria-label="업데이트 다이얼로그 닫기"

ERROR in src/components/RealEstate/ApartmentCommunityAnalysisDashboard.tsx:524:25
TS2769: No overload matches this call.
  Overload 1 of 2, '(props: { component: ElementType<any, keyof IntrinsicElements>; } & GridBaseProps & { sx?: SxProps<Theme> | undefined; } & SystemProps<...> & Omit<...>): Element | null', gave the following error.
    Property 'component' is missing in type '{ children: Element; item: true; xs: number; }' but required in type '{ component: ElementType<any, keyof IntrinsicElements>; }'.
  Overload 2 of 2, '(props: DefaultComponentProps<GridTypeMap<{}, "div">>): Element | null', gave the following error.
    Type '{ children: Element; item: true; xs: number; }' is not assignable to type 'IntrinsicAttributes & GridBaseProps & { sx?: SxProps<Theme> | undefined; } & SystemProps<Theme> & Omit<...>'.
      Property 'item' does not exist on type 'IntrinsicAttributes & GridBaseProps & { sx?: SxProps<Theme> | undefined; } & SystemProps<Theme> & Omit<...>'.
    522 |                             </Card>
    523 |                         </Grid>
  > 524 |                         <Grid item xs={12}>
        |                         ^^^^^^^^^^^^^^^^^^^
    525 |                             <Card>
    526 |                                 <CardContent>
    527 |                                     <Typography variant="h6" gutterBottom>

ERROR in src/components/Security/AdvancedSecurityPanel.tsx:789:53
TS2367: This comparison appears to be unintentional because the types '"enabled" | "disabled"' and '""' have no overlap.
    787 |                                 value={policyFilter.enabled === undefined ? '' : policyFilter.enabled ? 'enabled' : 'disabled'}
    788 |                                 onChange={(e) => {
  > 789 |                                     const enabled = e.target.value === '' ? undefined : e.target.value === 'enabled';
        |                                                     ^^^^^^^^^^^^^^^^^^^^^
    790 |                                     handlePolicyFilterChange(policyFilter.type, enabled, policyFilter.search);
    791 |                                 }}
    792 |                                 label="상태"

ERROR in src/components/Security/SecurityAnalyticsPanel.tsx:105:25
TS2769: No overload matches this call.
  Overload 1 of 2, '(props: { component: ElementType<any, keyof IntrinsicElements>; } & GridBaseProps & { sx?: SxProps<Theme> | undefined; } & SystemProps<...> & Omit<...>): Element | null', gave the following error.
    Property 'component' is missing in type '{ children: Element; size: { xs: number; }; sm: number; }' but required in type '{ component: ElementType<any, keyof IntrinsicElements>; }'.
  Overload 2 of 2, '(props: DefaultComponentProps<GridTypeMap<{}, "div">>): Element | null', gave the following error.
    Type '{ children: Element; size: { xs: number; }; sm: number; }' is not assignable to type 'IntrinsicAttributes & GridBaseProps & { sx?: SxProps<Theme> | undefined; } & SystemProps<Theme> & Omit<...>'.
      Property 'sm' does not exist on type 'IntrinsicAttributes & GridBaseProps & { sx?: SxProps<Theme> | undefined; } & SystemProps<Theme> & Omit<...>'.
    103 |                 <CardContent>
    104 |                     <Grid container spacing={2} alignItems="center">
  > 105 |                         <Grid size={{ xs: 12 }} sm={4}>
        |                         ^^^^^^^^^^^^^^^^^^^^^^^^^^^^^^^
    106 |                             <Box>
    107 |                                 <Typography variant="body2" sx={{ mb: 1 }}>
    108 |                                     시작 날짜

ERROR in src/components/Security/SecurityAnalyticsPanel.tsx:125:25
TS2769: No overload matches this call.
  Overload 1 of 2, '(props: { component: ElementType<any, keyof IntrinsicElements>; } & GridBaseProps & { sx?: SxProps<Theme> | undefined; } & SystemProps<...> & Omit<...>): Element | null', gave the following error.
    Property 'component' is missing in type '{ children: Element; size: { xs: number; }; sm: number; }' but required in type '{ component: ElementType<any, keyof IntrinsicElements>; }'.
  Overload 2 of 2, '(props: DefaultComponentProps<GridTypeMap<{}, "div">>): Element | null', gave the following error.
    Type '{ children: Element; size: { xs: number; }; sm: number; }' is not assignable to type 'IntrinsicAttributes & GridBaseProps & { sx?: SxProps<Theme> | undefined; } & SystemProps<Theme> & Omit<...>'.
      Property 'sm' does not exist on type 'IntrinsicAttributes & GridBaseProps & { sx?: SxProps<Theme> | undefined; } & SystemProps<Theme> & Omit<...>'.
    123 |                             </Box>
    124 |                         </Grid>
  > 125 |                         <Grid size={{ xs: 12 }} sm={4}>
        |                         ^^^^^^^^^^^^^^^^^^^^^^^^^^^^^^^
    126 |                             <Box>
    127 |                                 <Typography variant="body2" sx={{ mb: 1 }}>
    128 |                                     종료 날짜

ERROR in src/components/Security/SecurityAnalyticsPanel.tsx:145:25
TS2769: No overload matches this call.
  Overload 1 of 2, '(props: { component: ElementType<any, keyof IntrinsicElements>; } & GridBaseProps & { sx?: SxProps<Theme> | undefined; } & SystemProps<...> & Omit<...>): Element | null', gave the following error.
    Property 'component' is missing in type '{ children: Element; size: { xs: number; }; sm: number; }' but required in type '{ component: ElementType<any, keyof IntrinsicElements>; }'.
  Overload 2 of 2, '(props: DefaultComponentProps<GridTypeMap<{}, "div">>): Element | null', gave the following error.
    Type '{ children: Element; size: { xs: number; }; sm: number; }' is not assignable to type 'IntrinsicAttributes & GridBaseProps & { sx?: SxProps<Theme> | undefined; } & SystemProps<Theme> & Omit<...>'.
      Property 'sm' does not exist on type 'IntrinsicAttributes & GridBaseProps & { sx?: SxProps<Theme> | undefined; } & SystemProps<Theme> & Omit<...>'.
    143 |                             </Box>
    144 |                         </Grid>
  > 145 |                         <Grid size={{ xs: 12 }} sm={4}>
        |                         ^^^^^^^^^^^^^^^^^^^^^^^^^^^^^^^
    146 |                             <Button
    147 |                                 variant="contained"
    148 |                                 fullWidth

ERROR in src/components/Security/SecurityAnalyticsPanel.tsx:320:25
TS2769: No overload matches this call.
  Overload 1 of 2, '(props: { component: ElementType<any, keyof IntrinsicElements>; } & GridBaseProps & { sx?: SxProps<Theme> | undefined; } & SystemProps<...> & Omit<...>): Element | null', gave the following error.
    Property 'component' is missing in type '{ children: Element[]; size: { xs: number; }; sm: number; }' but required in type '{ component: ElementType<any, keyof IntrinsicElements>; }'.
  Overload 2 of 2, '(props: DefaultComponentProps<GridTypeMap<{}, "div">>): Element | null', gave the following error.
    Type '{ children: Element[]; size: { xs: number; }; sm: number; }' is not assignable to type 'IntrinsicAttributes & GridBaseProps & { sx?: SxProps<Theme> | undefined; } & SystemProps<Theme> & Omit<...>'.
      Property 'sm' does not exist on type 'IntrinsicAttributes & GridBaseProps & { sx?: SxProps<Theme> | undefined; } & SystemProps<Theme> & Omit<...>'.
    318 |                     </Typography>
    319 |                     <Grid container spacing={2}>
  > 320 |                         <Grid size={{ xs: 12 }} sm={4}>
        |                         ^^^^^^^^^^^^^^^^^^^^^^^^^^^^^^^
    321 |                             <Typography variant="body2" color="text.secondary">
    322 |                                 총 알림 수
    323 |                             </Typography>

ERROR in src/components/Security/SecurityAnalyticsPanel.tsx:326:25
TS2769: No overload matches this call.
  Overload 1 of 2, '(props: { component: ElementType<any, keyof IntrinsicElements>; } & GridBaseProps & { sx?: SxProps<Theme> | undefined; } & SystemProps<...> & Omit<...>): Element | null', gave the following error.
    Property 'component' is missing in type '{ children: Element[]; size: { xs: number; }; sm: number; }' but required in type '{ component: ElementType<any, keyof IntrinsicElements>; }'.
  Overload 2 of 2, '(props: DefaultComponentProps<GridTypeMap<{}, "div">>): Element | null', gave the following error.
    Type '{ children: Element[]; size: { xs: number; }; sm: number; }' is not assignable to type 'IntrinsicAttributes & GridBaseProps & { sx?: SxProps<Theme> | undefined; } & SystemProps<Theme> & Omit<...>'.
      Property 'sm' does not exist on type 'IntrinsicAttributes & GridBaseProps & { sx?: SxProps<Theme> | undefined; } & SystemProps<Theme> & Omit<...>'.
    324 |                             <Typography variant="h4">{statistics.alerts.total}</Typography>
    325 |                         </Grid>
  > 326 |                         <Grid size={{ xs: 12 }} sm={4}>
        |                         ^^^^^^^^^^^^^^^^^^^^^^^^^^^^^^^
    327 |                             <Typography variant="body2" color="text.secondary">
    328 |                                 미확인 알림
    329 |                             </Typography>

ERROR in src/components/Security/SecurityAnalyticsPanel.tsx:334:25
TS2769: No overload matches this call.
  Overload 1 of 2, '(props: { component: ElementType<any, keyof IntrinsicElements>; } & GridBaseProps & { sx?: SxProps<Theme> | undefined; } & SystemProps<...> & Omit<...>): Element | null', gave the following error.
    Property 'component' is missing in type '{ children: Element[]; size: { xs: number; }; sm: number; }' but required in type '{ component: ElementType<any, keyof IntrinsicElements>; }'.
  Overload 2 of 2, '(props: DefaultComponentProps<GridTypeMap<{}, "div">>): Element | null', gave the following error.
    Type '{ children: Element[]; size: { xs: number; }; sm: number; }' is not assignable to type 'IntrinsicAttributes & GridBaseProps & { sx?: SxProps<Theme> | undefined; } & SystemProps<Theme> & Omit<...>'.
      Property 'sm' does not exist on type 'IntrinsicAttributes & GridBaseProps & { sx?: SxProps<Theme> | undefined; } & SystemProps<Theme> & Omit<...>'.
    332 |                             </Typography>
    333 |                         </Grid>
  > 334 |                         <Grid size={{ xs: 12 }} sm={4}>
        |                         ^^^^^^^^^^^^^^^^^^^^^^^^^^^^^^^
    335 |                             <Typography variant="body2" color="text.secondary">
    336 |                                 심각도별 분포
    337 |                             </Typography>

ERROR in src/components/Security/SecurityAutomationPanel.tsx:103:17
TS2322: Type '{ type: "event" | "threat" | "alert" | "metric"; condition: string; severity?: "medium" | "low" | "high" | "critical" | undefined; }' is not assignable to type '{ type: "event" | "threat" | "alert" | "metric"; condition: string; severity: "medium" | "low" | "high" | "critical"; }'.
  Types of property 'severity' are incompatible.
    Type '"medium" | "low" | "high" | "critical" | undefined' is not assignable to type '"medium" | "low" | "high" | "critical"'.
      Type 'undefined' is not assignable to type '"medium" | "low" | "high" | "critical"'.
    101 |                 name: rule.name,
    102 |                 description: rule.description,
  > 103 |                 trigger: rule.trigger,
        |                 ^^^^^^^
    104 |                 actions: rule.actions,
    105 |                 enabled: rule.enabled,
    106 |             });

ERROR in src/components/Security/SecurityCharts.tsx:160:53
TS2339: Property 'percent' does not exist on type 'Props'.
    158 |                                     cy="50%"
    159 |                                     labelLine={false}
  > 160 |                                     label={({ name, percent }) =>
        |                                                     ^^^^^^^
    161 |                                         `${name}: ${(percent * 100).toFixed(0)}%`
    162 |                                     }
    163 |                                     outerRadius={80}

ERROR in src/services/aiHealthMonitor.ts:53:14
TS2300: Duplicate identifier 'AIHealthMonitor'.
    51 |
    52 | // AI 시스템 헬스 모니터 클래스
  > 53 | export class AIHealthMonitor extends EventEmitter {
       |              ^^^^^^^^^^^^^^^
    54 |     private services: Map<string, ServiceHealth> = new Map();
    55 |     private thresholds: Map<string, HealthThreshold> = new Map();
    56 |     private healthHistory: Map<string, HealthCheckResult[]> = new Map();

Compiling...
Compiled successfully!
webpack compiled successfully
Files successfully emitted, waiting for typecheck results...
Issues checking in progress...
ERROR in src/components/AnalyticsDashboard.tsx:42:16
TS7009: 'new' expression, whose target lacks a construct signature, implicitly has an 'any' type.
    40 |     } catch {
    41 |         // 최후의 수단
  > 42 |         return new Error(String(err));
       |                ^^^^^^^^^^^^^^^^^^^^^^
    43 |     }
    44 | };
    45 |

ERROR in src/components/AnalyticsDashboard.tsx:42:26
TS2769: No overload matches this call.
  Overload 1 of 2, '(props: { component: ElementType<any, keyof IntrinsicElements>; } & SvgIconOwnProps & CommonProps & Omit<any, "className" | ... 10 more ... | "viewBox">): Element | null', gave the following error.
    Argument of type 'string' is not assignable to parameter of type '{ component: ElementType<any, keyof IntrinsicElements>; } & SvgIconOwnProps & CommonProps & Omit<any, "className" | ... 10 more ... | "viewBox">'.
      Type 'string' is not assignable to type '{ component: ElementType<any, keyof IntrinsicElements>; }'.
  Overload 2 of 2, '(props: DefaultComponentProps<SvgIconTypeMap<{}, "svg">>): Element | null', gave the following error.
    Type 'string' has no properties in common with type 'DefaultComponentProps<SvgIconTypeMap<{}, "svg">>'.
    40 |     } catch {
    41 |         // 최후의 수단
  > 42 |         return new Error(String(err));
       |                          ^^^^^^^^^^^
    43 |     }
    44 | };
    45 |

ERROR in src/components/PWAInstallPrompt.tsx:299:24
TS2322: Type '{ children: Element[]; component: string; sx: { border: "none"; p: number; }; "aria-label": string; }' is not assignable to type 'IntrinsicAttributes & DialogActionsProps'.
  Property 'component' does not exist on type 'IntrinsicAttributes & DialogActionsProps'.
    297 |           </Alert>
    298 |         </DialogContent>
  > 299 |         <DialogActions component="fieldset" sx={{ border: 'none', p: 0 }} aria-label="업데이트 액션">
        |                        ^^^^^^^^^
    300 |           <Button 
    301 |             onClick={() => setShowUpdateDialog(false)}
    302 |             aria-label="업데이트 다이얼로그 닫기"

ERROR in src/components/RealEstate/ApartmentCommunityAnalysisDashboard.tsx:524:25
TS2769: No overload matches this call.
  Overload 1 of 2, '(props: { component: ElementType<any, keyof IntrinsicElements>; } & GridBaseProps & { sx?: SxProps<Theme> | undefined; } & SystemProps<...> & Omit<...>): Element | null', gave the following error.
    Property 'component' is missing in type '{ children: Element; item: true; xs: number; }' but required in type '{ component: ElementType<any, keyof IntrinsicElements>; }'.
  Overload 2 of 2, '(props: DefaultComponentProps<GridTypeMap<{}, "div">>): Element | null', gave the following error.
    Type '{ children: Element; item: true; xs: number; }' is not assignable to type 'IntrinsicAttributes & GridBaseProps & { sx?: SxProps<Theme> | undefined; } & SystemProps<Theme> & Omit<...>'.
      Property 'item' does not exist on type 'IntrinsicAttributes & GridBaseProps & { sx?: SxProps<Theme> | undefined; } & SystemProps<Theme> & Omit<...>'.
    522 |                             </Card>
    523 |                         </Grid>
  > 524 |                         <Grid item xs={12}>
        |                         ^^^^^^^^^^^^^^^^^^^
    525 |                             <Card>
    526 |                                 <CardContent>
    527 |                                     <Typography variant="h6" gutterBottom>

ERROR in src/components/Security/AdvancedSecurityPanel.tsx:789:53
TS2367: This comparison appears to be unintentional because the types '"enabled" | "disabled"' and '""' have no overlap.
    787 |                                 value={policyFilter.enabled === undefined ? '' : policyFilter.enabled ? 'enabled' : 'disabled'}
    788 |                                 onChange={(e) => {
  > 789 |                                     const enabled = e.target.value === '' ? undefined : e.target.value === 'enabled';
        |                                                     ^^^^^^^^^^^^^^^^^^^^^
    790 |                                     handlePolicyFilterChange(policyFilter.type, enabled, policyFilter.search);
    791 |                                 }}
    792 |                                 label="상태"

ERROR in src/components/Security/SecurityAnalyticsPanel.tsx:105:25
TS2769: No overload matches this call.
  Overload 1 of 2, '(props: { component: ElementType<any, keyof IntrinsicElements>; } & GridBaseProps & { sx?: SxProps<Theme> | undefined; } & SystemProps<...> & Omit<...>): Element | null', gave the following error.
    Property 'component' is missing in type '{ children: Element; size: { xs: number; }; sm: number; }' but required in type '{ component: ElementType<any, keyof IntrinsicElements>; }'.
  Overload 2 of 2, '(props: DefaultComponentProps<GridTypeMap<{}, "div">>): Element | null', gave the following error.
    Type '{ children: Element; size: { xs: number; }; sm: number; }' is not assignable to type 'IntrinsicAttributes & GridBaseProps & { sx?: SxProps<Theme> | undefined; } & SystemProps<Theme> & Omit<...>'.
      Property 'sm' does not exist on type 'IntrinsicAttributes & GridBaseProps & { sx?: SxProps<Theme> | undefined; } & SystemProps<Theme> & Omit<...>'.
    103 |                 <CardContent>
    104 |                     <Grid container spacing={2} alignItems="center">
  > 105 |                         <Grid size={{ xs: 12 }} sm={4}>
        |                         ^^^^^^^^^^^^^^^^^^^^^^^^^^^^^^^
    106 |                             <Box>
    107 |                                 <Typography variant="body2" sx={{ mb: 1 }}>
    108 |                                     시작 날짜

ERROR in src/components/Security/SecurityAnalyticsPanel.tsx:125:25
TS2769: No overload matches this call.
  Overload 1 of 2, '(props: { component: ElementType<any, keyof IntrinsicElements>; } & GridBaseProps & { sx?: SxProps<Theme> | undefined; } & SystemProps<...> & Omit<...>): Element | null', gave the following error.
    Property 'component' is missing in type '{ children: Element; size: { xs: number; }; sm: number; }' but required in type '{ component: ElementType<any, keyof IntrinsicElements>; }'.
  Overload 2 of 2, '(props: DefaultComponentProps<GridTypeMap<{}, "div">>): Element | null', gave the following error.
    Type '{ children: Element; size: { xs: number; }; sm: number; }' is not assignable to type 'IntrinsicAttributes & GridBaseProps & { sx?: SxProps<Theme> | undefined; } & SystemProps<Theme> & Omit<...>'.
      Property 'sm' does not exist on type 'IntrinsicAttributes & GridBaseProps & { sx?: SxProps<Theme> | undefined; } & SystemProps<Theme> & Omit<...>'.
    123 |                             </Box>
    124 |                         </Grid>
  > 125 |                         <Grid size={{ xs: 12 }} sm={4}>
        |                         ^^^^^^^^^^^^^^^^^^^^^^^^^^^^^^^
    126 |                             <Box>
    127 |                                 <Typography variant="body2" sx={{ mb: 1 }}>
    128 |                                     종료 날짜

ERROR in src/components/Security/SecurityAnalyticsPanel.tsx:145:25
TS2769: No overload matches this call.
  Overload 1 of 2, '(props: { component: ElementType<any, keyof IntrinsicElements>; } & GridBaseProps & { sx?: SxProps<Theme> | undefined; } & SystemProps<...> & Omit<...>): Element | null', gave the following error.
    Property 'component' is missing in type '{ children: Element; size: { xs: number; }; sm: number; }' but required in type '{ component: ElementType<any, keyof IntrinsicElements>; }'.
  Overload 2 of 2, '(props: DefaultComponentProps<GridTypeMap<{}, "div">>): Element | null', gave the following error.
    Type '{ children: Element; size: { xs: number; }; sm: number; }' is not assignable to type 'IntrinsicAttributes & GridBaseProps & { sx?: SxProps<Theme> | undefined; } & SystemProps<Theme> & Omit<...>'.
      Property 'sm' does not exist on type 'IntrinsicAttributes & GridBaseProps & { sx?: SxProps<Theme> | undefined; } & SystemProps<Theme> & Omit<...>'.
    143 |                             </Box>
    144 |                         </Grid>
  > 145 |                         <Grid size={{ xs: 12 }} sm={4}>
        |                         ^^^^^^^^^^^^^^^^^^^^^^^^^^^^^^^
    146 |                             <Button
    147 |                                 variant="contained"
    148 |                                 fullWidth

ERROR in src/components/Security/SecurityAnalyticsPanel.tsx:320:25
TS2769: No overload matches this call.
  Overload 1 of 2, '(props: { component: ElementType<any, keyof IntrinsicElements>; } & GridBaseProps & { sx?: SxProps<Theme> | undefined; } & SystemProps<...> & Omit<...>): Element | null', gave the following error.
    Property 'component' is missing in type '{ children: Element[]; size: { xs: number; }; sm: number; }' but required in type '{ component: ElementType<any, keyof IntrinsicElements>; }'.
  Overload 2 of 2, '(props: DefaultComponentProps<GridTypeMap<{}, "div">>): Element | null', gave the following error.
    Type '{ children: Element[]; size: { xs: number; }; sm: number; }' is not assignable to type 'IntrinsicAttributes & GridBaseProps & { sx?: SxProps<Theme> | undefined; } & SystemProps<Theme> & Omit<...>'.
      Property 'sm' does not exist on type 'IntrinsicAttributes & GridBaseProps & { sx?: SxProps<Theme> | undefined; } & SystemProps<Theme> & Omit<...>'.
    318 |                     </Typography>
    319 |                     <Grid container spacing={2}>
  > 320 |                         <Grid size={{ xs: 12 }} sm={4}>
        |                         ^^^^^^^^^^^^^^^^^^^^^^^^^^^^^^^
    321 |                             <Typography variant="body2" color="text.secondary">
    322 |                                 총 알림 수
    323 |                             </Typography>

ERROR in src/components/Security/SecurityAnalyticsPanel.tsx:326:25
TS2769: No overload matches this call.
  Overload 1 of 2, '(props: { component: ElementType<any, keyof IntrinsicElements>; } & GridBaseProps & { sx?: SxProps<Theme> | undefined; } & SystemProps<...> & Omit<...>): Element | null', gave the following error.
    Property 'component' is missing in type '{ children: Element[]; size: { xs: number; }; sm: number; }' but required in type '{ component: ElementType<any, keyof IntrinsicElements>; }'.
  Overload 2 of 2, '(props: DefaultComponentProps<GridTypeMap<{}, "div">>): Element | null', gave the following error.
    Type '{ children: Element[]; size: { xs: number; }; sm: number; }' is not assignable to type 'IntrinsicAttributes & GridBaseProps & { sx?: SxProps<Theme> | undefined; } & SystemProps<Theme> & Omit<...>'.
      Property 'sm' does not exist on type 'IntrinsicAttributes & GridBaseProps & { sx?: SxProps<Theme> | undefined; } & SystemProps<Theme> & Omit<...>'.
    324 |                             <Typography variant="h4">{statistics.alerts.total}</Typography>
    325 |                         </Grid>
  > 326 |                         <Grid size={{ xs: 12 }} sm={4}>
        |                         ^^^^^^^^^^^^^^^^^^^^^^^^^^^^^^^
    327 |                             <Typography variant="body2" color="text.secondary">
    328 |                                 미확인 알림
    329 |                             </Typography>

ERROR in src/components/Security/SecurityAnalyticsPanel.tsx:334:25
TS2769: No overload matches this call.
  Overload 1 of 2, '(props: { component: ElementType<any, keyof IntrinsicElements>; } & GridBaseProps & { sx?: SxProps<Theme> | undefined; } & SystemProps<...> & Omit<...>): Element | null', gave the following error.
    Property 'component' is missing in type '{ children: Element[]; size: { xs: number; }; sm: number; }' but required in type '{ component: ElementType<any, keyof IntrinsicElements>; }'.
  Overload 2 of 2, '(props: DefaultComponentProps<GridTypeMap<{}, "div">>): Element | null', gave the following error.
    Type '{ children: Element[]; size: { xs: number; }; sm: number; }' is not assignable to type 'IntrinsicAttributes & GridBaseProps & { sx?: SxProps<Theme> | undefined; } & SystemProps<Theme> & Omit<...>'.
      Property 'sm' does not exist on type 'IntrinsicAttributes & GridBaseProps & { sx?: SxProps<Theme> | undefined; } & SystemProps<Theme> & Omit<...>'.
    332 |                             </Typography>
    333 |                         </Grid>
  > 334 |                         <Grid size={{ xs: 12 }} sm={4}>
        |                         ^^^^^^^^^^^^^^^^^^^^^^^^^^^^^^^
    335 |                             <Typography variant="body2" color="text.secondary">
    336 |                                 심각도별 분포
    337 |                             </Typography>

ERROR in src/components/Security/SecurityAutomationPanel.tsx:103:17
TS2322: Type '{ type: "event" | "threat" | "alert" | "metric"; condition: string; severity?: "medium" | "low" | "high" | "critical" | undefined; }' is not assignable to type '{ type: "event" | "threat" | "alert" | "metric"; condition: string; severity: "medium" | "low" | "high" | "critical"; }'.
  Types of property 'severity' are incompatible.
    Type '"medium" | "low" | "high" | "critical" | undefined' is not assignable to type '"medium" | "low" | "high" | "critical"'.
      Type 'undefined' is not assignable to type '"medium" | "low" | "high" | "critical"'.
    101 |                 name: rule.name,
    102 |                 description: rule.description,
  > 103 |                 trigger: rule.trigger,
        |                 ^^^^^^^
    104 |                 actions: rule.actions,
    105 |                 enabled: rule.enabled,
    106 |             });

ERROR in src/services/aiHealthMonitor.ts:53:14
TS2300: Duplicate identifier 'AIHealthMonitor'.
    51 |
    52 | // AI 시스템 헬스 모니터 클래스
  > 53 | export class AIHealthMonitor extends EventEmitter {
       |              ^^^^^^^^^^^^^^^
    54 |     private services: Map<string, ServiceHealth> = new Map();
    55 |     private thresholds: Map<string, HealthThreshold> = new Map();
    56 |     private healthHistory: Map<string, HealthCheckResult[]> = new Map();

Compiling...
Compiled successfully!
webpack compiled successfully
ERROR in src/components/AnalyticsDashboard.tsx:42:16
TS7009: 'new' expression, whose target lacks a construct signature, implicitly has an 'any' type.
    40 |     } catch {
    41 |         // 최후의 수단
  > 42 |         return new Error(String(err));
       |                ^^^^^^^^^^^^^^^^^^^^^^
    43 |     }
    44 | };
    45 |

ERROR in src/components/AnalyticsDashboard.tsx:42:26
TS2769: No overload matches this call.
  Overload 1 of 2, '(props: { component: ElementType<any, keyof IntrinsicElements>; } & SvgIconOwnProps & CommonProps & Omit<any, "className" | ... 10 more ... | "viewBox">): Element | null', gave the following error.
    Argument of type 'string' is not assignable to parameter of type '{ component: ElementType<any, keyof IntrinsicElements>; } & SvgIconOwnProps & CommonProps & Omit<any, "className" | ... 10 more ... | "viewBox">'.
      Type 'string' is not assignable to type '{ component: ElementType<any, keyof IntrinsicElements>; }'.
  Overload 2 of 2, '(props: DefaultComponentProps<SvgIconTypeMap<{}, "svg">>): Element | null', gave the following error.
    Type 'string' has no properties in common with type 'DefaultComponentProps<SvgIconTypeMap<{}, "svg">>'.
    40 |     } catch {
    41 |         // 최후의 수단
  > 42 |         return new Error(String(err));
       |                          ^^^^^^^^^^^
    43 |     }
    44 | };
    45 |

ERROR in src/components/PWAInstallPrompt.tsx:299:24
TS2322: Type '{ children: Element[]; component: string; sx: { border: "none"; p: number; }; "aria-label": string; }' is not assignable to type 'IntrinsicAttributes & DialogActionsProps'.
  Property 'component' does not exist on type 'IntrinsicAttributes & DialogActionsProps'.
    297 |           </Alert>
    298 |         </DialogContent>
  > 299 |         <DialogActions component="fieldset" sx={{ border: 'none', p: 0 }} aria-label="업데이트 액션">
        |                        ^^^^^^^^^
    300 |           <Button 
    301 |             onClick={() => setShowUpdateDialog(false)}
    302 |             aria-label="업데이트 다이얼로그 닫기"

ERROR in src/components/RealEstate/ApartmentCommunityAnalysisDashboard.tsx:524:25
TS2769: No overload matches this call.
  Overload 1 of 2, '(props: { component: ElementType<any, keyof IntrinsicElements>; } & GridBaseProps & { sx?: SxProps<Theme> | undefined; } & SystemProps<...> & Omit<...>): Element | null', gave the following error.
    Property 'component' is missing in type '{ children: Element; item: true; xs: number; }' but required in type '{ component: ElementType<any, keyof IntrinsicElements>; }'.
  Overload 2 of 2, '(props: DefaultComponentProps<GridTypeMap<{}, "div">>): Element | null', gave the following error.
    Type '{ children: Element; item: true; xs: number; }' is not assignable to type 'IntrinsicAttributes & GridBaseProps & { sx?: SxProps<Theme> | undefined; } & SystemProps<Theme> & Omit<...>'.
      Property 'item' does not exist on type 'IntrinsicAttributes & GridBaseProps & { sx?: SxProps<Theme> | undefined; } & SystemProps<Theme> & Omit<...>'.
    522 |                             </Card>
    523 |                         </Grid>
  > 524 |                         <Grid item xs={12}>
        |                         ^^^^^^^^^^^^^^^^^^^
    525 |                             <Card>
    526 |                                 <CardContent>
    527 |                                     <Typography variant="h6" gutterBottom>

ERROR in src/components/Security/AdvancedSecurityPanel.tsx:789:53
TS2367: This comparison appears to be unintentional because the types '"enabled" | "disabled"' and '""' have no overlap.
    787 |                                 value={policyFilter.enabled === undefined ? '' : policyFilter.enabled ? 'enabled' : 'disabled'}
    788 |                                 onChange={(e) => {
  > 789 |                                     const enabled = e.target.value === '' ? undefined : e.target.value === 'enabled';
        |                                                     ^^^^^^^^^^^^^^^^^^^^^
    790 |                                     handlePolicyFilterChange(policyFilter.type, enabled, policyFilter.search);
    791 |                                 }}
    792 |                                 label="상태"

ERROR in src/components/Security/SecurityAnalyticsPanel.tsx:105:25
TS2769: No overload matches this call.
  Overload 1 of 2, '(props: { component: ElementType<any, keyof IntrinsicElements>; } & GridBaseProps & { sx?: SxProps<Theme> | undefined; } & SystemProps<...> & Omit<...>): Element | null', gave the following error.
    Property 'component' is missing in type '{ children: Element; size: { xs: number; }; sm: number; }' but required in type '{ component: ElementType<any, keyof IntrinsicElements>; }'.
  Overload 2 of 2, '(props: DefaultComponentProps<GridTypeMap<{}, "div">>): Element | null', gave the following error.
    Type '{ children: Element; size: { xs: number; }; sm: number; }' is not assignable to type 'IntrinsicAttributes & GridBaseProps & { sx?: SxProps<Theme> | undefined; } & SystemProps<Theme> & Omit<...>'.
      Property 'sm' does not exist on type 'IntrinsicAttributes & GridBaseProps & { sx?: SxProps<Theme> | undefined; } & SystemProps<Theme> & Omit<...>'.
    103 |                 <CardContent>
    104 |                     <Grid container spacing={2} alignItems="center">
  > 105 |                         <Grid size={{ xs: 12 }} sm={4}>
        |                         ^^^^^^^^^^^^^^^^^^^^^^^^^^^^^^^
    106 |                             <Box>
    107 |                                 <Typography variant="body2" sx={{ mb: 1 }}>
    108 |                                     시작 날짜

ERROR in src/components/Security/SecurityAnalyticsPanel.tsx:125:25
TS2769: No overload matches this call.
  Overload 1 of 2, '(props: { component: ElementType<any, keyof IntrinsicElements>; } & GridBaseProps & { sx?: SxProps<Theme> | undefined; } & SystemProps<...> & Omit<...>): Element | null', gave the following error.
    Property 'component' is missing in type '{ children: Element; size: { xs: number; }; sm: number; }' but required in type '{ component: ElementType<any, keyof IntrinsicElements>; }'.
  Overload 2 of 2, '(props: DefaultComponentProps<GridTypeMap<{}, "div">>): Element | null', gave the following error.
    Type '{ children: Element; size: { xs: number; }; sm: number; }' is not assignable to type 'IntrinsicAttributes & GridBaseProps & { sx?: SxProps<Theme> | undefined; } & SystemProps<Theme> & Omit<...>'.
      Property 'sm' does not exist on type 'IntrinsicAttributes & GridBaseProps & { sx?: SxProps<Theme> | undefined; } & SystemProps<Theme> & Omit<...>'.
    123 |                             </Box>
    124 |                         </Grid>
  > 125 |                         <Grid size={{ xs: 12 }} sm={4}>
        |                         ^^^^^^^^^^^^^^^^^^^^^^^^^^^^^^^
    126 |                             <Box>
    127 |                                 <Typography variant="body2" sx={{ mb: 1 }}>
    128 |                                     종료 날짜

ERROR in src/components/Security/SecurityAnalyticsPanel.tsx:145:25
TS2769: No overload matches this call.
  Overload 1 of 2, '(props: { component: ElementType<any, keyof IntrinsicElements>; } & GridBaseProps & { sx?: SxProps<Theme> | undefined; } & SystemProps<...> & Omit<...>): Element | null', gave the following error.
    Property 'component' is missing in type '{ children: Element; size: { xs: number; }; sm: number; }' but required in type '{ component: ElementType<any, keyof IntrinsicElements>; }'.
  Overload 2 of 2, '(props: DefaultComponentProps<GridTypeMap<{}, "div">>): Element | null', gave the following error.
    Type '{ children: Element; size: { xs: number; }; sm: number; }' is not assignable to type 'IntrinsicAttributes & GridBaseProps & { sx?: SxProps<Theme> | undefined; } & SystemProps<Theme> & Omit<...>'.
      Property 'sm' does not exist on type 'IntrinsicAttributes & GridBaseProps & { sx?: SxProps<Theme> | undefined; } & SystemProps<Theme> & Omit<...>'.
    143 |                             </Box>
    144 |                         </Grid>
  > 145 |                         <Grid size={{ xs: 12 }} sm={4}>
        |                         ^^^^^^^^^^^^^^^^^^^^^^^^^^^^^^^
    146 |                             <Button
    147 |                                 variant="contained"
    148 |                                 fullWidth

ERROR in src/components/Security/SecurityAnalyticsPanel.tsx:320:25
TS2769: No overload matches this call.
  Overload 1 of 2, '(props: { component: ElementType<any, keyof IntrinsicElements>; } & GridBaseProps & { sx?: SxProps<Theme> | undefined; } & SystemProps<...> & Omit<...>): Element | null', gave the following error.
    Property 'component' is missing in type '{ children: Element[]; size: { xs: number; }; sm: number; }' but required in type '{ component: ElementType<any, keyof IntrinsicElements>; }'.
  Overload 2 of 2, '(props: DefaultComponentProps<GridTypeMap<{}, "div">>): Element | null', gave the following error.
    Type '{ children: Element[]; size: { xs: number; }; sm: number; }' is not assignable to type 'IntrinsicAttributes & GridBaseProps & { sx?: SxProps<Theme> | undefined; } & SystemProps<Theme> & Omit<...>'.
      Property 'sm' does not exist on type 'IntrinsicAttributes & GridBaseProps & { sx?: SxProps<Theme> | undefined; } & SystemProps<Theme> & Omit<...>'.
    318 |                     </Typography>
    319 |                     <Grid container spacing={2}>
  > 320 |                         <Grid size={{ xs: 12 }} sm={4}>
        |                         ^^^^^^^^^^^^^^^^^^^^^^^^^^^^^^^
    321 |                             <Typography variant="body2" color="text.secondary">
    322 |                                 총 알림 수
    323 |                             </Typography>

ERROR in src/components/Security/SecurityAnalyticsPanel.tsx:326:25
TS2769: No overload matches this call.
  Overload 1 of 2, '(props: { component: ElementType<any, keyof IntrinsicElements>; } & GridBaseProps & { sx?: SxProps<Theme> | undefined; } & SystemProps<...> & Omit<...>): Element | null', gave the following error.
    Property 'component' is missing in type '{ children: Element[]; size: { xs: number; }; sm: number; }' but required in type '{ component: ElementType<any, keyof IntrinsicElements>; }'.
  Overload 2 of 2, '(props: DefaultComponentProps<GridTypeMap<{}, "div">>): Element | null', gave the following error.
    Type '{ children: Element[]; size: { xs: number; }; sm: number; }' is not assignable to type 'IntrinsicAttributes & GridBaseProps & { sx?: SxProps<Theme> | undefined; } & SystemProps<Theme> & Omit<...>'.
      Property 'sm' does not exist on type 'IntrinsicAttributes & GridBaseProps & { sx?: SxProps<Theme> | undefined; } & SystemProps<Theme> & Omit<...>'.
    324 |                             <Typography variant="h4">{statistics.alerts.total}</Typography>
    325 |                         </Grid>
  > 326 |                         <Grid size={{ xs: 12 }} sm={4}>
        |                         ^^^^^^^^^^^^^^^^^^^^^^^^^^^^^^^
    327 |                             <Typography variant="body2" color="text.secondary">
    328 |                                 미확인 알림
    329 |                             </Typography>

ERROR in src/components/Security/SecurityAnalyticsPanel.tsx:334:25
TS2769: No overload matches this call.
  Overload 1 of 2, '(props: { component: ElementType<any, keyof IntrinsicElements>; } & GridBaseProps & { sx?: SxProps<Theme> | undefined; } & SystemProps<...> & Omit<...>): Element | null', gave the following error.
    Property 'component' is missing in type '{ children: Element[]; size: { xs: number; }; sm: number; }' but required in type '{ component: ElementType<any, keyof IntrinsicElements>; }'.
  Overload 2 of 2, '(props: DefaultComponentProps<GridTypeMap<{}, "div">>): Element | null', gave the following error.
    Type '{ children: Element[]; size: { xs: number; }; sm: number; }' is not assignable to type 'IntrinsicAttributes & GridBaseProps & { sx?: SxProps<Theme> | undefined; } & SystemProps<Theme> & Omit<...>'.
      Property 'sm' does not exist on type 'IntrinsicAttributes & GridBaseProps & { sx?: SxProps<Theme> | undefined; } & SystemProps<Theme> & Omit<...>'.
    332 |                             </Typography>
    333 |                         </Grid>
  > 334 |                         <Grid size={{ xs: 12 }} sm={4}>
        |                         ^^^^^^^^^^^^^^^^^^^^^^^^^^^^^^^
    335 |                             <Typography variant="body2" color="text.secondary">
    336 |                                 심각도별 분포
    337 |                             </Typography>

ERROR in src/components/Security/SecurityAutomationPanel.tsx:103:17
TS2322: Type '{ type: "event" | "threat" | "alert" | "metric"; condition: string; severity?: "medium" | "low" | "high" | "critical" | undefined; }' is not assignable to type '{ type: "event" | "threat" | "alert" | "metric"; condition: string; severity: "medium" | "low" | "high" | "critical"; }'.
  Types of property 'severity' are incompatible.
    Type '"medium" | "low" | "high" | "critical" | undefined' is not assignable to type '"medium" | "low" | "high" | "critical"'.
      Type 'undefined' is not assignable to type '"medium" | "low" | "high" | "critical"'.
    101 |                 name: rule.name,
    102 |                 description: rule.description,
  > 103 |                 trigger: rule.trigger,
        |                 ^^^^^^^
    104 |                 actions: rule.actions,
    105 |                 enabled: rule.enabled,
    106 |             });

ERROR in src/services/aiHealthMonitor.ts:53:14
TS2300: Duplicate identifier 'AIHealthMonitor'.
    51 |
    52 | // AI 시스템 헬스 모니터 클래스
  > 53 | export class AIHealthMonitor extends EventEmitter {
       |              ^^^^^^^^^^^^^^^
    54 |     private services: Map<string, ServiceHealth> = new Map();
    55 |     private thresholds: Map<string, HealthThreshold> = new Map();
    56 |     private healthHistory: Map<string, HealthCheckResult[]> = new Map();

Compiling...
Compiled successfully!
webpack compiled successfully
Files successfully emitted, waiting for typecheck results...
Issues checking in progress...
ERROR in src/components/AnalyticsDashboard.tsx:42:16
TS7009: 'new' expression, whose target lacks a construct signature, implicitly has an 'any' type.
    40 |     } catch {
    41 |         // 최후의 수단
  > 42 |         return new Error(String(err));
       |                ^^^^^^^^^^^^^^^^^^^^^^
    43 |     }
    44 | };
    45 |

ERROR in src/components/AnalyticsDashboard.tsx:42:26
TS2769: No overload matches this call.
  Overload 1 of 2, '(props: { component: ElementType<any, keyof IntrinsicElements>; } & SvgIconOwnProps & CommonProps & Omit<any, "className" | ... 10 more ... | "viewBox">): Element | null', gave the following error.
    Argument of type 'string' is not assignable to parameter of type '{ component: ElementType<any, keyof IntrinsicElements>; } & SvgIconOwnProps & CommonProps & Omit<any, "className" | ... 10 more ... | "viewBox">'.
      Type 'string' is not assignable to type '{ component: ElementType<any, keyof IntrinsicElements>; }'.
  Overload 2 of 2, '(props: DefaultComponentProps<SvgIconTypeMap<{}, "svg">>): Element | null', gave the following error.
    Type 'string' has no properties in common with type 'DefaultComponentProps<SvgIconTypeMap<{}, "svg">>'.
    40 |     } catch {
    41 |         // 최후의 수단
  > 42 |         return new Error(String(err));
       |                          ^^^^^^^^^^^
    43 |     }
    44 | };
    45 |

ERROR in src/components/PWAInstallPrompt.tsx:299:24
TS2322: Type '{ children: Element[]; component: string; sx: { border: "none"; p: number; }; "aria-label": string; }' is not assignable to type 'IntrinsicAttributes & DialogActionsProps'.
  Property 'component' does not exist on type 'IntrinsicAttributes & DialogActionsProps'.
    297 |           </Alert>
    298 |         </DialogContent>
  > 299 |         <DialogActions component="fieldset" sx={{ border: 'none', p: 0 }} aria-label="업데이트 액션">
        |                        ^^^^^^^^^
    300 |           <Button 
    301 |             onClick={() => setShowUpdateDialog(false)}
    302 |             aria-label="업데이트 다이얼로그 닫기"

ERROR in src/components/RealEstate/ApartmentCommunityAnalysisDashboard.tsx:524:25
TS2769: No overload matches this call.
  Overload 1 of 2, '(props: { component: ElementType<any, keyof IntrinsicElements>; } & GridBaseProps & { sx?: SxProps<Theme> | undefined; } & SystemProps<...> & Omit<...>): Element | null', gave the following error.
    Property 'component' is missing in type '{ children: Element; item: true; xs: number; }' but required in type '{ component: ElementType<any, keyof IntrinsicElements>; }'.
  Overload 2 of 2, '(props: DefaultComponentProps<GridTypeMap<{}, "div">>): Element | null', gave the following error.
    Type '{ children: Element; item: true; xs: number; }' is not assignable to type 'IntrinsicAttributes & GridBaseProps & { sx?: SxProps<Theme> | undefined; } & SystemProps<Theme> & Omit<...>'.
      Property 'item' does not exist on type 'IntrinsicAttributes & GridBaseProps & { sx?: SxProps<Theme> | undefined; } & SystemProps<Theme> & Omit<...>'.
    522 |                             </Card>
    523 |                         </Grid>
  > 524 |                         <Grid item xs={12}>
        |                         ^^^^^^^^^^^^^^^^^^^
    525 |                             <Card>
    526 |                                 <CardContent>
    527 |                                     <Typography variant="h6" gutterBottom>

ERROR in src/components/Security/AdvancedSecurityPanel.tsx:789:53
TS2367: This comparison appears to be unintentional because the types '"enabled" | "disabled"' and '""' have no overlap.
    787 |                                 value={policyFilter.enabled === undefined ? '' : policyFilter.enabled ? 'enabled' : 'disabled'}
    788 |                                 onChange={(e) => {
  > 789 |                                     const enabled = e.target.value === '' ? undefined : e.target.value === 'enabled';
        |                                                     ^^^^^^^^^^^^^^^^^^^^^
    790 |                                     handlePolicyFilterChange(policyFilter.type, enabled, policyFilter.search);
    791 |                                 }}
    792 |                                 label="상태"

ERROR in src/components/Security/SecurityAutomationPanel.tsx:103:17
TS2322: Type '{ type: "event" | "threat" | "alert" | "metric"; condition: string; severity?: "medium" | "low" | "high" | "critical" | undefined; }' is not assignable to type '{ type: "event" | "threat" | "alert" | "metric"; condition: string; severity: "medium" | "low" | "high" | "critical"; }'.
  Types of property 'severity' are incompatible.
    Type '"medium" | "low" | "high" | "critical" | undefined' is not assignable to type '"medium" | "low" | "high" | "critical"'.
      Type 'undefined' is not assignable to type '"medium" | "low" | "high" | "critical"'.
    101 |                 name: rule.name,
    102 |                 description: rule.description,
  > 103 |                 trigger: rule.trigger,
        |                 ^^^^^^^
    104 |                 actions: rule.actions,
    105 |                 enabled: rule.enabled,
    106 |             });

ERROR in src/services/aiHealthMonitor.ts:53:14
TS2300: Duplicate identifier 'AIHealthMonitor'.
    51 |
    52 | // AI 시스템 헬스 모니터 클래스
  > 53 | export class AIHealthMonitor extends EventEmitter {
       |              ^^^^^^^^^^^^^^^
    54 |     private services: Map<string, ServiceHealth> = new Map();
    55 |     private thresholds: Map<string, HealthThreshold> = new Map();
    56 |     private healthHistory: Map<string, HealthCheckResult[]> = new Map();

Compiling...
Compiled successfully!
webpack compiled successfully
ERROR in src/components/AnalyticsDashboard.tsx:42:16
TS7009: 'new' expression, whose target lacks a construct signature, implicitly has an 'any' type.
    40 |     } catch {
    41 |         // 최후의 수단
  > 42 |         return new Error(String(err));
       |                ^^^^^^^^^^^^^^^^^^^^^^
    43 |     }
    44 | };
    45 |

ERROR in src/components/AnalyticsDashboard.tsx:42:26
TS2769: No overload matches this call.
  Overload 1 of 2, '(props: { component: ElementType<any, keyof IntrinsicElements>; } & SvgIconOwnProps & CommonProps & Omit<any, "className" | ... 10 more ... | "viewBox">): Element | null', gave the following error.
    Argument of type 'string' is not assignable to parameter of type '{ component: ElementType<any, keyof IntrinsicElements>; } & SvgIconOwnProps & CommonProps & Omit<any, "className" | ... 10 more ... | "viewBox">'.
      Type 'string' is not assignable to type '{ component: ElementType<any, keyof IntrinsicElements>; }'.
  Overload 2 of 2, '(props: DefaultComponentProps<SvgIconTypeMap<{}, "svg">>): Element | null', gave the following error.
    Type 'string' has no properties in common with type 'DefaultComponentProps<SvgIconTypeMap<{}, "svg">>'.
    40 |     } catch {
    41 |         // 최후의 수단
  > 42 |         return new Error(String(err));
       |                          ^^^^^^^^^^^
    43 |     }
    44 | };
    45 |

ERROR in src/components/PWAInstallPrompt.tsx:299:24
TS2322: Type '{ children: Element[]; component: string; sx: { border: "none"; p: number; }; "aria-label": string; }' is not assignable to type 'IntrinsicAttributes & DialogActionsProps'.
  Property 'component' does not exist on type 'IntrinsicAttributes & DialogActionsProps'.
    297 |           </Alert>
    298 |         </DialogContent>
  > 299 |         <DialogActions component="fieldset" sx={{ border: 'none', p: 0 }} aria-label="업데이트 액션">
        |                        ^^^^^^^^^
    300 |           <Button 
    301 |             onClick={() => setShowUpdateDialog(false)}
    302 |             aria-label="업데이트 다이얼로그 닫기"

ERROR in src/components/RealEstate/ApartmentCommunityAnalysisDashboard.tsx:524:25
TS2769: No overload matches this call.
  Overload 1 of 2, '(props: { component: ElementType<any, keyof IntrinsicElements>; } & GridBaseProps & { sx?: SxProps<Theme> | undefined; } & SystemProps<...> & Omit<...>): Element | null', gave the following error.
    Property 'component' is missing in type '{ children: Element; item: true; xs: number; }' but required in type '{ component: ElementType<any, keyof IntrinsicElements>; }'.
  Overload 2 of 2, '(props: DefaultComponentProps<GridTypeMap<{}, "div">>): Element | null', gave the following error.
    Type '{ children: Element; item: true; xs: number; }' is not assignable to type 'IntrinsicAttributes & GridBaseProps & { sx?: SxProps<Theme> | undefined; } & SystemProps<Theme> & Omit<...>'.
      Property 'item' does not exist on type 'IntrinsicAttributes & GridBaseProps & { sx?: SxProps<Theme> | undefined; } & SystemProps<Theme> & Omit<...>'.
    522 |                             </Card>
    523 |                         </Grid>
  > 524 |                         <Grid item xs={12}>
        |                         ^^^^^^^^^^^^^^^^^^^
    525 |                             <Card>
    526 |                                 <CardContent>
    527 |                                     <Typography variant="h6" gutterBottom>

ERROR in src/components/Security/AdvancedSecurityPanel.tsx:789:53
TS2367: This comparison appears to be unintentional because the types '"enabled" | "disabled"' and '""' have no overlap.
    787 |                                 value={policyFilter.enabled === undefined ? '' : policyFilter.enabled ? 'enabled' : 'disabled'}
    788 |                                 onChange={(e) => {
  > 789 |                                     const enabled = e.target.value === '' ? undefined : e.target.value === 'enabled';
        |                                                     ^^^^^^^^^^^^^^^^^^^^^
    790 |                                     handlePolicyFilterChange(policyFilter.type, enabled, policyFilter.search);
    791 |                                 }}
    792 |                                 label="상태"

ERROR in src/components/Security/SecurityAutomationPanel.tsx:103:17
TS2322: Type '{ type: "event" | "threat" | "alert" | "metric"; condition: string; severity?: "medium" | "low" | "high" | "critical" | undefined; }' is not assignable to type '{ type: "event" | "threat" | "alert" | "metric"; condition: string; severity: "medium" | "low" | "high" | "critical"; }'.
  Types of property 'severity' are incompatible.
    Type '"medium" | "low" | "high" | "critical" | undefined' is not assignable to type '"medium" | "low" | "high" | "critical"'.
      Type 'undefined' is not assignable to type '"medium" | "low" | "high" | "critical"'.
    101 |                 name: rule.name,
    102 |                 description: rule.description,
  > 103 |                 trigger: rule.trigger,
        |                 ^^^^^^^
    104 |                 actions: rule.actions,
    105 |                 enabled: rule.enabled,
    106 |             });

ERROR in src/services/aiHealthMonitor.ts:53:14
TS2300: Duplicate identifier 'AIHealthMonitor'.
    51 |
    52 | // AI 시스템 헬스 모니터 클래스
  > 53 | export class AIHealthMonitor extends EventEmitter {
       |              ^^^^^^^^^^^^^^^
    54 |     private services: Map<string, ServiceHealth> = new Map();
    55 |     private thresholds: Map<string, HealthThreshold> = new Map();
    56 |     private healthHistory: Map<string, HealthCheckResult[]> = new Map();

Compiling...
Compiled successfully!
webpack compiled successfully
Files successfully emitted, waiting for typecheck results...
Issues checking in progress...
ERROR in src/components/AnalyticsDashboard.tsx:42:16
TS7009: 'new' expression, whose target lacks a construct signature, implicitly has an 'any' type.
    40 |     } catch {
    41 |         // 최후의 수단
  > 42 |         return new Error(String(err));
       |                ^^^^^^^^^^^^^^^^^^^^^^
    43 |     }
    44 | };
    45 |

ERROR in src/components/AnalyticsDashboard.tsx:42:26
TS2769: No overload matches this call.
  Overload 1 of 2, '(props: { component: ElementType<any, keyof IntrinsicElements>; } & SvgIconOwnProps & CommonProps & Omit<any, "className" | ... 10 more ... | "viewBox">): Element | null', gave the following error.
    Argument of type 'string' is not assignable to parameter of type '{ component: ElementType<any, keyof IntrinsicElements>; } & SvgIconOwnProps & CommonProps & Omit<any, "className" | ... 10 more ... | "viewBox">'.
      Type 'string' is not assignable to type '{ component: ElementType<any, keyof IntrinsicElements>; }'.
  Overload 2 of 2, '(props: DefaultComponentProps<SvgIconTypeMap<{}, "svg">>): Element | null', gave the following error.
    Type 'string' has no properties in common with type 'DefaultComponentProps<SvgIconTypeMap<{}, "svg">>'.
    40 |     } catch {
    41 |         // 최후의 수단
  > 42 |         return new Error(String(err));
       |                          ^^^^^^^^^^^
    43 |     }
    44 | };
    45 |

ERROR in src/components/PWAInstallPrompt.tsx:299:24
TS2322: Type '{ children: Element[]; component: string; sx: { border: "none"; p: number; }; "aria-label": string; }' is not assignable to type 'IntrinsicAttributes & DialogActionsProps'.
  Property 'component' does not exist on type 'IntrinsicAttributes & DialogActionsProps'.
    297 |           </Alert>
    298 |         </DialogContent>
  > 299 |         <DialogActions component="fieldset" sx={{ border: 'none', p: 0 }} aria-label="업데이트 액션">
        |                        ^^^^^^^^^
    300 |           <Button 
    301 |             onClick={() => setShowUpdateDialog(false)}
    302 |             aria-label="업데이트 다이얼로그 닫기"

ERROR in src/components/RealEstate/ApartmentCommunityAnalysisDashboard.tsx:524:25
TS2769: No overload matches this call.
  Overload 1 of 2, '(props: { component: ElementType<any, keyof IntrinsicElements>; } & GridBaseProps & { sx?: SxProps<Theme> | undefined; } & SystemProps<...> & Omit<...>): Element | null', gave the following error.
    Property 'component' is missing in type '{ children: Element; item: true; xs: number; }' but required in type '{ component: ElementType<any, keyof IntrinsicElements>; }'.
  Overload 2 of 2, '(props: DefaultComponentProps<GridTypeMap<{}, "div">>): Element | null', gave the following error.
    Type '{ children: Element; item: true; xs: number; }' is not assignable to type 'IntrinsicAttributes & GridBaseProps & { sx?: SxProps<Theme> | undefined; } & SystemProps<Theme> & Omit<...>'.
      Property 'item' does not exist on type 'IntrinsicAttributes & GridBaseProps & { sx?: SxProps<Theme> | undefined; } & SystemProps<Theme> & Omit<...>'.
    522 |                             </Card>
    523 |                         </Grid>
  > 524 |                         <Grid item xs={12}>
        |                         ^^^^^^^^^^^^^^^^^^^
    525 |                             <Card>
    526 |                                 <CardContent>
    527 |                                     <Typography variant="h6" gutterBottom>

ERROR in src/components/Security/AdvancedSecurityPanel.tsx:789:53
TS2367: This comparison appears to be unintentional because the types '"enabled" | "disabled"' and '""' have no overlap.
    787 |                                 value={policyFilter.enabled === undefined ? '' : policyFilter.enabled ? 'enabled' : 'disabled'}
    788 |                                 onChange={(e) => {
  > 789 |                                     const enabled = e.target.value === '' ? undefined : e.target.value === 'enabled';
        |                                                     ^^^^^^^^^^^^^^^^^^^^^
    790 |                                     handlePolicyFilterChange(policyFilter.type, enabled, policyFilter.search);
    791 |                                 }}
    792 |                                 label="상태"

ERROR in src/services/aiHealthMonitor.ts:53:14
TS2300: Duplicate identifier 'AIHealthMonitor'.
    51 |
    52 | // AI 시스템 헬스 모니터 클래스
  > 53 | export class AIHealthMonitor extends EventEmitter {
       |              ^^^^^^^^^^^^^^^
    54 |     private services: Map<string, ServiceHealth> = new Map();
    55 |     private thresholds: Map<string, HealthThreshold> = new Map();
    56 |     private healthHistory: Map<string, HealthCheckResult[]> = new Map();

Compiling...
Compiled successfully!
webpack compiled successfully
Files successfully emitted, waiting for typecheck results...
Issues checking in progress...
ERROR in src/components/AnalyticsDashboard.tsx:42:16
TS7009: 'new' expression, whose target lacks a construct signature, implicitly has an 'any' type.
    40 |     } catch {
    41 |         // 최후의 수단
  > 42 |         return new Error(String(err));
       |                ^^^^^^^^^^^^^^^^^^^^^^
    43 |     }
    44 | };
    45 |

ERROR in src/components/AnalyticsDashboard.tsx:42:26
TS2769: No overload matches this call.
  Overload 1 of 2, '(props: { component: ElementType<any, keyof IntrinsicElements>; } & SvgIconOwnProps & CommonProps & Omit<any, "className" | ... 10 more ... | "viewBox">): Element | null', gave the following error.
    Argument of type 'string' is not assignable to parameter of type '{ component: ElementType<any, keyof IntrinsicElements>; } & SvgIconOwnProps & CommonProps & Omit<any, "className" | ... 10 more ... | "viewBox">'.
      Type 'string' is not assignable to type '{ component: ElementType<any, keyof IntrinsicElements>; }'.
  Overload 2 of 2, '(props: DefaultComponentProps<SvgIconTypeMap<{}, "svg">>): Element | null', gave the following error.
    Type 'string' has no properties in common with type 'DefaultComponentProps<SvgIconTypeMap<{}, "svg">>'.
    40 |     } catch {
    41 |         // 최후의 수단
  > 42 |         return new Error(String(err));
       |                          ^^^^^^^^^^^
    43 |     }
    44 | };
    45 |

ERROR in src/components/PWAInstallPrompt.tsx:299:24
TS2322: Type '{ children: Element[]; component: string; sx: { border: "none"; p: number; }; "aria-label": string; }' is not assignable to type 'IntrinsicAttributes & DialogActionsProps'.
  Property 'component' does not exist on type 'IntrinsicAttributes & DialogActionsProps'.
    297 |           </Alert>
    298 |         </DialogContent>
  > 299 |         <DialogActions component="fieldset" sx={{ border: 'none', p: 0 }} aria-label="업데이트 액션">
        |                        ^^^^^^^^^
    300 |           <Button 
    301 |             onClick={() => setShowUpdateDialog(false)}
    302 |             aria-label="업데이트 다이얼로그 닫기"

ERROR in src/components/RealEstate/ApartmentCommunityAnalysisDashboard.tsx:524:25
TS2769: No overload matches this call.
  Overload 1 of 2, '(props: { component: ElementType<any, keyof IntrinsicElements>; } & GridBaseProps & { sx?: SxProps<Theme> | undefined; } & SystemProps<...> & Omit<...>): Element | null', gave the following error.
    Property 'component' is missing in type '{ children: Element; item: true; xs: number; }' but required in type '{ component: ElementType<any, keyof IntrinsicElements>; }'.
  Overload 2 of 2, '(props: DefaultComponentProps<GridTypeMap<{}, "div">>): Element | null', gave the following error.
    Type '{ children: Element; item: true; xs: number; }' is not assignable to type 'IntrinsicAttributes & GridBaseProps & { sx?: SxProps<Theme> | undefined; } & SystemProps<Theme> & Omit<...>'.
      Property 'item' does not exist on type 'IntrinsicAttributes & GridBaseProps & { sx?: SxProps<Theme> | undefined; } & SystemProps<Theme> & Omit<...>'.
    522 |                             </Card>
    523 |                         </Grid>
  > 524 |                         <Grid item xs={12}>
        |                         ^^^^^^^^^^^^^^^^^^^
    525 |                             <Card>
    526 |                                 <CardContent>
    527 |                                     <Typography variant="h6" gutterBottom>

ERROR in src/components/Security/AdvancedSecurityPanel.tsx:789:53
TS2367: This comparison appears to be unintentional because the types '"enabled" | "disabled"' and '""' have no overlap.
    787 |                                 value={policyFilter.enabled === undefined ? '' : policyFilter.enabled ? 'enabled' : 'disabled'}
    788 |                                 onChange={(e) => {
  > 789 |                                     const enabled = e.target.value === '' ? undefined : e.target.value === 'enabled';
        |                                                     ^^^^^^^^^^^^^^^^^^^^^
    790 |                                     handlePolicyFilterChange(policyFilter.type, enabled, policyFilter.search);
    791 |                                 }}
    792 |                                 label="상태"

ERROR in src/services/aiHealthMonitor.ts:53:14
TS2300: Duplicate identifier 'AIHealthMonitor'.
    51 |
    52 | // AI 시스템 헬스 모니터 클래스
  > 53 | export class AIHealthMonitor extends EventEmitter {
       |              ^^^^^^^^^^^^^^^
    54 |     private services: Map<string, ServiceHealth> = new Map();
    55 |     private thresholds: Map<string, HealthThreshold> = new Map();
    56 |     private healthHistory: Map<string, HealthCheckResult[]> = new Map();

